county_pid,owner,owner_group,situs_address,municipality,property_use,property_type,acres,total_value,touching_parcels,touching_parcels_not_county_owned,polaris_url
22351107,MECKLENBURG COUNTY,County government,BALLANTYNE GREEN DR CHARLOTTE NC,CHARLOTTE,OTHER COUNTY PROPERTY,"Public land, ROW & utility",9.750,305700,355,354,https://polaris3g.mecklenburgcountync.gov/?pid=22351107
17513496,MECKLENBURG COUNTY,County government,E WOODLAWN RD CHARLOTTE NC,CHARLOTTE,OTHER COUNTY PROPERTY,"Public land, ROW & utility",0.056,7000,237,237,https://polaris3g.mecklenburgcountync.gov/?pid=17513496
00502109,MECKLENBURG COUNTY,County government,18121 OLD STATESVILLE RD CORNELIUS NC,CORNELIUS,OTHER COUNTY PROPERTY,"Public land, ROW & utility",41.092,23045900,227,224,https://polaris3g.mecklenburgcountync.gov/?pid=00502109
15901145,MECKLENBURG COUNTY,County government,COLONNADE DR CHARLOTTE NC,CHARLOTTE,GREENWAY TRAIL,"Public land, ROW & utility",8.493,5593100,197,2,https://polaris3g.mecklenburgcountync.gov/?pid=15901145
12710C98,MECKLENBURG COUNTY,County government,616 CAVALIER CT CHARLOTTE NC,CHARLOTTE,OTHER COUNTY PROPERTY,"Public land, ROW & utility",3.543,0,196,4,https://polaris3g.mecklenburgcountync.gov/?pid=12710C98
12710C98,MECKLENBURG COUNTY,County government,612 CAVALIER CT CHARLOTTE NC,CHARLOTTE,OTHER COUNTY PROPERTY,"Public land, ROW & utility",3.543,0,196,4,https://polaris3g.mecklenburgcountync.gov/?pid=12710C98
12710C98,MECKLENBURG COUNTY,County government,606 CAVALIER CT CHARLOTTE NC,CHARLOTTE,OTHER COUNTY PROPERTY,"Public land, ROW & utility",3.543,0,196,4,https://polaris3g.mecklenburgcountync.gov/?pid=12710C98
12710C98,MECKLENBURG COUNTY,County government,600 CAVALIER CT CHARLOTTE NC,CHARLOTTE,OTHER COUNTY PROPERTY,"Public land, ROW & utility",3.543,0,196,4,https://polaris3g.mecklenburgcountync.gov/?pid=12710C98
12710C98,MECKLENBURG COUNTY,County government,3001 CHANTILLY LN CHARLOTTE NC,CHARLOTTE,OTHER COUNTY PROPERTY,"Public land, ROW & utility",3.543,0,196,4,https://polaris3g.mecklenburgcountync.gov/?pid=12710C98
12710C98,MECKLENBURG COUNTY,County government,3005 CHANTILLY LN CHARLOTTE NC,CHARLOTTE,OTHER COUNTY PROPERTY,"Public land, ROW & utility",3.543,0,196,4,https://polaris3g.mecklenburgcountync.gov/?pid=12710C98
12710C98,MECKLENBURG COUNTY,County government,612 CAVALIER CT CHARLOTTE NC,CHARLOTTE,OTHER COUNTY PROPERTY,"Public land, ROW & utility",3.543,0,196,4,https://polaris3g.mecklenburgcountync.gov/?pid=12710C98
12710C98,MECKLENBURG COUNTY,County government,606 CAVALIER CT CHARLOTTE NC,CHARLOTTE,OTHER COUNTY PROPERTY,"Public land, ROW & utility",3.543,0,196,4,https://polaris3g.mecklenburgcountync.gov/?pid=12710C98
12710C98,MECKLENBURG COUNTY,County government,600 CAVALIER CT CHARLOTTE NC,CHARLOTTE,OTHER COUNTY PROPERTY,"Public land, ROW & utility",3.543,0,196,4,https://polaris3g.mecklenburgcountync.gov/?pid=12710C98
12710C98,MECKLENBURG COUNTY,County government,3001 CHANTILLY LN CHARLOTTE NC,CHARLOTTE,OTHER COUNTY PROPERTY,"Public land, ROW & utility",3.543,0,196,4,https://polaris3g.mecklenburgcountync.gov/?pid=12710C98
12710C98,MECKLENBURG COUNTY,County government,616 CAVALIER CT CHARLOTTE NC,CHARLOTTE,OTHER COUNTY PROPERTY,"Public land, ROW & utility",3.543,0,196,4,https://polaris3g.mecklenburgcountync.gov/?pid=12710C98
12710C98,MECKLENBURG COUNTY,County government,612 CAVALIER CT CHARLOTTE NC,CHARLOTTE,OTHER COUNTY PROPERTY,"Public land, ROW & utility",3.543,0,196,4,https://polaris3g.mecklenburgcountync.gov/?pid=12710C98
12710C98,MECKLENBURG COUNTY,County government,606 CAVALIER CT CHARLOTTE NC,CHARLOTTE,OTHER COUNTY PROPERTY,"Public land, ROW & utility",3.543,0,196,4,https://polaris3g.mecklenburgcountync.gov/?pid=12710C98
12710C98,MECKLENBURG COUNTY,County government,606 CAVALIER CT CHARLOTTE NC,CHARLOTTE,OTHER COUNTY PROPERTY,"Public land, ROW & utility",3.543,0,196,4,https://polaris3g.mecklenburgcountync.gov/?pid=12710C98
12710C98,MECKLENBURG COUNTY,County government,600 CAVALIER CT CHARLOTTE NC,CHARLOTTE,OTHER COUNTY PROPERTY,"Public land, ROW & utility",3.543,0,196,4,https://polaris3g.mecklenburgcountync.gov/?pid=12710C98
12710C98,MECKLENBURG COUNTY,County government,3001 CHANTILLY LN CHARLOTTE NC,CHARLOTTE,OTHER COUNTY PROPERTY,"Public land, ROW & utility",3.543,0,196,4,https://polaris3g.mecklenburgcountync.gov/?pid=12710C98
12710C98,MECKLENBURG COUNTY,County government,3005 CHANTILLY LN CHARLOTTE NC,CHARLOTTE,OTHER COUNTY PROPERTY,"Public land, ROW & utility",3.543,0,196,4,https://polaris3g.mecklenburgcountync.gov/?pid=12710C98
12710C98,MECKLENBURG COUNTY,County government,3005 CHANTILLY LN CHARLOTTE NC,CHARLOTTE,OTHER COUNTY PROPERTY,"Public land, ROW & utility",3.543,0,196,4,https://polaris3g.mecklenburgcountync.gov/?pid=12710C98
12710C98,MECKLENBURG COUNTY,County government,616 CAVALIER CT CHARLOTTE NC,CHARLOTTE,OTHER COUNTY PROPERTY,"Public land, ROW & utility",3.543,0,196,4,https://polaris3g.mecklenburgcountync.gov/?pid=12710C98
12710C98,MECKLENBURG COUNTY,County government,616 CAVALIER CT CHARLOTTE NC,CHARLOTTE,OTHER COUNTY PROPERTY,"Public land, ROW & utility",3.543,0,196,4,https://polaris3g.mecklenburgcountync.gov/?pid=12710C98
12710C98,MECKLENBURG COUNTY,County government,612 CAVALIER CT CHARLOTTE NC,CHARLOTTE,OTHER COUNTY PROPERTY,"Public land, ROW & utility",3.543,0,196,4,https://polaris3g.mecklenburgcountync.gov/?pid=12710C98
12710C98,MECKLENBURG COUNTY,County government,612 CAVALIER CT CHARLOTTE NC,CHARLOTTE,OTHER COUNTY PROPERTY,"Public land, ROW & utility",3.543,0,196,4,https://polaris3g.mecklenburgcountync.gov/?pid=12710C98
12710C98,MECKLENBURG COUNTY,County government,3001 CHANTILLY LN CHARLOTTE NC,CHARLOTTE,OTHER COUNTY PROPERTY,"Public land, ROW & utility",3.543,0,196,4,https://polaris3g.mecklenburgcountync.gov/?pid=12710C98
12710C98,MECKLENBURG COUNTY,County government,3001 CHANTILLY LN CHARLOTTE NC,CHARLOTTE,OTHER COUNTY PROPERTY,"Public land, ROW & utility",3.543,0,196,4,https://polaris3g.mecklenburgcountync.gov/?pid=12710C98
12710C98,MECKLENBURG COUNTY,County government,3005 CHANTILLY LN CHARLOTTE NC,CHARLOTTE,OTHER COUNTY PROPERTY,"Public land, ROW & utility",3.543,0,196,4,https://polaris3g.mecklenburgcountync.gov/?pid=12710C98
12710C98,MECKLENBURG COUNTY,County government,3005 CHANTILLY LN CHARLOTTE NC,CHARLOTTE,OTHER COUNTY PROPERTY,"Public land, ROW & utility",3.543,0,196,4,https://polaris3g.mecklenburgcountync.gov/?pid=12710C98
12710C98,MECKLENBURG COUNTY,County government,606 CAVALIER CT CHARLOTTE NC,CHARLOTTE,OTHER COUNTY PROPERTY,"Public land, ROW & utility",3.543,0,196,4,https://polaris3g.mecklenburgcountync.gov/?pid=12710C98
12710C98,MECKLENBURG COUNTY,County government,606 CAVALIER CT CHARLOTTE NC,CHARLOTTE,OTHER COUNTY PROPERTY,"Public land, ROW & utility",3.543,0,196,4,https://polaris3g.mecklenburgcountync.gov/?pid=12710C98
12710C98,MECKLENBURG COUNTY,County government,600 CAVALIER CT CHARLOTTE NC,CHARLOTTE,OTHER COUNTY PROPERTY,"Public land, ROW & utility",3.543,0,196,4,https://polaris3g.mecklenburgcountync.gov/?pid=12710C98
12710C98,MECKLENBURG COUNTY,County government,600 CAVALIER CT CHARLOTTE NC,CHARLOTTE,OTHER COUNTY PROPERTY,"Public land, ROW & utility",3.543,0,196,4,https://polaris3g.mecklenburgcountync.gov/?pid=12710C98
12710C98,MECKLENBURG COUNTY,County government,616 CAVALIER CT CHARLOTTE NC,CHARLOTTE,OTHER COUNTY PROPERTY,"Public land, ROW & utility",3.543,0,196,4,https://polaris3g.mecklenburgcountync.gov/?pid=12710C98
12710C98,MECKLENBURG COUNTY,County government,612 CAVALIER CT CHARLOTTE NC,CHARLOTTE,OTHER COUNTY PROPERTY,"Public land, ROW & utility",3.543,0,196,4,https://polaris3g.mecklenburgcountync.gov/?pid=12710C98
12710C98,MECKLENBURG COUNTY,County government,606 CAVALIER CT CHARLOTTE NC,CHARLOTTE,OTHER COUNTY PROPERTY,"Public land, ROW & utility",3.543,0,196,4,https://polaris3g.mecklenburgcountync.gov/?pid=12710C98
12710C98,MECKLENBURG COUNTY,County government,606 CAVALIER CT CHARLOTTE NC,CHARLOTTE,OTHER COUNTY PROPERTY,"Public land, ROW & utility",3.543,0,196,4,https://polaris3g.mecklenburgcountync.gov/?pid=12710C98
12710C98,MECKLENBURG COUNTY,County government,3005 CHANTILLY LN CHARLOTTE NC,CHARLOTTE,OTHER COUNTY PROPERTY,"Public land, ROW & utility",3.543,0,196,4,https://polaris3g.mecklenburgcountync.gov/?pid=12710C98
12710C98,MECKLENBURG COUNTY,County government,3005 CHANTILLY LN CHARLOTTE NC,CHARLOTTE,OTHER COUNTY PROPERTY,"Public land, ROW & utility",3.543,0,196,4,https://polaris3g.mecklenburgcountync.gov/?pid=12710C98
12710C98,MECKLENBURG COUNTY,County government,616 CAVALIER CT CHARLOTTE NC,CHARLOTTE,OTHER COUNTY PROPERTY,"Public land, ROW & utility",3.543,0,196,4,https://polaris3g.mecklenburgcountync.gov/?pid=12710C98
12710C98,MECKLENBURG COUNTY,County government,612 CAVALIER CT CHARLOTTE NC,CHARLOTTE,OTHER COUNTY PROPERTY,"Public land, ROW & utility",3.543,0,196,4,https://polaris3g.mecklenburgcountync.gov/?pid=12710C98
12710C98,MECKLENBURG COUNTY,County government,612 CAVALIER CT CHARLOTTE NC,CHARLOTTE,OTHER COUNTY PROPERTY,"Public land, ROW & utility",3.543,0,196,4,https://polaris3g.mecklenburgcountync.gov/?pid=12710C98
12710C98,MECKLENBURG COUNTY,County government,600 CAVALIER CT CHARLOTTE NC,CHARLOTTE,OTHER COUNTY PROPERTY,"Public land, ROW & utility",3.543,0,196,4,https://polaris3g.mecklenburgcountync.gov/?pid=12710C98
12710C98,MECKLENBURG COUNTY,County government,3001 CHANTILLY LN CHARLOTTE NC,CHARLOTTE,OTHER COUNTY PROPERTY,"Public land, ROW & utility",3.543,0,196,4,https://polaris3g.mecklenburgcountync.gov/?pid=12710C98
12710C98,MECKLENBURG COUNTY,County government,3005 CHANTILLY LN CHARLOTTE NC,CHARLOTTE,OTHER COUNTY PROPERTY,"Public land, ROW & utility",3.543,0,196,4,https://polaris3g.mecklenburgcountync.gov/?pid=12710C98
12710C98,MECKLENBURG COUNTY,County government,616 CAVALIER CT CHARLOTTE NC,CHARLOTTE,OTHER COUNTY PROPERTY,"Public land, ROW & utility",3.543,0,196,4,https://polaris3g.mecklenburgcountync.gov/?pid=12710C98
12710C98,MECKLENBURG COUNTY,County government,616 CAVALIER CT CHARLOTTE NC,CHARLOTTE,OTHER COUNTY PROPERTY,"Public land, ROW & utility",3.543,0,196,4,https://polaris3g.mecklenburgcountync.gov/?pid=12710C98
12710C98,MECKLENBURG COUNTY,County government,600 CAVALIER CT CHARLOTTE NC,CHARLOTTE,OTHER COUNTY PROPERTY,"Public land, ROW & utility",3.543,0,196,4,https://polaris3g.mecklenburgcountync.gov/?pid=12710C98
12710C98,MECKLENBURG COUNTY,County government,600 CAVALIER CT CHARLOTTE NC,CHARLOTTE,OTHER COUNTY PROPERTY,"Public land, ROW & utility",3.543,0,196,4,https://polaris3g.mecklenburgcountync.gov/?pid=12710C98
12710C98,MECKLENBURG COUNTY,County government,3001 CHANTILLY LN CHARLOTTE NC,CHARLOTTE,OTHER COUNTY PROPERTY,"Public land, ROW & utility",3.543,0,196,4,https://polaris3g.mecklenburgcountync.gov/?pid=12710C98
12710C98,MECKLENBURG COUNTY,County government,3001 CHANTILLY LN CHARLOTTE NC,CHARLOTTE,OTHER COUNTY PROPERTY,"Public land, ROW & utility",3.543,0,196,4,https://polaris3g.mecklenburgcountync.gov/?pid=12710C98
14708178,MECKLENBURG COUNTY,County government,2700 DORCHESTER PL CHARLOTTE NC,CHARLOTTE,SCHOOL - PUBLIC,Institutional,24.565,28947300,175,174,https://polaris3g.mecklenburgcountync.gov/?pid=14708178
17307138,MECKLENBURG COUNTY,County government,2638 ARCHDALE DR CHARLOTTE NC,CHARLOTTE,GREENWAY TRAIL,"Public land, ROW & utility",5.690,370500,152,149,https://polaris3g.mecklenburgcountync.gov/?pid=17307138
20909301,MECKLENBURG COUNTY,County government,6001 QUAIL HOLLOW RD CHARLOTTE NC,CHARLOTTE,SCHOOL - PUBLIC,Institutional,14.027,12544900,149,149,https://polaris3g.mecklenburgcountync.gov/?pid=20909301
12710C97,MECKLENBURG COUNTY,County government,3009 CHANTILLY LN CHARLOTTE NC,CHARLOTTE,OTHER COUNTY PROPERTY,"Public land, ROW & utility",5.211,0,137,7,https://polaris3g.mecklenburgcountync.gov/?pid=12710C97
12710C97,MECKLENBURG COUNTY,County government,3015 CHANTILLY LN CHARLOTTE NC,CHARLOTTE,OTHER COUNTY PROPERTY,"Public land, ROW & utility",5.211,0,137,7,https://polaris3g.mecklenburgcountync.gov/?pid=12710C97
12710C97,MECKLENBURG COUNTY,County government,646 CAVALIER CT CHARLOTTE NC,CHARLOTTE,OTHER COUNTY PROPERTY,"Public land, ROW & utility",5.211,0,137,7,https://polaris3g.mecklenburgcountync.gov/?pid=12710C97
12710C97,MECKLENBURG COUNTY,County government,646 CAVALIER CT CHARLOTTE NC,CHARLOTTE,OTHER COUNTY PROPERTY,"Public land, ROW & utility",5.211,0,137,7,https://polaris3g.mecklenburgcountync.gov/?pid=12710C97
12710C97,MECKLENBURG COUNTY,County government,638 CAVALIER CT CHARLOTTE NC,CHARLOTTE,OTHER COUNTY PROPERTY,"Public land, ROW & utility",5.211,0,137,7,https://polaris3g.mecklenburgcountync.gov/?pid=12710C97
12710C97,MECKLENBURG COUNTY,County government,634 CAVALIER CT CHARLOTTE NC,CHARLOTTE,OTHER COUNTY PROPERTY,"Public land, ROW & utility",5.211,0,137,7,https://polaris3g.mecklenburgcountync.gov/?pid=12710C97
12710C97,MECKLENBURG COUNTY,County government,628 CAVALIER CT CHARLOTTE NC,CHARLOTTE,OTHER COUNTY PROPERTY,"Public land, ROW & utility",5.211,0,137,7,https://polaris3g.mecklenburgcountync.gov/?pid=12710C97
12710C97,MECKLENBURG COUNTY,County government,624 CAVALIER CT CHARLOTTE NC,CHARLOTTE,OTHER COUNTY PROPERTY,"Public land, ROW & utility",5.211,0,137,7,https://polaris3g.mecklenburgcountync.gov/?pid=12710C97
12710C97,MECKLENBURG COUNTY,County government,620 CAVALIER CT CHARLOTTE NC,CHARLOTTE,OTHER COUNTY PROPERTY,"Public land, ROW & utility",5.211,0,137,7,https://polaris3g.mecklenburgcountync.gov/?pid=12710C97
12710C97,MECKLENBURG COUNTY,County government,3011 CHANTILLY LN CHARLOTTE NC,CHARLOTTE,OTHER COUNTY PROPERTY,"Public land, ROW & utility",5.211,0,137,7,https://polaris3g.mecklenburgcountync.gov/?pid=12710C97
12710C97,MECKLENBURG COUNTY,County government,3011 CHANTILLY LN CHARLOTTE NC,CHARLOTTE,OTHER COUNTY PROPERTY,"Public land, ROW & utility",5.211,0,137,7,https://polaris3g.mecklenburgcountync.gov/?pid=12710C97
12710C97,MECKLENBURG COUNTY,County government,646 CAVALIER CT CHARLOTTE NC,CHARLOTTE,OTHER COUNTY PROPERTY,"Public land, ROW & utility",5.211,0,137,7,https://polaris3g.mecklenburgcountync.gov/?pid=12710C97
12710C97,MECKLENBURG COUNTY,County government,646 CAVALIER CT CHARLOTTE NC,CHARLOTTE,OTHER COUNTY PROPERTY,"Public land, ROW & utility",5.211,0,137,7,https://polaris3g.mecklenburgcountync.gov/?pid=12710C97
12710C97,MECKLENBURG COUNTY,County government,646 CAVALIER CT CHARLOTTE NC,CHARLOTTE,OTHER COUNTY PROPERTY,"Public land, ROW & utility",5.211,0,137,7,https://polaris3g.mecklenburgcountync.gov/?pid=12710C97
12710C97,MECKLENBURG COUNTY,County government,638 CAVALIER CT CHARLOTTE NC,CHARLOTTE,OTHER COUNTY PROPERTY,"Public land, ROW & utility",5.211,0,137,7,https://polaris3g.mecklenburgcountync.gov/?pid=12710C97
12710C97,MECKLENBURG COUNTY,County government,638 CAVALIER CT CHARLOTTE NC,CHARLOTTE,OTHER COUNTY PROPERTY,"Public land, ROW & utility",5.211,0,137,7,https://polaris3g.mecklenburgcountync.gov/?pid=12710C97
12710C97,MECKLENBURG COUNTY,County government,628 CAVALIER CT CHARLOTTE NC,CHARLOTTE,OTHER COUNTY PROPERTY,"Public land, ROW & utility",5.211,0,137,7,https://polaris3g.mecklenburgcountync.gov/?pid=12710C97
12710C97,MECKLENBURG COUNTY,County government,628 CAVALIER CT CHARLOTTE NC,CHARLOTTE,OTHER COUNTY PROPERTY,"Public land, ROW & utility",5.211,0,137,7,https://polaris3g.mecklenburgcountync.gov/?pid=12710C97
12710C97,MECKLENBURG COUNTY,County government,620 CAVALIER CT CHARLOTTE NC,CHARLOTTE,OTHER COUNTY PROPERTY,"Public land, ROW & utility",5.211,0,137,7,https://polaris3g.mecklenburgcountync.gov/?pid=12710C97
12710C97,MECKLENBURG COUNTY,County government,620 CAVALIER CT CHARLOTTE NC,CHARLOTTE,OTHER COUNTY PROPERTY,"Public land, ROW & utility",5.211,0,137,7,https://polaris3g.mecklenburgcountync.gov/?pid=12710C97
12710C97,MECKLENBURG COUNTY,County government,3011 CHANTILLY LN CHARLOTTE NC,CHARLOTTE,OTHER COUNTY PROPERTY,"Public land, ROW & utility",5.211,0,137,7,https://polaris3g.mecklenburgcountync.gov/?pid=12710C97
12710C97,MECKLENBURG COUNTY,County government,3011 CHANTILLY LN CHARLOTTE NC,CHARLOTTE,OTHER COUNTY PROPERTY,"Public land, ROW & utility",5.211,0,137,7,https://polaris3g.mecklenburgcountync.gov/?pid=12710C97
12710C97,MECKLENBURG COUNTY,County government,3015 CHANTILLY LN CHARLOTTE NC,CHARLOTTE,OTHER COUNTY PROPERTY,"Public land, ROW & utility",5.211,0,137,7,https://polaris3g.mecklenburgcountync.gov/?pid=12710C97
12710C97,MECKLENBURG COUNTY,County government,642 CAVALIER CT CHARLOTTE NC,CHARLOTTE,OTHER COUNTY PROPERTY,"Public land, ROW & utility",5.211,0,137,7,https://polaris3g.mecklenburgcountync.gov/?pid=12710C97
12710C97,MECKLENBURG COUNTY,County government,638 CAVALIER CT CHARLOTTE NC,CHARLOTTE,OTHER COUNTY PROPERTY,"Public land, ROW & utility",5.211,0,137,7,https://polaris3g.mecklenburgcountync.gov/?pid=12710C97
12710C97,MECKLENBURG COUNTY,County government,638 CAVALIER CT CHARLOTTE NC,CHARLOTTE,OTHER COUNTY PROPERTY,"Public land, ROW & utility",5.211,0,137,7,https://polaris3g.mecklenburgcountync.gov/?pid=12710C97
12710C97,MECKLENBURG COUNTY,County government,628 CAVALIER CT CHARLOTTE NC,CHARLOTTE,OTHER COUNTY PROPERTY,"Public land, ROW & utility",5.211,0,137,7,https://polaris3g.mecklenburgcountync.gov/?pid=12710C97
12710C97,MECKLENBURG COUNTY,County government,624 CAVALIER CT CHARLOTTE NC,CHARLOTTE,OTHER COUNTY PROPERTY,"Public land, ROW & utility",5.211,0,137,7,https://polaris3g.mecklenburgcountync.gov/?pid=12710C97
12710C97,MECKLENBURG COUNTY,County government,620 CAVALIER CT CHARLOTTE NC,CHARLOTTE,OTHER COUNTY PROPERTY,"Public land, ROW & utility",5.211,0,137,7,https://polaris3g.mecklenburgcountync.gov/?pid=12710C97
12710C97,MECKLENBURG COUNTY,County government,3011 CHANTILLY LN CHARLOTTE NC,CHARLOTTE,OTHER COUNTY PROPERTY,"Public land, ROW & utility",5.211,0,137,7,https://polaris3g.mecklenburgcountync.gov/?pid=12710C97
12710C97,MECKLENBURG COUNTY,County government,3015 CHANTILLY LN CHARLOTTE NC,CHARLOTTE,OTHER COUNTY PROPERTY,"Public land, ROW & utility",5.211,0,137,7,https://polaris3g.mecklenburgcountync.gov/?pid=12710C97
12710C97,MECKLENBURG COUNTY,County government,3015 CHANTILLY LN CHARLOTTE NC,CHARLOTTE,OTHER COUNTY PROPERTY,"Public land, ROW & utility",5.211,0,137,7,https://polaris3g.mecklenburgcountync.gov/?pid=12710C97
12710C97,MECKLENBURG COUNTY,County government,646 CAVALIER CT CHARLOTTE NC,CHARLOTTE,OTHER COUNTY PROPERTY,"Public land, ROW & utility",5.211,0,137,7,https://polaris3g.mecklenburgcountync.gov/?pid=12710C97
12710C97,MECKLENBURG COUNTY,County government,634 CAVALIER CT CHARLOTTE NC,CHARLOTTE,OTHER COUNTY PROPERTY,"Public land, ROW & utility",5.211,0,137,7,https://polaris3g.mecklenburgcountync.gov/?pid=12710C97
12710C97,MECKLENBURG COUNTY,County government,634 CAVALIER CT CHARLOTTE NC,CHARLOTTE,OTHER COUNTY PROPERTY,"Public land, ROW & utility",5.211,0,137,7,https://polaris3g.mecklenburgcountync.gov/?pid=12710C97
12710C97,MECKLENBURG COUNTY,County government,628 CAVALIER CT CHARLOTTE NC,CHARLOTTE,OTHER COUNTY PROPERTY,"Public land, ROW & utility",5.211,0,137,7,https://polaris3g.mecklenburgcountync.gov/?pid=12710C97
12710C97,MECKLENBURG COUNTY,County government,628 CAVALIER CT CHARLOTTE NC,CHARLOTTE,OTHER COUNTY PROPERTY,"Public land, ROW & utility",5.211,0,137,7,https://polaris3g.mecklenburgcountync.gov/?pid=12710C97
12710C97,MECKLENBURG COUNTY,County government,3009 CHANTILLY LN CHARLOTTE NC,CHARLOTTE,OTHER COUNTY PROPERTY,"Public land, ROW & utility",5.211,0,137,7,https://polaris3g.mecklenburgcountync.gov/?pid=12710C97
12710C97,MECKLENBURG COUNTY,County government,3009 CHANTILLY LN CHARLOTTE NC,CHARLOTTE,OTHER COUNTY PROPERTY,"Public land, ROW & utility",5.211,0,137,7,https://polaris3g.mecklenburgcountync.gov/?pid=12710C97
12710C97,MECKLENBURG COUNTY,County government,3009 CHANTILLY LN CHARLOTTE NC,CHARLOTTE,OTHER COUNTY PROPERTY,"Public land, ROW & utility",5.211,0,137,7,https://polaris3g.mecklenburgcountync.gov/?pid=12710C97
12710C97,MECKLENBURG COUNTY,County government,3011 CHANTILLY LN CHARLOTTE NC,CHARLOTTE,OTHER COUNTY PROPERTY,"Public land, ROW & utility",5.211,0,137,7,https://polaris3g.mecklenburgcountync.gov/?pid=12710C97
12710C97,MECKLENBURG COUNTY,County government,642 CAVALIER CT CHARLOTTE NC,CHARLOTTE,OTHER COUNTY PROPERTY,"Public land, ROW & utility",5.211,0,137,7,https://polaris3g.mecklenburgcountync.gov/?pid=12710C97
12710C97,MECKLENBURG COUNTY,County government,642 CAVALIER CT CHARLOTTE NC,CHARLOTTE,OTHER COUNTY PROPERTY,"Public land, ROW & utility",5.211,0,137,7,https://polaris3g.mecklenburgcountync.gov/?pid=12710C97
12710C97,MECKLENBURG COUNTY,County government,642 CAVALIER CT CHARLOTTE NC,CHARLOTTE,OTHER COUNTY PROPERTY,"Public land, ROW & utility",5.211,0,137,7,https://polaris3g.mecklenburgcountync.gov/?pid=12710C97
12710C97,MECKLENBURG COUNTY,County government,638 CAVALIER CT CHARLOTTE NC,CHARLOTTE,OTHER COUNTY PROPERTY,"Public land, ROW & utility",5.211,0,137,7,https://polaris3g.mecklenburgcountync.gov/?pid=12710C97
12710C97,MECKLENBURG COUNTY,County government,624 CAVALIER CT CHARLOTTE NC,CHARLOTTE,OTHER COUNTY PROPERTY,"Public land, ROW & utility",5.211,0,137,7,https://polaris3g.mecklenburgcountync.gov/?pid=12710C97
12710C97,MECKLENBURG COUNTY,County government,624 CAVALIER CT CHARLOTTE NC,CHARLOTTE,OTHER COUNTY PROPERTY,"Public land, ROW & utility",5.211,0,137,7,https://polaris3g.mecklenburgcountync.gov/?pid=12710C97
12710C97,MECKLENBURG COUNTY,County government,620 CAVALIER CT CHARLOTTE NC,CHARLOTTE,OTHER COUNTY PROPERTY,"Public land, ROW & utility",5.211,0,137,7,https://polaris3g.mecklenburgcountync.gov/?pid=12710C97
12710C97,MECKLENBURG COUNTY,County government,620 CAVALIER CT CHARLOTTE NC,CHARLOTTE,OTHER COUNTY PROPERTY,"Public land, ROW & utility",5.211,0,137,7,https://polaris3g.mecklenburgcountync.gov/?pid=12710C97
12710C97,MECKLENBURG COUNTY,County government,3009 CHANTILLY LN CHARLOTTE NC,CHARLOTTE,OTHER COUNTY PROPERTY,"Public land, ROW & utility",5.211,0,137,7,https://polaris3g.mecklenburgcountync.gov/?pid=12710C97
12710C97,MECKLENBURG COUNTY,County government,3009 CHANTILLY LN CHARLOTTE NC,CHARLOTTE,OTHER COUNTY PROPERTY,"Public land, ROW & utility",5.211,0,137,7,https://polaris3g.mecklenburgcountync.gov/?pid=12710C97
12710C97,MECKLENBURG COUNTY,County government,3015 CHANTILLY LN CHARLOTTE NC,CHARLOTTE,OTHER COUNTY PROPERTY,"Public land, ROW & utility",5.211,0,137,7,https://polaris3g.mecklenburgcountync.gov/?pid=12710C97
12710C97,MECKLENBURG COUNTY,County government,3015 CHANTILLY LN CHARLOTTE NC,CHARLOTTE,OTHER COUNTY PROPERTY,"Public land, ROW & utility",5.211,0,137,7,https://polaris3g.mecklenburgcountync.gov/?pid=12710C97
12710C97,MECKLENBURG COUNTY,County government,642 CAVALIER CT CHARLOTTE NC,CHARLOTTE,OTHER COUNTY PROPERTY,"Public land, ROW & utility",5.211,0,137,7,https://polaris3g.mecklenburgcountync.gov/?pid=12710C97
12710C97,MECKLENBURG COUNTY,County government,642 CAVALIER CT CHARLOTTE NC,CHARLOTTE,OTHER COUNTY PROPERTY,"Public land, ROW & utility",5.211,0,137,7,https://polaris3g.mecklenburgcountync.gov/?pid=12710C97
12710C97,MECKLENBURG COUNTY,County government,634 CAVALIER CT CHARLOTTE NC,CHARLOTTE,OTHER COUNTY PROPERTY,"Public land, ROW & utility",5.211,0,137,7,https://polaris3g.mecklenburgcountync.gov/?pid=12710C97
12710C97,MECKLENBURG COUNTY,County government,634 CAVALIER CT CHARLOTTE NC,CHARLOTTE,OTHER COUNTY PROPERTY,"Public land, ROW & utility",5.211,0,137,7,https://polaris3g.mecklenburgcountync.gov/?pid=12710C97
12710C97,MECKLENBURG COUNTY,County government,624 CAVALIER CT CHARLOTTE NC,CHARLOTTE,OTHER COUNTY PROPERTY,"Public land, ROW & utility",5.211,0,137,7,https://polaris3g.mecklenburgcountync.gov/?pid=12710C97
12710C97,MECKLENBURG COUNTY,County government,624 CAVALIER CT CHARLOTTE NC,CHARLOTTE,OTHER COUNTY PROPERTY,"Public land, ROW & utility",5.211,0,137,7,https://polaris3g.mecklenburgcountync.gov/?pid=12710C97
12710C97,MECKLENBURG COUNTY,County government,3011 CHANTILLY LN CHARLOTTE NC,CHARLOTTE,OTHER COUNTY PROPERTY,"Public land, ROW & utility",5.211,0,137,7,https://polaris3g.mecklenburgcountync.gov/?pid=12710C97
12710C97,MECKLENBURG COUNTY,County government,3011 CHANTILLY LN CHARLOTTE NC,CHARLOTTE,OTHER COUNTY PROPERTY,"Public land, ROW & utility",5.211,0,137,7,https://polaris3g.mecklenburgcountync.gov/?pid=12710C97
12710C97,MECKLENBURG COUNTY,County government,646 CAVALIER CT CHARLOTTE NC,CHARLOTTE,OTHER COUNTY PROPERTY,"Public land, ROW & utility",5.211,0,137,7,https://polaris3g.mecklenburgcountync.gov/?pid=12710C97
12710C97,MECKLENBURG COUNTY,County government,646 CAVALIER CT CHARLOTTE NC,CHARLOTTE,OTHER COUNTY PROPERTY,"Public land, ROW & utility",5.211,0,137,7,https://polaris3g.mecklenburgcountync.gov/?pid=12710C97
12710C97,MECKLENBURG COUNTY,County government,638 CAVALIER CT CHARLOTTE NC,CHARLOTTE,OTHER COUNTY PROPERTY,"Public land, ROW & utility",5.211,0,137,7,https://polaris3g.mecklenburgcountync.gov/?pid=12710C97
12710C97,MECKLENBURG COUNTY,County government,638 CAVALIER CT CHARLOTTE NC,CHARLOTTE,OTHER COUNTY PROPERTY,"Public land, ROW & utility",5.211,0,137,7,https://polaris3g.mecklenburgcountync.gov/?pid=12710C97
12710C97,MECKLENBURG COUNTY,County government,628 CAVALIER CT CHARLOTTE NC,CHARLOTTE,OTHER COUNTY PROPERTY,"Public land, ROW & utility",5.211,0,137,7,https://polaris3g.mecklenburgcountync.gov/?pid=12710C97
12710C97,MECKLENBURG COUNTY,County government,628 CAVALIER CT CHARLOTTE NC,CHARLOTTE,OTHER COUNTY PROPERTY,"Public land, ROW & utility",5.211,0,137,7,https://polaris3g.mecklenburgcountync.gov/?pid=12710C97
12710C97,MECKLENBURG COUNTY,County government,620 CAVALIER CT CHARLOTTE NC,CHARLOTTE,OTHER COUNTY PROPERTY,"Public land, ROW & utility",5.211,0,137,7,https://polaris3g.mecklenburgcountync.gov/?pid=12710C97
12710C97,MECKLENBURG COUNTY,County government,620 CAVALIER CT CHARLOTTE NC,CHARLOTTE,OTHER COUNTY PROPERTY,"Public land, ROW & utility",5.211,0,137,7,https://polaris3g.mecklenburgcountync.gov/?pid=12710C97
12710C97,MECKLENBURG COUNTY,County government,3009 CHANTILLY LN CHARLOTTE NC,CHARLOTTE,OTHER COUNTY PROPERTY,"Public land, ROW & utility",5.211,0,137,7,https://polaris3g.mecklenburgcountync.gov/?pid=12710C97
12710C97,MECKLENBURG COUNTY,County government,3009 CHANTILLY LN CHARLOTTE NC,CHARLOTTE,OTHER COUNTY PROPERTY,"Public land, ROW & utility",5.211,0,137,7,https://polaris3g.mecklenburgcountync.gov/?pid=12710C97
12710C97,MECKLENBURG COUNTY,County government,3015 CHANTILLY LN CHARLOTTE NC,CHARLOTTE,OTHER COUNTY PROPERTY,"Public land, ROW & utility",5.211,0,137,7,https://polaris3g.mecklenburgcountync.gov/?pid=12710C97
12710C97,MECKLENBURG COUNTY,County government,3015 CHANTILLY LN CHARLOTTE NC,CHARLOTTE,OTHER COUNTY PROPERTY,"Public land, ROW & utility",5.211,0,137,7,https://polaris3g.mecklenburgcountync.gov/?pid=12710C97
12710C97,MECKLENBURG COUNTY,County government,642 CAVALIER CT CHARLOTTE NC,CHARLOTTE,OTHER COUNTY PROPERTY,"Public land, ROW & utility",5.211,0,137,7,https://polaris3g.mecklenburgcountync.gov/?pid=12710C97
12710C97,MECKLENBURG COUNTY,County government,642 CAVALIER CT CHARLOTTE NC,CHARLOTTE,OTHER COUNTY PROPERTY,"Public land, ROW & utility",5.211,0,137,7,https://polaris3g.mecklenburgcountync.gov/?pid=12710C97
12710C97,MECKLENBURG COUNTY,County government,634 CAVALIER CT CHARLOTTE NC,CHARLOTTE,OTHER COUNTY PROPERTY,"Public land, ROW & utility",5.211,0,137,7,https://polaris3g.mecklenburgcountync.gov/?pid=12710C97
12710C97,MECKLENBURG COUNTY,County government,634 CAVALIER CT CHARLOTTE NC,CHARLOTTE,OTHER COUNTY PROPERTY,"Public land, ROW & utility",5.211,0,137,7,https://polaris3g.mecklenburgcountync.gov/?pid=12710C97
12710C97,MECKLENBURG COUNTY,County government,634 CAVALIER CT CHARLOTTE NC,CHARLOTTE,OTHER COUNTY PROPERTY,"Public land, ROW & utility",5.211,0,137,7,https://polaris3g.mecklenburgcountync.gov/?pid=12710C97
12710C97,MECKLENBURG COUNTY,County government,624 CAVALIER CT CHARLOTTE NC,CHARLOTTE,OTHER COUNTY PROPERTY,"Public land, ROW & utility",5.211,0,137,7,https://polaris3g.mecklenburgcountync.gov/?pid=12710C97
12710C97,MECKLENBURG COUNTY,County government,624 CAVALIER CT CHARLOTTE NC,CHARLOTTE,OTHER COUNTY PROPERTY,"Public land, ROW & utility",5.211,0,137,7,https://polaris3g.mecklenburgcountync.gov/?pid=12710C97
17512141,MECKLENBURG COUNTY,County government,CARLANDA CR CHARLOTTE NC,CHARLOTTE,OTHER COUNTY PROPERTY,"Public land, ROW & utility",0.386,59900,132,131,https://polaris3g.mecklenburgcountync.gov/?pid=17512141
23105320,MECKLENBURG COUNTY,County government,4330 WEDDINGTON RD CHARLOTTE NC,CHARLOTTE,OTHER COUNTY PROPERTY,"Public land, ROW & utility",73.879,10278900,121,116,https://polaris3g.mecklenburgcountync.gov/?pid=23105320
12710C99,MECKLENBURG COUNTY,County government,640 BRAMLET RD CHARLOTTE NC,CHARLOTTE,OTHER COUNTY PROPERTY,"Public land, ROW & utility",4.000,0,118,5,https://polaris3g.mecklenburgcountync.gov/?pid=12710C99
12710C99,MECKLENBURG COUNTY,County government,630 BRAMLET RD CHARLOTTE NC,CHARLOTTE,OTHER COUNTY PROPERTY,"Public land, ROW & utility",4.000,0,118,5,https://polaris3g.mecklenburgcountync.gov/?pid=12710C99
12710C99,MECKLENBURG COUNTY,County government,620 BRAMLET RD CHARLOTTE NC,CHARLOTTE,OTHER COUNTY PROPERTY,"Public land, ROW & utility",4.000,0,118,5,https://polaris3g.mecklenburgcountync.gov/?pid=12710C99
12710C99,MECKLENBURG COUNTY,County government,610 BRAMLET RD CHARLOTTE NC,CHARLOTTE,OTHER COUNTY PROPERTY,"Public land, ROW & utility",4.000,0,118,5,https://polaris3g.mecklenburgcountync.gov/?pid=12710C99
12710C99,MECKLENBURG COUNTY,County government,2901 CHANTILLY LN CHARLOTTE NC,CHARLOTTE,OTHER COUNTY PROPERTY,"Public land, ROW & utility",4.000,0,118,5,https://polaris3g.mecklenburgcountync.gov/?pid=12710C99
12710C99,MECKLENBURG COUNTY,County government,2905 CHANTILLY LN CHARLOTTE NC,CHARLOTTE,OTHER COUNTY PROPERTY,"Public land, ROW & utility",4.000,0,118,5,https://polaris3g.mecklenburgcountync.gov/?pid=12710C99
12710C99,MECKLENBURG COUNTY,County government,605 CAVALIER CT CHARLOTTE NC,CHARLOTTE,OTHER COUNTY PROPERTY,"Public land, ROW & utility",4.000,0,118,5,https://polaris3g.mecklenburgcountync.gov/?pid=12710C99
12710C99,MECKLENBURG COUNTY,County government,640 BRAMLET RD CHARLOTTE NC,CHARLOTTE,OTHER COUNTY PROPERTY,"Public land, ROW & utility",4.000,0,118,5,https://polaris3g.mecklenburgcountync.gov/?pid=12710C99
12710C99,MECKLENBURG COUNTY,County government,640 BRAMLET RD CHARLOTTE NC,CHARLOTTE,OTHER COUNTY PROPERTY,"Public land, ROW & utility",4.000,0,118,5,https://polaris3g.mecklenburgcountync.gov/?pid=12710C99
12710C99,MECKLENBURG COUNTY,County government,630 BRAMLET RD CHARLOTTE NC,CHARLOTTE,OTHER COUNTY PROPERTY,"Public land, ROW & utility",4.000,0,118,5,https://polaris3g.mecklenburgcountync.gov/?pid=12710C99
12710C99,MECKLENBURG COUNTY,County government,620 BRAMLET RD CHARLOTTE NC,CHARLOTTE,OTHER COUNTY PROPERTY,"Public land, ROW & utility",4.000,0,118,5,https://polaris3g.mecklenburgcountync.gov/?pid=12710C99
12710C99,MECKLENBURG COUNTY,County government,620 BRAMLET RD CHARLOTTE NC,CHARLOTTE,OTHER COUNTY PROPERTY,"Public land, ROW & utility",4.000,0,118,5,https://polaris3g.mecklenburgcountync.gov/?pid=12710C99
12710C99,MECKLENBURG COUNTY,County government,2901 CHANTILLY LN CHARLOTTE NC,CHARLOTTE,OTHER COUNTY PROPERTY,"Public land, ROW & utility",4.000,0,118,5,https://polaris3g.mecklenburgcountync.gov/?pid=12710C99
12710C99,MECKLENBURG COUNTY,County government,2901 CHANTILLY LN CHARLOTTE NC,CHARLOTTE,OTHER COUNTY PROPERTY,"Public land, ROW & utility",4.000,0,118,5,https://polaris3g.mecklenburgcountync.gov/?pid=12710C99
12710C99,MECKLENBURG COUNTY,County government,605 CAVALIER CT CHARLOTTE NC,CHARLOTTE,OTHER COUNTY PROPERTY,"Public land, ROW & utility",4.000,0,118,5,https://polaris3g.mecklenburgcountync.gov/?pid=12710C99
12710C99,MECKLENBURG COUNTY,County government,605 CAVALIER CT CHARLOTTE NC,CHARLOTTE,OTHER COUNTY PROPERTY,"Public land, ROW & utility",4.000,0,118,5,https://polaris3g.mecklenburgcountync.gov/?pid=12710C99
12710C99,MECKLENBURG COUNTY,County government,640 BRAMLET RD CHARLOTTE NC,CHARLOTTE,OTHER COUNTY PROPERTY,"Public land, ROW & utility",4.000,0,118,5,https://polaris3g.mecklenburgcountync.gov/?pid=12710C99
12710C99,MECKLENBURG COUNTY,County government,630 BRAMLET RD CHARLOTTE NC,CHARLOTTE,OTHER COUNTY PROPERTY,"Public land, ROW & utility",4.000,0,118,5,https://polaris3g.mecklenburgcountync.gov/?pid=12710C99
12710C99,MECKLENBURG COUNTY,County government,620 BRAMLET RD CHARLOTTE NC,CHARLOTTE,OTHER COUNTY PROPERTY,"Public land, ROW & utility",4.000,0,118,5,https://polaris3g.mecklenburgcountync.gov/?pid=12710C99
12710C99,MECKLENBURG COUNTY,County government,610 BRAMLET RD CHARLOTTE NC,CHARLOTTE,OTHER COUNTY PROPERTY,"Public land, ROW & utility",4.000,0,118,5,https://polaris3g.mecklenburgcountync.gov/?pid=12710C99
12710C99,MECKLENBURG COUNTY,County government,2901 CHANTILLY LN CHARLOTTE NC,CHARLOTTE,OTHER COUNTY PROPERTY,"Public land, ROW & utility",4.000,0,118,5,https://polaris3g.mecklenburgcountync.gov/?pid=12710C99
12710C99,MECKLENBURG COUNTY,County government,605 CAVALIER CT CHARLOTTE NC,CHARLOTTE,OTHER COUNTY PROPERTY,"Public land, ROW & utility",4.000,0,118,5,https://polaris3g.mecklenburgcountync.gov/?pid=12710C99
12710C99,MECKLENBURG COUNTY,County government,605 CAVALIER CT CHARLOTTE NC,CHARLOTTE,OTHER COUNTY PROPERTY,"Public land, ROW & utility",4.000,0,118,5,https://polaris3g.mecklenburgcountync.gov/?pid=12710C99
12710C99,MECKLENBURG COUNTY,County government,609 CAVALIER CT CHARLOTTE NC,CHARLOTTE,OTHER COUNTY PROPERTY,"Public land, ROW & utility",4.000,0,118,5,https://polaris3g.mecklenburgcountync.gov/?pid=12710C99
12710C99,MECKLENBURG COUNTY,County government,620 BRAMLET RD CHARLOTTE NC,CHARLOTTE,OTHER COUNTY PROPERTY,"Public land, ROW & utility",4.000,0,118,5,https://polaris3g.mecklenburgcountync.gov/?pid=12710C99
12710C99,MECKLENBURG COUNTY,County government,620 BRAMLET RD CHARLOTTE NC,CHARLOTTE,OTHER COUNTY PROPERTY,"Public land, ROW & utility",4.000,0,118,5,https://polaris3g.mecklenburgcountync.gov/?pid=12710C99
12710C99,MECKLENBURG COUNTY,County government,610 BRAMLET RD CHARLOTTE NC,CHARLOTTE,OTHER COUNTY PROPERTY,"Public land, ROW & utility",4.000,0,118,5,https://polaris3g.mecklenburgcountync.gov/?pid=12710C99
12710C99,MECKLENBURG COUNTY,County government,610 BRAMLET RD CHARLOTTE NC,CHARLOTTE,OTHER COUNTY PROPERTY,"Public land, ROW & utility",4.000,0,118,5,https://polaris3g.mecklenburgcountync.gov/?pid=12710C99
12710C99,MECKLENBURG COUNTY,County government,605 CAVALIER CT CHARLOTTE NC,CHARLOTTE,OTHER COUNTY PROPERTY,"Public land, ROW & utility",4.000,0,118,5,https://polaris3g.mecklenburgcountync.gov/?pid=12710C99
12710C99,MECKLENBURG COUNTY,County government,609 CAVALIER CT CHARLOTTE NC,CHARLOTTE,OTHER COUNTY PROPERTY,"Public land, ROW & utility",4.000,0,118,5,https://polaris3g.mecklenburgcountync.gov/?pid=12710C99
12710C99,MECKLENBURG COUNTY,County government,609 CAVALIER CT CHARLOTTE NC,CHARLOTTE,OTHER COUNTY PROPERTY,"Public land, ROW & utility",4.000,0,118,5,https://polaris3g.mecklenburgcountync.gov/?pid=12710C99
12710C99,MECKLENBURG COUNTY,County government,609 CAVALIER CT CHARLOTTE NC,CHARLOTTE,OTHER COUNTY PROPERTY,"Public land, ROW & utility",4.000,0,118,5,https://polaris3g.mecklenburgcountync.gov/?pid=12710C99
12710C99,MECKLENBURG COUNTY,County government,640 BRAMLET RD CHARLOTTE NC,CHARLOTTE,OTHER COUNTY PROPERTY,"Public land, ROW & utility",4.000,0,118,5,https://polaris3g.mecklenburgcountync.gov/?pid=12710C99
12710C99,MECKLENBURG COUNTY,County government,640 BRAMLET RD CHARLOTTE NC,CHARLOTTE,OTHER COUNTY PROPERTY,"Public land, ROW & utility",4.000,0,118,5,https://polaris3g.mecklenburgcountync.gov/?pid=12710C99
12710C99,MECKLENBURG COUNTY,County government,630 BRAMLET RD CHARLOTTE NC,CHARLOTTE,OTHER COUNTY PROPERTY,"Public land, ROW & utility",4.000,0,118,5,https://polaris3g.mecklenburgcountync.gov/?pid=12710C99
12710C99,MECKLENBURG COUNTY,County government,630 BRAMLET RD CHARLOTTE NC,CHARLOTTE,OTHER COUNTY PROPERTY,"Public land, ROW & utility",4.000,0,118,5,https://polaris3g.mecklenburgcountync.gov/?pid=12710C99
12710C99,MECKLENBURG COUNTY,County government,2901 CHANTILLY LN CHARLOTTE NC,CHARLOTTE,OTHER COUNTY PROPERTY,"Public land, ROW & utility",4.000,0,118,5,https://polaris3g.mecklenburgcountync.gov/?pid=12710C99
12710C99,MECKLENBURG COUNTY,County government,2901 CHANTILLY LN CHARLOTTE NC,CHARLOTTE,OTHER COUNTY PROPERTY,"Public land, ROW & utility",4.000,0,118,5,https://polaris3g.mecklenburgcountync.gov/?pid=12710C99
12710C99,MECKLENBURG COUNTY,County government,2905 CHANTILLY LN CHARLOTTE NC,CHARLOTTE,OTHER COUNTY PROPERTY,"Public land, ROW & utility",4.000,0,118,5,https://polaris3g.mecklenburgcountync.gov/?pid=12710C99
12710C99,MECKLENBURG COUNTY,County government,2905 CHANTILLY LN CHARLOTTE NC,CHARLOTTE,OTHER COUNTY PROPERTY,"Public land, ROW & utility",4.000,0,118,5,https://polaris3g.mecklenburgcountync.gov/?pid=12710C99
12710C99,MECKLENBURG COUNTY,County government,640 BRAMLET RD CHARLOTTE NC,CHARLOTTE,OTHER COUNTY PROPERTY,"Public land, ROW & utility",4.000,0,118,5,https://polaris3g.mecklenburgcountync.gov/?pid=12710C99
12710C99,MECKLENBURG COUNTY,County government,630 BRAMLET RD CHARLOTTE NC,CHARLOTTE,OTHER COUNTY PROPERTY,"Public land, ROW & utility",4.000,0,118,5,https://polaris3g.mecklenburgcountync.gov/?pid=12710C99
12710C99,MECKLENBURG COUNTY,County government,610 BRAMLET RD CHARLOTTE NC,CHARLOTTE,OTHER COUNTY PROPERTY,"Public land, ROW & utility",4.000,0,118,5,https://polaris3g.mecklenburgcountync.gov/?pid=12710C99
12710C99,MECKLENBURG COUNTY,County government,610 BRAMLET RD CHARLOTTE NC,CHARLOTTE,OTHER COUNTY PROPERTY,"Public land, ROW & utility",4.000,0,118,5,https://polaris3g.mecklenburgcountync.gov/?pid=12710C99
12710C99,MECKLENBURG COUNTY,County government,2905 CHANTILLY LN CHARLOTTE NC,CHARLOTTE,OTHER COUNTY PROPERTY,"Public land, ROW & utility",4.000,0,118,5,https://polaris3g.mecklenburgcountync.gov/?pid=12710C99
12710C99,MECKLENBURG COUNTY,County government,2905 CHANTILLY LN CHARLOTTE NC,CHARLOTTE,OTHER COUNTY PROPERTY,"Public land, ROW & utility",4.000,0,118,5,https://polaris3g.mecklenburgcountync.gov/?pid=12710C99
12710C99,MECKLENBURG COUNTY,County government,609 CAVALIER CT CHARLOTTE NC,CHARLOTTE,OTHER COUNTY PROPERTY,"Public land, ROW & utility",4.000,0,118,5,https://polaris3g.mecklenburgcountync.gov/?pid=12710C99
12710C99,MECKLENBURG COUNTY,County government,609 CAVALIER CT CHARLOTTE NC,CHARLOTTE,OTHER COUNTY PROPERTY,"Public land, ROW & utility",4.000,0,118,5,https://polaris3g.mecklenburgcountync.gov/?pid=12710C99
12710C99,MECKLENBURG COUNTY,County government,640 BRAMLET RD CHARLOTTE NC,CHARLOTTE,OTHER COUNTY PROPERTY,"Public land, ROW & utility",4.000,0,118,5,https://polaris3g.mecklenburgcountync.gov/?pid=12710C99
12710C99,MECKLENBURG COUNTY,County government,620 BRAMLET RD CHARLOTTE NC,CHARLOTTE,OTHER COUNTY PROPERTY,"Public land, ROW & utility",4.000,0,118,5,https://polaris3g.mecklenburgcountync.gov/?pid=12710C99
12710C99,MECKLENBURG COUNTY,County government,620 BRAMLET RD CHARLOTTE NC,CHARLOTTE,OTHER COUNTY PROPERTY,"Public land, ROW & utility",4.000,0,118,5,https://polaris3g.mecklenburgcountync.gov/?pid=12710C99
12710C99,MECKLENBURG COUNTY,County government,2901 CHANTILLY LN CHARLOTTE NC,CHARLOTTE,OTHER COUNTY PROPERTY,"Public land, ROW & utility",4.000,0,118,5,https://polaris3g.mecklenburgcountync.gov/?pid=12710C99
12710C99,MECKLENBURG COUNTY,County government,2901 CHANTILLY LN CHARLOTTE NC,CHARLOTTE,OTHER COUNTY PROPERTY,"Public land, ROW & utility",4.000,0,118,5,https://polaris3g.mecklenburgcountync.gov/?pid=12710C99
12710C99,MECKLENBURG COUNTY,County government,605 CAVALIER CT CHARLOTTE NC,CHARLOTTE,OTHER COUNTY PROPERTY,"Public land, ROW & utility",4.000,0,118,5,https://polaris3g.mecklenburgcountync.gov/?pid=12710C99
12710C99,MECKLENBURG COUNTY,County government,605 CAVALIER CT CHARLOTTE NC,CHARLOTTE,OTHER COUNTY PROPERTY,"Public land, ROW & utility",4.000,0,118,5,https://polaris3g.mecklenburgcountync.gov/?pid=12710C99
12710C99,MECKLENBURG COUNTY,County government,630 BRAMLET RD CHARLOTTE NC,CHARLOTTE,OTHER COUNTY PROPERTY,"Public land, ROW & utility",4.000,0,118,5,https://polaris3g.mecklenburgcountync.gov/?pid=12710C99
12710C99,MECKLENBURG COUNTY,County government,630 BRAMLET RD CHARLOTTE NC,CHARLOTTE,OTHER COUNTY PROPERTY,"Public land, ROW & utility",4.000,0,118,5,https://polaris3g.mecklenburgcountync.gov/?pid=12710C99
12710C99,MECKLENBURG COUNTY,County government,610 BRAMLET RD CHARLOTTE NC,CHARLOTTE,OTHER COUNTY PROPERTY,"Public land, ROW & utility",4.000,0,118,5,https://polaris3g.mecklenburgcountync.gov/?pid=12710C99
12710C99,MECKLENBURG COUNTY,County government,610 BRAMLET RD CHARLOTTE NC,CHARLOTTE,OTHER COUNTY PROPERTY,"Public land, ROW & utility",4.000,0,118,5,https://polaris3g.mecklenburgcountync.gov/?pid=12710C99
12710C99,MECKLENBURG COUNTY,County government,2905 CHANTILLY LN CHARLOTTE NC,CHARLOTTE,OTHER COUNTY PROPERTY,"Public land, ROW & utility",4.000,0,118,5,https://polaris3g.mecklenburgcountync.gov/?pid=12710C99
12710C99,MECKLENBURG COUNTY,County government,2905 CHANTILLY LN CHARLOTTE NC,CHARLOTTE,OTHER COUNTY PROPERTY,"Public land, ROW & utility",4.000,0,118,5,https://polaris3g.mecklenburgcountync.gov/?pid=12710C99
12710C99,MECKLENBURG COUNTY,County government,2905 CHANTILLY LN CHARLOTTE NC,CHARLOTTE,OTHER COUNTY PROPERTY,"Public land, ROW & utility",4.000,0,118,5,https://polaris3g.mecklenburgcountync.gov/?pid=12710C99
12710C99,MECKLENBURG COUNTY,County government,609 CAVALIER CT CHARLOTTE NC,CHARLOTTE,OTHER COUNTY PROPERTY,"Public land, ROW & utility",4.000,0,118,5,https://polaris3g.mecklenburgcountync.gov/?pid=12710C99
12710C99,MECKLENBURG COUNTY,County government,609 CAVALIER CT CHARLOTTE NC,CHARLOTTE,OTHER COUNTY PROPERTY,"Public land, ROW & utility",4.000,0,118,5,https://polaris3g.mecklenburgcountync.gov/?pid=12710C99
20721133,MECKLENBURG COUNTY,County government,8900 PARK RD CHARLOTTE NC,CHARLOTTE,SCHOOL - PUBLIC,Institutional,56.270,40842600,115,112,https://polaris3g.mecklenburgcountync.gov/?pid=20721133
12522704,MECKLENBURG COUNTY,County government,CHARLOTTETOWNE AV CHARLOTTE NC,CHARLOTTE,OTHER COUNTY PROPERTY,"Public land, ROW & utility",3.436,1790100,109,107,https://polaris3g.mecklenburgcountync.gov/?pid=12522704
23122433,MECKLENBURG COUNTY,County government,TILLEY MORRIS RD CHARLOTTE NC,CHARLOTTE,OTHER COUNTY PROPERTY,"Public land, ROW & utility",52.612,7775700,107,104,https://polaris3g.mecklenburgcountync.gov/?pid=23122433
16925310,MECKLENBURG COUNTY,County government,FERNHILL DR CHARLOTTE NC,CHARLOTTE,OTHER COUNTY PROPERTY,"Public land, ROW & utility",2.051,58700,105,104,https://polaris3g.mecklenburgcountync.gov/?pid=16925310
23109206,MECKLENBURG COUNTY,County government,4330 WEDDINGTON RD CHARLOTTE NC,CHARLOTTE,OTHER COUNTY PROPERTY,"Public land, ROW & utility",1.604,336500,103,102,https://polaris3g.mecklenburgcountync.gov/?pid=23109206
16925281,MECKLENBURG COUNTY,County government,FERNHILL DR CHARLOTTE NC,CHARLOTTE,OTHER COUNTY PROPERTY,"Public land, ROW & utility",2.041,78100,102,101,https://polaris3g.mecklenburgcountync.gov/?pid=16925281
23109208,MECKLENBURG COUNTY,County government,ALLENWOOD RD CHARLOTTE NC,CHARLOTTE,OTHER COUNTY PROPERTY,"Public land, ROW & utility",4.947,336800,100,98,https://polaris3g.mecklenburgcountync.gov/?pid=23109208
17308302,MECKLENBURG COUNTY,County government,OLD REID RD CHARLOTTE NC,CHARLOTTE,GREENWAY TRAIL,"Public land, ROW & utility",0.399,63600,99,97,https://polaris3g.mecklenburgcountync.gov/?pid=17308302
15901605,CHARLOTTE MECKLENBURG BOARD OF EDUCATION,CMS (Board of Education),701 BRIAR CREEK RD CHARLOTTE NC,CHARLOTTE,SCHOOL - PUBLIC,Institutional,16.834,12190900,96,12,https://polaris3g.mecklenburgcountync.gov/?pid=15901605
13305103,MECKLENBURG COUNTY,County government,REDDMAN RD CHARLOTTE NC,CHARLOTTE,SINGLE FAMILY RESIDENTIAL - ACREAGE,Single-family homes,29.288,830200,95,94,https://polaris3g.mecklenburgcountync.gov/?pid=13305103
22118104,MECKLENBURG COUNTY,County government,8135 PINEVILLE-MATTHEWS RD CHARLOTTE NC,CHARLOTTE,GREENWAY TRAIL,"Public land, ROW & utility",26.888,835900,93,92,https://polaris3g.mecklenburgcountync.gov/?pid=22118104
00507102,MECKLENBURG COUNTY,County government,18008 EAGLERIDGE WAY LN CORNELIUS NC,CORNELIUS,OTHER COUNTY PROPERTY,"Public land, ROW & utility",12.962,379900,88,88,https://polaris3g.mecklenburgcountync.gov/?pid=00507102
07324228,MECKLENBURG COUNTY,County government,W 1ST ST CHARLOTTE NC,CHARLOTTE,OTHER COUNTY PROPERTY,"Public land, ROW & utility",0.450,913200,87,85,https://polaris3g.mecklenburgcountync.gov/?pid=07324228
12710201,MECKLENBURG COUNTY,County government,WYANOKE AV CHARLOTTE NC,CHARLOTTE,GREENWAY TRAIL,"Public land, ROW & utility",3.240,2086500,84,3,https://polaris3g.mecklenburgcountync.gov/?pid=12710201
18316202,MECKLENBURG COUNTY,County government,SPALDING PL CHARLOTTE NC,CHARLOTTE,OTHER COUNTY PROPERTY,"Public land, ROW & utility",1.101,175800,84,84,https://polaris3g.mecklenburgcountync.gov/?pid=18316202
15104101,MECKLENBURG COUNTY,County government,2435 CUMBERLAND AV CHARLOTTE NC,CHARLOTTE,REC AREA,"Public land, ROW & utility",104.896,42529700,84,84,https://polaris3g.mecklenburgcountync.gov/?pid=15104101
06711340,MECKLENBURG COUNTY,County government,1221 ALLEGHANY ST CHARLOTTE NC,CHARLOTTE,REC AREA,"Public land, ROW & utility",24.935,4486700,83,81,https://polaris3g.mecklenburgcountync.gov/?pid=06711340
05120367,MECKLENBURG COUNTY,County government,CALDWELL RIDGE PY CHARLOTTE NC,CHARLOTTE,100 YEAR FLOOD PLAIN - AC,"Vacant, floodplain & farm",33.072,118700,80,77,https://polaris3g.mecklenburgcountync.gov/?pid=05120367
12710513,MECKLENBURG COUNTY,County government,WYANOKE AV CHARLOTTE NC,CHARLOTTE,SINGLE FAMILY RESIDENTIAL,Single-family homes,7.019,2595600,75,9,https://polaris3g.mecklenburgcountync.gov/?pid=12710513
04713157,MECKLENBURG COUNTY,County government,TECHNOLOGY DR CHARLOTTE NC,CHARLOTTE,OTHER COUNTY PROPERTY,"Public land, ROW & utility",22.805,8129300,72,72,https://polaris3g.mecklenburgcountync.gov/?pid=04713157
06711344,MECKLENBURG COUNTY,County government,ASHLEY RD CHARLOTTE NC,CHARLOTTE,REC AREA,"Public land, ROW & utility",1.440,25400,72,70,https://polaris3g.mecklenburgcountync.gov/?pid=06711344
14710169,MECKLENBURG COUNTY,County government,915 MARSH RD CHARLOTTE NC,CHARLOTTE,MULTI FAMILY,Multi-family,4.038,3788800,69,69,https://polaris3g.mecklenburgcountync.gov/?pid=14710169
09713111,MECKLENBURG COUNTY,County government,423 EASTWAY DR CHARLOTTE NC,CHARLOTTE,REC AREA,"Public land, ROW & utility",86.033,28464100,68,68,https://polaris3g.mecklenburgcountync.gov/?pid=09713111
20304645,MECKLENBURG COUNTY,County government,10200 NATIONS FORD RD CHARLOTTE NC,CHARLOTTE,REC AREA,"Public land, ROW & utility",78.135,1814200,68,63,https://polaris3g.mecklenburgcountync.gov/?pid=20304645
02971101,MECKLENBURG COUNTY,County government,3530 PROSPERITY CHURCH RD CHARLOTTE NC,CHARLOTTE,GOLF COURSE CLASS 4 - MINIMUM QUALITY,Commercial & office,154.981,0,67,65,https://polaris3g.mecklenburgcountync.gov/?pid=02971101
18929152,MECKLENBURG COUNTY,County government,PINEBURR RD CHARLOTTE NC,CHARLOTTE,OTHER COUNTY PROPERTY,"Public land, ROW & utility",45.429,1235100,63,54,https://polaris3g.mecklenburgcountync.gov/?pid=18929152
02533460,MECKLENBURG COUNTY,County government,CINNABAY DR CHARLOTTE NC,CHARLOTTE,100 YEAR FLOOD PLAIN - AC,"Vacant, floodplain & farm",20.749,140100,63,56,https://polaris3g.mecklenburgcountync.gov/?pid=02533460
20722198,MECKLENBURG COUNTY,County government,2741 HEIDLEBURG LN CHARLOTTE NC,CHARLOTTE,GREENWAY TRAIL,"Public land, ROW & utility",31.922,1450200,60,56,https://polaris3g.mecklenburgcountync.gov/?pid=20722198
20712427,MECKLENBURG COUNTY,County government,1910 LONGLEAF DR CHARLOTTE NC,CHARLOTTE,REC AREA,"Public land, ROW & utility",4.415,873500,59,59,https://polaris3g.mecklenburgcountync.gov/?pid=20712427
23110102,MECKLENBURG COUNTY,County government,3306 TILLEY MORRIS RD CHARLOTTE NC,CHARLOTTE,OTHER COUNTY PROPERTY,"Public land, ROW & utility",130.173,11117000,58,55,https://polaris3g.mecklenburgcountync.gov/?pid=23110102
06912597,CHARLOTTE MECKLENBURG BOARD OF EDUCATION,CMS (Board of Education),2400 HILDEBRAND ST CHARLOTTE NC,CHARLOTTE,SCHOOL - PUBLIC,Institutional,15.374,8871700,57,57,https://polaris3g.mecklenburgcountync.gov/?pid=06912597
13107103,MECKLENBURG COUNTY,County government,3010 WINTERFIELD PL CHARLOTTE NC,CHARLOTTE,REC AREA,"Public land, ROW & utility",13.813,314100,55,54,https://polaris3g.mecklenburgcountync.gov/?pid=13107103
13107105,MECKLENBURG COUNTY,County government,NORLAND RD CHARLOTTE NC,CHARLOTTE,REC AREA,"Public land, ROW & utility",77.414,15043600,55,53,https://polaris3g.mecklenburgcountync.gov/?pid=13107105
16712106,CHARLOTTE MECKLENBURG BOARD OF EDUCATION,CMS (Board of Education),7050 NATIONS FORD RD CHARLOTTE NC,CHARLOTTE,SCHOOL - PUBLIC,Institutional,46.650,18176000,52,49,https://polaris3g.mecklenburgcountync.gov/?pid=16712106
22352102,MECKLENBURG COUNTY,County government,11401 ARDREY KELL RD UNINC NC,MECKLENBURG COUNTY-UNINCORPORATED,OTHER COUNTY PROPERTY,"Public land, ROW & utility",104.422,25945500,52,48,https://polaris3g.mecklenburgcountync.gov/?pid=22352102
05517135,MECKLENBURG COUNTY,County government,TRACY AV CHARLOTTE NC,CHARLOTTE,SINGLE FAMILY RESIDENTIAL - ACREAGE,Single-family homes,8.353,84200,51,48,https://polaris3g.mecklenburgcountync.gov/?pid=05517135
13316132,MECKLENBURG COUNTY,County government,6914 MARLBROOK DR CHARLOTTE NC,CHARLOTTE,100 YEAR FLOOD PLAIN - AC,"Vacant, floodplain & farm",16.603,555500,51,49,https://polaris3g.mecklenburgcountync.gov/?pid=13316132
05113335,MECKLENBURG COUNTY,County government,PIMPERNEL RD CHARLOTTE NC,CHARLOTTE,OTHER COUNTY PROPERTY,"Public land, ROW & utility",11.478,31600,51,49,https://polaris3g.mecklenburgcountync.gov/?pid=05113335
19103902,MECKLENBURG COUNTY,County government,7315 MONROE RD CHARLOTTE NC,CHARLOTTE,OTHER COUNTY PROPERTY,"Public land, ROW & utility",29.811,2412400,50,49,https://polaris3g.mecklenburgcountync.gov/?pid=19103902
02514123,MECKLENBURG COUNTY,County government,REAMES RD CHARLOTTE NC,CHARLOTTE,100 YEAR FLOOD PLAIN - AC,"Vacant, floodplain & farm",23.826,154400,49,41,https://polaris3g.mecklenburgcountync.gov/?pid=02514123
11149101,MECKLENBURG COUNTY,County government,3824 CAMP STEWART RD UNINC NC,MECKLENBURG COUNTY-UNINCORPORATED,SINGLE FAMILY RESIDENTIAL - ACREAGE,Single-family homes,209.527,6194200,48,48,https://polaris3g.mecklenburgcountync.gov/?pid=11149101
21107316,CHARLOTTE MECKLENBURG BOARD OF EDUCATION,CMS (Board of Education),3800 REA RD CHARLOTTE NC,CHARLOTTE,SCHOOL - PUBLIC,Institutional,39.326,20733400,48,48,https://polaris3g.mecklenburgcountync.gov/?pid=21107316
22140264,MECKLENBURG COUNTY,County government,12014 ROCK CANYON DR CHARLOTTE NC,CHARLOTTE,GREENWAY TRAIL,"Public land, ROW & utility",23.970,737300,47,45,https://polaris3g.mecklenburgcountync.gov/?pid=22140264
05907114,MECKLENBURG COUNTY,County government,TUCKASEEGEE RD CHARLOTTE NC,CHARLOTTE,SINGLE FAMILY RESIDENTIAL,Single-family homes,20.416,911700,47,46,https://polaris3g.mecklenburgcountync.gov/?pid=05907114
03734101,MECKLENBURG COUNTY,County government,800 RADIO RD UNINC NC,MECKLENBURG COUNTY-UNINCORPORATED,GOLF COURSE CLASS 4 - MINIMUM QUALITY,Commercial & office,159.332,1156200,47,44,https://polaris3g.mecklenburgcountync.gov/?pid=03734101
04726199,MECKLENBURG COUNTY,County government,GLENWATER DR CHARLOTTE NC,CHARLOTTE,OTHER COUNTY PROPERTY,"Public land, ROW & utility",1.168,290100,47,45,https://polaris3g.mecklenburgcountync.gov/?pid=04726199
16522199,MECKLENBURG COUNTY,County government,BLUFF WOOD CV CHARLOTTE NC,CHARLOTTE,GREENWAY TRAIL,"Public land, ROW & utility",11.285,406900,46,44,https://polaris3g.mecklenburgcountync.gov/?pid=16522199
04729161,MECKLENBURG COUNTY,County government,WALDEN STATION DR CHARLOTTE NC,CHARLOTTE,GREENWAY TRAIL,"Public land, ROW & utility",2.551,648200,46,43,https://polaris3g.mecklenburgcountync.gov/?pid=04729161
00507112,MECKLENBURG COUNTY,County government,17702 WEST CATAWBA AV CORNELIUS NC,CORNELIUS,OTHER COUNTY PROPERTY,"Public land, ROW & utility",82.021,5219800,45,43,https://polaris3g.mecklenburgcountync.gov/?pid=00507112
09721199,MECKLENBURG COUNTY,County government,THE PLAZA CHARLOTTE NC,CHARLOTTE,REC AREA,"Public land, ROW & utility",23.696,4509300,45,41,https://polaris3g.mecklenburgcountync.gov/?pid=09721199
09304251,CHARLOTTE MECKLENBURG BOARD OF EDUCATION,CMS (Board of Education),1100 EASTWAY DR CHARLOTTE NC,CHARLOTTE,SCHOOL - PUBLIC,Institutional,60.309,36708700,44,44,https://polaris3g.mecklenburgcountync.gov/?pid=09304251
03119499,MECKLENBURG COUNTY,County government,WINDING RIVER DR CHARLOTTE NC,CHARLOTTE,SINGLE FAMILY RESIDENTIAL - COMMON,HOA common area,18.060,0,43,43,https://polaris3g.mecklenburgcountync.gov/?pid=03119499
05119113,MECKLENBURG COUNTY,County government,BACK CREEK CHURCH RD CHARLOTTE NC,CHARLOTTE,SINGLE FAMILY RESIDENTIAL - ACREAGE,Single-family homes,77.329,3015700,43,39,https://polaris3g.mecklenburgcountync.gov/?pid=05119113
05114272,MECKLENBURG COUNTY,County government,DALBETH ST UNINC NC,MECKLENBURG COUNTY-UNINCORPORATED,OTHER COUNTY PROPERTY,"Public land, ROW & utility",8.889,37800,42,37,https://polaris3g.mecklenburgcountync.gov/?pid=05114272
21348599,MECKLENBURG COUNTY,County government,KELFORD LN CHARLOTTE NC,CHARLOTTE,GREENWAY TRAIL,"Public land, ROW & utility",37.795,1080600,42,35,https://polaris3g.mecklenburgcountync.gov/?pid=21348599
10949148,MECKLENBURG COUNTY,County government,9903 BELLA MARCHE DR CHARLOTTE NC,CHARLOTTE,OTHER COUNTY PROPERTY,"Public land, ROW & utility",5.554,112800,42,41,https://polaris3g.mecklenburgcountync.gov/?pid=10949148
07322201,MECKLENBURG COUNTY,County government,1123 GREENLEAF AV CHARLOTTE NC,CHARLOTTE,OTHER COUNTY PROPERTY,"Public land, ROW & utility",1.834,3460300,42,40,https://polaris3g.mecklenburgcountync.gov/?pid=07322201
00911119,MECKLENBURG COUNTY,County government,16131 OLD STATESVILLE RD HUNTERSVILLE NC,HUNTERSVILLE,OTHER COUNTY PROPERTY,"Public land, ROW & utility",84.255,2157500,41,39,https://polaris3g.mecklenburgcountync.gov/?pid=00911119
16723106,MECKLENBURG COUNTY PARKS & REC COMMISSION,County government,2632 S TRYON ST CHARLOTTE NC,CHARLOTTE,INDUSTRIAL,Industrial & warehouse,15.930,637200,41,36,https://polaris3g.mecklenburgcountync.gov/?pid=16723106
05130299,MECKLENBURG COUNTY,County government,ASTORIA DR CHARLOTTE NC,CHARLOTTE,100 YEAR FLOOD PLAIN - AC,"Vacant, floodplain & farm",5.458,8500,40,37,https://polaris3g.mecklenburgcountync.gov/?pid=05130299
06111330,CHARLOTTE MECKLENBURG BOARD OF EDUCATION,CMS (Board of Education),2001 ALLEGHANY ST CHARLOTTE NC,CHARLOTTE,SCHOOL - PUBLIC,Institutional,43.270,29128100,40,40,https://polaris3g.mecklenburgcountync.gov/?pid=06111330
03728399,MECKLENBURG COUNTY,County government,SOUTHMINSTER LN CHARLOTTE NC,CHARLOTTE,SINGLE FAMILY RESIDENTIAL,Single-family homes,7.127,242300,40,25,https://polaris3g.mecklenburgcountync.gov/?pid=03728399
15302126,MECKLENBURG COUNTY,County government,BLYTHE BV CHARLOTTE NC,CHARLOTTE,GREENWAY TRAIL,"Public land, ROW & utility",2.000,226100,40,36,https://polaris3g.mecklenburgcountync.gov/?pid=15302126
06709555,CHARLOTTE MECKLENBURG BOARD OF EDUCATION,CMS (Board of Education),2401 BELFAST DR CHARLOTTE NC,CHARLOTTE,SCHOOL - PUBLIC,Institutional,12.980,14445800,40,40,https://polaris3g.mecklenburgcountync.gov/?pid=06709555
11102193,MECKLENBURG COUNTY,County government,9411 BRADSTREET COMMONS WY CHARLOTTE NC,CHARLOTTE,SINGLE FAMILY RESIDENTIAL - ACREAGE,Single-family homes,10.279,107300,40,39,https://polaris3g.mecklenburgcountync.gov/?pid=11102193
11101198,MECKLENBURG COUNTY,County government,GOLD PAN RD CHARLOTTE NC,CHARLOTTE,100 YEAR FLOOD PLAIN - LT,"Vacant, floodplain & farm",3.926,0,39,36,https://polaris3g.mecklenburgcountync.gov/?pid=11101198
16717212,MECKLENBURG COUNTY,County government,1210 W ARROWOOD RD CHARLOTTE NC,CHARLOTTE,100 YEAR FLOOD PLAIN - AC,"Vacant, floodplain & farm",25.111,154900,39,34,https://polaris3g.mecklenburgcountync.gov/?pid=16717212
20145102,MECKLENBURG COUNTY,County government,2632 S TRYON ST CHARLOTTE NC,CHARLOTTE,OTHER COUNTY PROPERTY,"Public land, ROW & utility",36.282,815300,39,36,https://polaris3g.mecklenburgcountync.gov/?pid=20145102
13509399,MECKLENBURG COUNTY,County government,IDLEWILD RD CHARLOTTE NC,CHARLOTTE,100 YEAR FLOOD PLAIN - AC,"Vacant, floodplain & farm",9.634,371200,39,36,https://polaris3g.mecklenburgcountync.gov/?pid=13509399
02716103,MECKLENBURG COUNTY,County government,5434 HUCKS RD UNINC NC,MECKLENBURG COUNTY-UNINCORPORATED,OTHER COUNTY PROPERTY,"Public land, ROW & utility",98.009,4148100,39,35,https://polaris3g.mecklenburgcountync.gov/?pid=02716103
02716103,MECKLENBURG COUNTY,County government,5434 HUCKS RD CHARLOTTE NC,CHARLOTTE,OTHER COUNTY PROPERTY,"Public land, ROW & utility",98.009,1906700,39,35,https://polaris3g.mecklenburgcountync.gov/?pid=02716103
05904114,CHARLOTTE MECKLENBURG BOARD OF EDUCATION,CMS (Board of Education),FREEDOM DR CHARLOTTE NC,CHARLOTTE,MUNICIPAL EDUCATION,Institutional,52.353,8296900,39,38,https://polaris3g.mecklenburgcountync.gov/?pid=05904114
18923101,CHARLOTTE-MECKLENBURG BOARD OF EDUCATION,CMS (Board of Education),6800 MONROE RD CHARLOTTE NC,CHARLOTTE,SCHOOL - PUBLIC,Institutional,45.887,47164100,38,38,https://polaris3g.mecklenburgcountync.gov/?pid=18923101
10111234,MECKLENBURG COUNTY,County government,2600 KILBORNE DR CHARLOTTE NC,CHARLOTTE,SINGLE FAMILY RESIDENTIAL - ACREAGE,Single-family homes,48.195,3433700,38,37,https://polaris3g.mecklenburgcountync.gov/?pid=10111234
05106594,MECKLENBURG COUNTY,County government,KEMPSFORD DR CHARLOTTE NC,CHARLOTTE,100 YEAR FLOOD PLAIN - AC,"Vacant, floodplain & farm",13.705,77000,38,34,https://polaris3g.mecklenburgcountync.gov/?pid=05106594
06916443,CHARLOTTE-MECKLENBURG BOARD OF EDUCATION,CMS (Board of Education),2219 SENIOR DR CHARLOTTE NC,CHARLOTTE,SCHOOL - PUBLIC,Institutional,45.952,61724100,38,37,https://polaris3g.mecklenburgcountync.gov/?pid=06916443
14517908,MECKLENBURG COUNTY,County government,2115 FENNIMORE ST CHARLOTTE NC,CHARLOTTE,OTHER COUNTY PROPERTY,"Public land, ROW & utility",4.985,220800,38,36,https://polaris3g.mecklenburgcountync.gov/?pid=14517908
09513162,CHARLOTTE MECKLENBURG BOARD OF EDUCATION,CMS (Board of Education),3508 DRAPER AV CHARLOTTE NC,CHARLOTTE,SCHOOL - PUBLIC,Institutional,23.149,12453600,37,36,https://polaris3g.mecklenburgcountync.gov/?pid=09513162
22711108,MECKLENBURG COUNTY,County government,HOUSTON BRANCH RD CHARLOTTE NC,CHARLOTTE,OTHER COUNTY PROPERTY,"Public land, ROW & utility",36.055,1103100,37,36,https://polaris3g.mecklenburgcountync.gov/?pid=22711108
10723106,MECKLENBURG COUNTY,County government,7721 PLOTT RD CHARLOTTE NC,CHARLOTTE,SINGLE FAMILY RESIDENTIAL,Single-family homes,19.079,578600,37,35,https://polaris3g.mecklenburgcountync.gov/?pid=10723106
14509131,MECKLENBURG COUNTY,County government,2954 REVOLUTION PARK DR CHARLOTTE NC,CHARLOTTE,REC AREA,"Public land, ROW & utility",37.995,1959300,36,30,https://polaris3g.mecklenburgcountync.gov/?pid=14509131
16519379,MECKLENBURG COUNTY,County government,ELESSAR PL CHARLOTTE NC,CHARLOTTE,OTHER COUNTY PROPERTY,"Public land, ROW & utility",10.466,378300,36,34,https://polaris3g.mecklenburgcountync.gov/?pid=16519379
21121223,MECKLENBURG COUNTY,County government,PINEVILLE-MATTHEWS RD CHARLOTTE NC,CHARLOTTE,OTHER COUNTY PROPERTY,"Public land, ROW & utility",39.922,1234300,36,33,https://polaris3g.mecklenburgcountync.gov/?pid=21121223
20706203,MECKLENBURG COUNTY,County government,PARK CROSSING DR CHARLOTTE NC,CHARLOTTE,GREENWAY TRAIL,"Public land, ROW & utility",44.988,1304600,36,32,https://polaris3g.mecklenburgcountync.gov/?pid=20706203
15713434,CHARLOTTE MECKLENBURG BOARD OF EDUCATION,CMS (Board of Education),4400 WATER OAK RD CHARLOTTE NC,CHARLOTTE,"SCHOOL,COLLEGE, PRIVATE",Institutional,24.633,23844300,36,36,https://polaris3g.mecklenburgcountync.gov/?pid=15713434
22939699,MECKLENBURG COUNTY,County government,DARCY HOPKINS DR CHARLOTTE NC,CHARLOTTE,OTHER COUNTY PROPERTY,"Public land, ROW & utility",11.066,397500,36,35,https://polaris3g.mecklenburgcountync.gov/?pid=22939699
03523199,MECKLENBURG COUNTY,County government,VALLEYDALE RD CHARLOTTE NC,CHARLOTTE,SINGLE FAMILY RESIDENTIAL - COMMON,HOA common area,11.452,0,36,33,https://polaris3g.mecklenburgcountync.gov/?pid=03523199
05529101,CHARLOTTE-MECKLENBURG BOARD OF EDUCATION,CMS (Board of Education),7400 TUCKASEEGEE RD CHARLOTTE NC,CHARLOTTE,SCHOOL - PUBLIC,Institutional,52.972,38822400,36,35,https://polaris3g.mecklenburgcountync.gov/?pid=05529101
21114101,CHARLOTTE MECKLENBURG BOARD OF EDUCATION,CMS (Board of Education),5001 CAMILLA DR CHARLOTTE NC,CHARLOTTE,SCHOOL - PUBLIC,Institutional,40.325,35305300,36,35,https://polaris3g.mecklenburgcountync.gov/?pid=21114101
03707169,MECKLENBURG COUNTY,County government,MIRANDA RD CHARLOTTE NC,CHARLOTTE,SINGLE FAMILY RESIDENTIAL - ACREAGE,Single-family homes,15.029,91200,36,34,https://polaris3g.mecklenburgcountync.gov/?pid=03707169
02706249,MECKLENBURG COUNTY,County government,EAGLE CREEK DR CHARLOTTE NC,CHARLOTTE,SINGLE FAMILY RESIDENTIAL - COMMON,HOA common area,3.103,0,35,34,https://polaris3g.mecklenburgcountync.gov/?pid=02706249
01321101,MECKLENBURG COUNTY,County government,CASHION RD HUNTERSVILLE NC,HUNTERSVILLE,SINGLE FAMILY RESIDENTIAL - ACREAGE,Single-family homes,84.664,3166100,35,33,https://polaris3g.mecklenburgcountync.gov/?pid=01321101
02934233,MECKLENBURG COUNTY,County government,2530 JOHNSTON OEHLER RD CHARLOTTE NC,CHARLOTTE,OTHER COUNTY PROPERTY,"Public land, ROW & utility",218.713,16725400,35,34,https://polaris3g.mecklenburgcountync.gov/?pid=02934233
05913252,MECKLENBURG COUNTY,County government,STONE BLUFF CT CHARLOTTE NC,CHARLOTTE,100 YEAR FLOOD PLAIN - AC,"Vacant, floodplain & farm",4.404,22900,35,35,https://polaris3g.mecklenburgcountync.gov/?pid=05913252
02531271,MECKLENBURG COUNTY,County government,9036 TREYBURN DR CHARLOTTE NC,CHARLOTTE,100 YEAR FLOOD PLAIN - AC,"Vacant, floodplain & farm",6.748,44500,35,31,https://polaris3g.mecklenburgcountync.gov/?pid=02531271
02729165,MECKLENBURG COUNTY,County government,CHADWELL LN CHARLOTTE NC,CHARLOTTE,OTHER COUNTY PROPERTY,"Public land, ROW & utility",8.180,27700,35,33,https://polaris3g.mecklenburgcountync.gov/?pid=02729165
01302450,MECKLENBURG COUNTY,County government,PAMELA ST HUNTERSVILLE NC,HUNTERSVILLE,OTHER COUNTY PROPERTY,"Public land, ROW & utility",11.948,178400,35,12,https://polaris3g.mecklenburgcountync.gov/?pid=01302450
22901130,COUNTY OF MECKLENBURG,County government,10220 ARDREY KELL RD CHARLOTTE NC,CHARLOTTE,SCHOOL - PUBLIC,Institutional,58.300,58388200,35,35,https://polaris3g.mecklenburgcountync.gov/?pid=22901130
01539198,MECKLENBURG COUNTY,County government,LEISURE LN HUNTERSVILLE NC,HUNTERSVILLE,OTHER COUNTY PROPERTY,"Public land, ROW & utility",31.112,94200,34,27,https://polaris3g.mecklenburgcountync.gov/?pid=01539198
02719497,MECKLENBURG COUNTY,County government,5435 HUCKS RD CHARLOTTE NC,CHARLOTTE,REC AREA,"Public land, ROW & utility",31.108,2259000,34,32,https://polaris3g.mecklenburgcountync.gov/?pid=02719497
22309167,MECKLENBURG COUNTY PARKS AND RECREATION DEPARTMENT,County government,CLEMS BRANCH DR CHARLOTTE NC,CHARLOTTE,OTHER COUNTY PROPERTY,"Public land, ROW & utility",8.940,339100,34,34,https://polaris3g.mecklenburgcountync.gov/?pid=22309167
20108105,CHARLOTTE MECKLENBURG BOARD OF EDUCATION,CMS (Board of Education),4301 SANDY PORTER RD CHARLOTTE NC,CHARLOTTE,SCHOOL - PUBLIC,Institutional,63.353,46095200,34,32,https://polaris3g.mecklenburgcountync.gov/?pid=20108105
16719105,CHARLOTTE-MECKLENBURG BOARD OF EDUCATION,CMS (Board of Education),8300 NATIONS FORD RD CHARLOTTE NC,CHARLOTTE,SCHOOL - PUBLIC,Institutional,14.576,29777700,34,34,https://polaris3g.mecklenburgcountync.gov/?pid=16719105
02514876,MECKLENBURG COUNTY,County government,AINSWORTH ST CHARLOTTE NC,CHARLOTTE,OTHER COUNTY PROPERTY,"Public land, ROW & utility",8.784,232600,34,31,https://polaris3g.mecklenburgcountync.gov/?pid=02514876
22134136,MECKLENBURG COUNTY,County government,BENT OAK RD CHARLOTTE NC,CHARLOTTE,GREENWAY TRAIL,"Public land, ROW & utility",20.860,681600,34,31,https://polaris3g.mecklenburgcountync.gov/?pid=22134136
03127101,MECKLENBURG COUNTY,County government,100 COULWOOD PARK DR CHARLOTTE NC,CHARLOTTE,SINGLE FAMILY RESIDENTIAL - ACREAGE,Single-family homes,24.483,1377300,34,32,https://polaris3g.mecklenburgcountync.gov/?pid=03127101
04536101,MECKLENBURG COUNTY,County government,5017 HOYT HINSON RD CHARLOTTE NC,CHARLOTTE,SINGLE FAMILY RESIDENTIAL,Single-family homes,148.378,6895300,34,29,https://polaris3g.mecklenburgcountync.gov/?pid=04536101
17118401,MECKLENBURG COUNTY,County government,2827 TYVOLA RD CHARLOTTE NC,CHARLOTTE,OTHER COUNTY PROPERTY,"Public land, ROW & utility",15.180,3361800,33,30,https://polaris3g.mecklenburgcountync.gov/?pid=17118401
20948192,MECKLENBURG COUNTY,County government,10221 SUMMER HOUSE CT CHARLOTTE NC,CHARLOTTE,100 YEAR FLOOD PLAIN - AC,"Vacant, floodplain & farm",11.319,88100,33,31,https://polaris3g.mecklenburgcountync.gov/?pid=20948192
06108107,CHARLOTTE MECKLENBURG BOARD OF EDUCATION,CMS (Board of Education),4420 DENVER AV CHARLOTTE NC,CHARLOTTE,SCHOOL - PUBLIC,Institutional,10.460,9797200,33,28,https://polaris3g.mecklenburgcountync.gov/?pid=06108107
22332201,MECKLENBURG COUNTY,County government,9545 STONEY HILL LN CHARLOTTE NC,CHARLOTTE,GREENWAY TRAIL,"Public land, ROW & utility",24.494,782200,33,30,https://polaris3g.mecklenburgcountync.gov/?pid=22332201
12312501,MECKLENBURG COUNTY,County government,1100 ROMANY RD CHARLOTTE NC,CHARLOTTE,REC AREA,"Public land, ROW & utility",6.590,10201000,33,33,https://polaris3g.mecklenburgcountync.gov/?pid=12312501
15701633,MECKLENBURG COUNTY,County government,ORANGE ST CHARLOTTE NC,CHARLOTTE,FLUM/SWIM FLOODWAY (NO BUILD ZONE),"Vacant, floodplain & farm",1.304,56000,33,33,https://polaris3g.mecklenburgcountync.gov/?pid=15701633
05129153,MECKLENBURG COUNTY,County government,CHAROLAIS LN CHARLOTTE NC,CHARLOTTE,RURAL HOMESITE,Single-family homes,5.424,91200,33,33,https://polaris3g.mecklenburgcountync.gov/?pid=05129153
22909110,MECKLENBURG COUNTY,County government,BLAKENEY HEATH RD CHARLOTTE NC,CHARLOTTE,SINGLE FAMILY RESIDENTIAL - COMMON,HOA common area,16.740,0,33,32,https://polaris3g.mecklenburgcountync.gov/?pid=22909110
02710389,MECKLENBURG COUNTY,County government,BRADY DR CHARLOTTE NC,CHARLOTTE,OTHER COUNTY PROPERTY,"Public land, ROW & utility",9.620,65800,32,27,https://polaris3g.mecklenburgcountync.gov/?pid=02710389
02747129,MECKLENBURG COUNTY,County government,MALLARD CREEK RD CHARLOTTE NC,CHARLOTTE,OTHER COUNTY PROPERTY,"Public land, ROW & utility",16.502,169400,32,27,https://polaris3g.mecklenburgcountync.gov/?pid=02747129
20147644,MECKLENBURG COUNTY,County government,GRIERS FORK DR CHARLOTTE NC,CHARLOTTE,SINGLE FAMILY RESIDENTIAL,Single-family homes,3.534,65300,32,29,https://polaris3g.mecklenburgcountync.gov/?pid=20147644
20953195,MECKLENBURG COUNTY,County government,9243 COVEY HOLLOW CT CHARLOTTE NC,CHARLOTTE,100 YEAR FLOOD PLAIN - AC,"Vacant, floodplain & farm",16.658,111000,32,30,https://polaris3g.mecklenburgcountync.gov/?pid=20953195
15301124,CHARLOTTE MECKLENBURG HOSPITAL AUTHORITY,Hospital Authority (Atrium),1000 BLYTHE BV CHARLOTTE NC,CHARLOTTE,HOSPITALS - PUBLIC,Institutional,55.708,1100490900,31,25,https://polaris3g.mecklenburgcountync.gov/?pid=15301124
14522411,CHARLOTTE MECKLENBURG BOARD OF EDUCATION,CMS (Board of Education),2414 LESTER ST CHARLOTTE NC,CHARLOTTE,SCHOOL - PUBLIC,Institutional,36.589,20966200,31,28,https://polaris3g.mecklenburgcountync.gov/?pid=14522411
08510102,MECKLENBURG COUNTY,County government,925 W CRAIGHEAD RD CHARLOTTE NC,CHARLOTTE,REC AREA,"Public land, ROW & utility",23.517,2412500,31,31,https://polaris3g.mecklenburgcountync.gov/?pid=08510102
06903519,MECKLENBURG COUNTY,County government,428 SOLOMON ST CHARLOTTE NC,CHARLOTTE,REC AREA,"Public land, ROW & utility",9.303,5171900,31,31,https://polaris3g.mecklenburgcountync.gov/?pid=06903519
01747176,CHARLOTTE MECKLENBURG BOARD OF EDUCATION,CMS (Board of Education),14550 RANSON RD HUNTERSVILLE NC,HUNTERSVILLE,SCHOOL - PUBLIC,Institutional,16.953,16046000,31,31,https://polaris3g.mecklenburgcountync.gov/?pid=01747176
08909335,CHARLOTTE MECKLENBURG BOARD OF EDUCATION,CMS (Board of Education),5100 SNOW WHITE LN CHARLOTTE NC,CHARLOTTE,SCHOOL - PUBLIC,Institutional,15.049,10581100,31,31,https://polaris3g.mecklenburgcountync.gov/?pid=08909335
09926105,CHARLOTTE MECKLENBURG BOARD OF EDUCATION,CMS (Board of Education),5014 N SHARON AMITY RD CHARLOTTE NC,CHARLOTTE,SCHOOL - PUBLIC,Institutional,46.442,25189700,31,31,https://polaris3g.mecklenburgcountync.gov/?pid=09926105
16724399,MECKLENBURG COUNTY,County government,YORKDALE DR CHARLOTTE NC,CHARLOTTE,INDUSTRIAL,Industrial & warehouse,9.557,288400,30,27,https://polaris3g.mecklenburgcountync.gov/?pid=16724399
22130333,MECKLENBURG COUNTY,County government,12007 JOHNSTON RD CHARLOTTE NC,CHARLOTTE,OTHER COUNTY PROPERTY,"Public land, ROW & utility",20.036,631100,30,27,https://polaris3g.mecklenburgcountync.gov/?pid=22130333
07107452,CHARLOTTE MECKLENBURG BOARD OF EDUCATION,CMS (Board of Education),521 S BRUNS AV CHARLOTTE NC,CHARLOTTE,SCHOOL - PUBLIC,Institutional,12.800,26456800,30,28,https://polaris3g.mecklenburgcountync.gov/?pid=07107452
20110104,MECKLENBURG COUNTY,County government,13632 BROWN-GRIER RD UNINC NC,MECKLENBURG COUNTY-UNINCORPORATED,SINGLE FAMILY RESIDENTIAL - ACREAGE,Single-family homes,31.155,1263800,30,28,https://polaris3g.mecklenburgcountync.gov/?pid=20110104
22339149,MECKLENBURG COUNTY,County government,6741 BEVINGTON PL CHARLOTTE NC,CHARLOTTE,OTHER COUNTY PROPERTY,"Public land, ROW & utility",24.106,840100,30,24,https://polaris3g.mecklenburgcountync.gov/?pid=22339149
04118315,CHARLOTTE MECKLENBURG BOARD OF EDUCATION,CMS (Board of Education),5521 MILHAVEN LN CHARLOTTE NC,CHARLOTTE,SINGLE FAMILY RESIDENTIAL - ACREAGE,Single-family homes,13.650,13299600,30,30,https://polaris3g.mecklenburgcountync.gov/?pid=04118315
02710691,MECKLENBURG COUNTY,County government,EAGLE CREEK DR CHARLOTTE NC,CHARLOTTE,SINGLE FAMILY RESIDENTIAL - COMMON,HOA common area,1.214,65000,30,30,https://polaris3g.mecklenburgcountync.gov/?pid=02710691
22731199,MECKLENBURG COUNTY,County government,S TRADE ST MATTHEWS NC,MATTHEWS,GREENWAY TRAIL,"Public land, ROW & utility",2.536,17600,30,29,https://polaris3g.mecklenburgcountync.gov/?pid=22731199
02514899,MECKLENBURG COUNTY,County government,CHALKSTONE RD CHARLOTTE NC,CHARLOTTE,OTHER COUNTY PROPERTY,"Public land, ROW & utility",9.173,245100,29,28,https://polaris3g.mecklenburgcountync.gov/?pid=02514899
02744298,MECKLENBURG COUNTY,County government,MALLARD CREEK RD CHARLOTTE NC,CHARLOTTE,REC AREA,"Public land, ROW & utility",8.411,176700,29,25,https://polaris3g.mecklenburgcountync.gov/?pid=02744298
10701106,CHARLOTTE MECKLENBURG BOARD OF EDUCATION,CMS (Board of Education),6200 STARHAVEN DR CHARLOTTE NC,CHARLOTTE,SCHOOL - PUBLIC,Institutional,51.058,23522100,29,27,https://polaris3g.mecklenburgcountync.gov/?pid=10701106
02725156,MECKLENBURG COUNTY,County government,9299 FAIRMEAD DR CHARLOTTE NC,CHARLOTTE,100 YEAR FLOOD PLAIN - AC,"Vacant, floodplain & farm",7.509,49000,29,25,https://polaris3g.mecklenburgcountync.gov/?pid=02725156
03740105,MECKLENBURG COUNTY,County government,OAKDALE RD UNINC NC,MECKLENBURG COUNTY-UNINCORPORATED,SINGLE FAMILY RESIDENTIAL - ACREAGE,Single-family homes,37.744,1548600,29,27,https://polaris3g.mecklenburgcountync.gov/?pid=03740105
04318106,MECKLENBURG COUNTY,County government,8840 OLD POTTERS RD CHARLOTTE NC,CHARLOTTE,GREENWAY TRAIL,"Public land, ROW & utility",10.847,668500,29,27,https://polaris3g.mecklenburgcountync.gov/?pid=04318106
02522294,MECKLENBURG COUNTY,County government,REAMES RD CHARLOTTE NC,CHARLOTTE,100 YEAR FLOOD PLAIN - AC,"Vacant, floodplain & farm",7.605,52400,29,26,https://polaris3g.mecklenburgcountync.gov/?pid=02522294
07802601,MECKLENBURG COUNTY,County government,308 W 7TH ST CHARLOTTE NC,CHARLOTTE,OTHER COUNTY PROPERTY,"Public land, ROW & utility",1.964,16567200,29,29,https://polaris3g.mecklenburgcountync.gov/?pid=07802601
10928188,MECKLENBURG COUNTY,County government,OLIVET DR CHARLOTTE NC,CHARLOTTE,OTHER COUNTY PROPERTY,"Public land, ROW & utility",7.924,125500,28,26,https://polaris3g.mecklenburgcountync.gov/?pid=10928188
10928188,MECKLENBURG COUNTY,County government,5620 BENT CREEK CR UNINC NC,MECKLENBURG COUNTY-UNINCORPORATED,OTHER COUNTY PROPERTY,"Public land, ROW & utility",7.924,72500,28,26,https://polaris3g.mecklenburgcountync.gov/?pid=10928188
19316104,MECKLENBURG COUNTY,County government,10810 IDLEWILD RD MATTHEWS NC,MATTHEWS,OTHER COUNTY PROPERTY,"Public land, ROW & utility",53.302,3879100,28,26,https://polaris3g.mecklenburgcountync.gov/?pid=19316104
02736135,MECKLENBURG COUNTY,County government,4728 DAVID COX RD CHARLOTTE NC,CHARLOTTE,SINGLE FAMILY RESIDENTIAL - ACREAGE,Single-family homes,4.671,336600,28,28,https://polaris3g.mecklenburgcountync.gov/?pid=02736135
19722103,MECKLENBURG COUNTY,County government,10631 FAIRVIEW RD UNINC NC,MECKLENBURG COUNTY-UNINCORPORATED,SINGLE FAMILY RESIDENTIAL - ACREAGE,Single-family homes,141.455,5479100,28,28,https://polaris3g.mecklenburgcountync.gov/?pid=19722103
03730199,MECKLENBURG COUNTY,County government,SOUTHMINSTER LN CHARLOTTE NC,CHARLOTTE,SINGLE FAMILY RESIDENTIAL - ACREAGE,Single-family homes,29.681,1282400,28,25,https://polaris3g.mecklenburgcountync.gov/?pid=03730199
05530101,MECKLENBURG COUNTY,County government,KENDRICK DR CHARLOTTE NC,CHARLOTTE,SINGLE FAMILY RESIDENTIAL,Single-family homes,36.271,1760000,28,23,https://polaris3g.mecklenburgcountync.gov/?pid=05530101
05143311,MECKLENBURG COUNTY,County government,9932 FAIRES FARM RD CHARLOTTE NC,CHARLOTTE,GREENWAY TRAIL,"Public land, ROW & utility",27.189,604400,28,24,https://polaris3g.mecklenburgcountync.gov/?pid=05143311
17313245,CHARLOTTE MECKLENBURG BOARD OF EDUCATION,CMS (Board of Education),1600 BROOKDALE AV CHARLOTTE NC,CHARLOTTE,SCHOOL - PUBLIC,Institutional,15.533,8846200,28,28,https://polaris3g.mecklenburgcountync.gov/?pid=17313245
03133199,MECKLENBURG COUNTY,County government,165 BIRCHWOOD DR CHARLOTTE NC,CHARLOTTE,SINGLE FAMILY RESIDENTIAL - ACREAGE,Single-family homes,10.847,359000,28,26,https://polaris3g.mecklenburgcountync.gov/?pid=03133199
15710802,MECKLENBURG COUNTY,County government,750 BEAL ST CHARLOTTE NC,CHARLOTTE,REC AREA,"Public land, ROW & utility",12.137,9215200,28,28,https://polaris3g.mecklenburgcountync.gov/?pid=15710802
17322107,CHARLOTTE MECKLENBURG BOARD OF EDUCATION,CMS (Board of Education),2520 HUNTINGTOWNE FARMS LN CHARLOTTE NC,CHARLOTTE,SCHOOL - PUBLIC,Institutional,18.786,14316700,28,28,https://polaris3g.mecklenburgcountync.gov/?pid=17322107
19912106,MECKLENBURG COUNTY,County government,12222 WINGET RD CHARLOTTE NC,CHARLOTTE,RURAL HOMESITE,Single-family homes,58.809,3294800,28,25,https://polaris3g.mecklenburgcountync.gov/?pid=19912106
05920199,MECKLENBURG COUNTY,County government,DEREK CHRISTOPHER CT CHARLOTTE NC,CHARLOTTE,SINGLE FAMILY RESIDENTIAL - ACREAGE,Single-family homes,4.748,12400,28,27,https://polaris3g.mecklenburgcountync.gov/?pid=05920199
06909427,MECKLENBURG COUNTY,County government,1501 MCDONALD ST CHARLOTTE NC,CHARLOTTE,REC AREA,"Public land, ROW & utility",8.110,505400,28,20,https://polaris3g.mecklenburgcountync.gov/?pid=06909427
02519398,MECKLENBURG COUNTY,County government,WOODFORD BRIDGE DR CHARLOTTE NC,CHARLOTTE,100 YEAR FLOOD PLAIN - AC,"Vacant, floodplain & farm",2.629,17600,28,25,https://polaris3g.mecklenburgcountync.gov/?pid=02519398
05916118,MECKLENBURG COUNTY,County government,5517 FREEDOM DR CHARLOTTE NC,CHARLOTTE,SINGLE FAMILY RESIDENTIAL - ACREAGE,Single-family homes,15.115,500800,28,26,https://polaris3g.mecklenburgcountync.gov/?pid=05916118
22146101,MECKLENBURG COUNTY,County government,VISTA GRANDE CR CHARLOTTE NC,CHARLOTTE,GREENWAY TRAIL,"Public land, ROW & utility",17.013,603300,28,25,https://polaris3g.mecklenburgcountync.gov/?pid=22146101
04927116,MECKLENBURG COUNTY,County government,6150 MCDANIEL LN CHARLOTTE NC,CHARLOTTE,REC AREA,"Public land, ROW & utility",8.107,686100,28,27,https://polaris3g.mecklenburgcountync.gov/?pid=04927116
17518226,MECKLENBURG COUNTY,County government,3701 HAVEN DR CHARLOTTE NC,CHARLOTTE,SCHOOL - PUBLIC,Institutional,19.253,28361600,28,21,https://polaris3g.mecklenburgcountync.gov/?pid=17518226
22116103,MECKLENBURG COUNTY,County government,N I-485 OUTER HY CHARLOTTE NC,CHARLOTTE,OTHER COUNTY PROPERTY,"Public land, ROW & utility",20.503,649900,27,23,https://polaris3g.mecklenburgcountync.gov/?pid=22116103
03128599,MECKLENBURG COUNTY,County government,DANNYN GROVE CT CHARLOTTE NC,CHARLOTTE,SINGLE FAMILY RESIDENTIAL,Single-family homes,9.058,298800,27,26,https://polaris3g.mecklenburgcountync.gov/?pid=03128599
04927127,MECKLENBURG COUNTY,County government,E W T HARRIS BV CHARLOTTE NC,CHARLOTTE,REC AREA,"Public land, ROW & utility",16.574,387500,27,23,https://polaris3g.mecklenburgcountync.gov/?pid=04927127
10521102,MECKLENBURG COUNTY,County government,8741 NORTH PINE HILL LN UNINC NC,MECKLENBURG COUNTY-UNINCORPORATED,SINGLE FAMILY RESIDENTIAL - ACREAGE,Single-family homes,21.799,827600,27,27,https://polaris3g.mecklenburgcountync.gov/?pid=10521102
10807199,MECKLENBURG COUNTY,County government,7450 PLOTT RD CHARLOTTE NC,CHARLOTTE,GREENWAY TRAIL,"Public land, ROW & utility",9.732,18800,27,25,https://polaris3g.mecklenburgcountync.gov/?pid=10807199
05106196,MECKLENBURG COUNTY,County government,CHEPSTOW CT CHARLOTTE NC,CHARLOTTE,SINGLE FAMILY RESIDENTIAL - COMMON,HOA common area,8.837,0,27,24,https://polaris3g.mecklenburgcountync.gov/?pid=05106196
03133309,MECKLENBURG COUNTY PARKS AND RECREATION DEPARTMENT,County government,VALLEYDALE RD CHARLOTTE NC,CHARLOTTE,SINGLE FAMILY RESIDENTIAL,Single-family homes,7.110,261100,27,25,https://polaris3g.mecklenburgcountync.gov/?pid=03133309
22120119,MECKLENBURG COUNTY,County government,PINEVILLE-MATTHEWS RD CHARLOTTE NC,CHARLOTTE,OTHER COUNTY PROPERTY,"Public land, ROW & utility",2.632,79000,27,25,https://polaris3g.mecklenburgcountync.gov/?pid=22120119
01510499,MECKLENBURG COUNTY,County government,SHEPPARTON DR HUNTERSVILLE NC,HUNTERSVILLE,OTHER COUNTY PROPERTY,"Public land, ROW & utility",16.843,45300,27,19,https://polaris3g.mecklenburgcountync.gov/?pid=01510499
03931998,MECKLENBURG COUNTY,County government,3501 FIRESTONE DR CHARLOTTE NC,CHARLOTTE,REC AREA,"Public land, ROW & utility",18.961,933700,27,26,https://polaris3g.mecklenburgcountync.gov/?pid=03931998
01510104,MECKLENBURG COUNTY,County government,13440 NORSEMAN LN HUNTERSVILLE NC,HUNTERSVILLE,OTHER COUNTY PROPERTY,"Public land, ROW & utility",4.514,18200,27,25,https://polaris3g.mecklenburgcountync.gov/?pid=01510104
10935109,MECKLENBURG COUNTY,County government,5980 BRICKSTONE DR MINT HILL NC,MINT HILL,OTHER COUNTY PROPERTY,"Public land, ROW & utility",27.887,894600,27,24,https://polaris3g.mecklenburgcountync.gov/?pid=10935109
14503102,MECKLENBURG COUNTY,County government,2661 REVOLUTION PARK DR CHARLOTTE NC,CHARLOTTE,GOLF COURSE CLASS 4 - MINIMUM QUALITY,Commercial & office,106.823,2403900,27,24,https://polaris3g.mecklenburgcountync.gov/?pid=14503102
01516133,COUNTY OF MECKLENBURG,County government,11530 BEATTIES FORD RD HUNTERSVILLE NC,HUNTERSVILLE,"SCHOOL,COLLEGE, PRIVATE",Institutional,50.599,47233800,27,26,https://polaris3g.mecklenburgcountync.gov/?pid=01516133
10329126,MECKLENBURG COUNTY,County government,BARCLIFF DR CHARLOTTE NC,CHARLOTTE,OTHER COUNTY PROPERTY,"Public land, ROW & utility",20.716,1139700,26,26,https://polaris3g.mecklenburgcountync.gov/?pid=10329126
07907618,CHARLOTTE MECKLENBURG BOARD OF EDUCATION,CMS (Board of Education),2600 GRIMES ST CHARLOTTE NC,CHARLOTTE,SCHOOL - PUBLIC,Institutional,7.256,7307700,26,26,https://polaris3g.mecklenburgcountync.gov/?pid=07907618
03116303,MECKLENBURG COUNTY,County government,RIVERSIDE DR UNINC NC,MECKLENBURG COUNTY-UNINCORPORATED,SINGLE FAMILY RESIDENTIAL - ACREAGE,Single-family homes,54.385,1374600,26,19,https://polaris3g.mecklenburgcountync.gov/?pid=03116303
02743197,MECKLENBURG COUNTY,County government,PROSPERITY CHURCH RD CHARLOTTE NC,CHARLOTTE,OTHER COUNTY PROPERTY,"Public land, ROW & utility",9.851,31600,26,22,https://polaris3g.mecklenburgcountync.gov/?pid=02743197
17321122,MECKLENBURG COUNTY,County government,ROCKLEDGE DR CHARLOTTE NC,CHARLOTTE,GREENWAY TRAIL,"Public land, ROW & utility",6.754,424400,26,23,https://polaris3g.mecklenburgcountync.gov/?pid=17321122
09928159,MECKLENBURG COUNTY,County government,GAYNELLE DR CHARLOTTE NC,CHARLOTTE,SINGLE FAMILY RESIDENTIAL,Single-family homes,4.017,210500,26,26,https://polaris3g.mecklenburgcountync.gov/?pid=09928159
01532132,MECKLENBURG COUNTY,County government,CEDAR RIVER RD HUNTERSVILLE NC,HUNTERSVILLE,100 YEAR FLOOD PLAIN - AC,"Vacant, floodplain & farm",6.750,47800,26,22,https://polaris3g.mecklenburgcountync.gov/?pid=01532132
03146103,MECKLENBURG COUNTY,County government,CATAWBA RIVER UNINC NC,MECKLENBURG COUNTY-UNINCORPORATED,SINGLE FAMILY RESIDENTIAL - ACREAGE,Single-family homes,18.265,104300,26,25,https://polaris3g.mecklenburgcountync.gov/?pid=03146103
18320402,CHARLOTTE-MECKLENBURG BOARD OF EDUCATION,CMS (Board of Education),4330 FOXCROFT RD CHARLOTTE NC,CHARLOTTE,SCHOOL - PUBLIC,Institutional,14.549,25418400,26,25,https://polaris3g.mecklenburgcountync.gov/?pid=18320402
03921103,MECKLENBURG COUNTY,County government,OAKDALE RD CHARLOTTE NC,CHARLOTTE,REC AREA,"Public land, ROW & utility",31.295,2128800,26,24,https://polaris3g.mecklenburgcountync.gov/?pid=03921103
02701453,MECKLENBURG COUNTY,County government,SADDLE TRAIL LN CHARLOTTE NC,CHARLOTTE,SINGLE FAMILY RESIDENTIAL - ACREAGE,Single-family homes,4.547,317600,26,21,https://polaris3g.mecklenburgcountync.gov/?pid=02701453
01706210,MECKLENBURG COUNTY,County government,HAMBRIGHT RD HUNTERSVILLE NC,HUNTERSVILLE,SINGLE FAMILY RESIDENTIAL - ACREAGE,Single-family homes,16.864,472500,26,25,https://polaris3g.mecklenburgcountync.gov/?pid=01706210
21516312,MECKLENBURG COUNTY,County government,MATTHEWS-MINT HILL RD MATTHEWS NC,MATTHEWS,OTHER COUNTY PROPERTY,"Public land, ROW & utility",64.911,5564600,26,24,https://polaris3g.mecklenburgcountync.gov/?pid=21516312
13323102,CHARLOTTE MECKLENBURG BOARD OF EDUCATION,CMS (Board of Education),7800 RIDING TRAIL RD CHARLOTTE NC,CHARLOTTE,"SCHOOL,COLLEGE, PRIVATE",Institutional,40.783,27134400,26,22,https://polaris3g.mecklenburgcountync.gov/?pid=13323102
05717199,MECKLENBURG COUNTY,County government,EAGLES LANDING DR CHARLOTTE NC,CHARLOTTE,REC AREA,"Public land, ROW & utility",7.478,279700,26,25,https://polaris3g.mecklenburgcountync.gov/?pid=05717199
17118424,MECKLENBURG COUNTY,County government,2219 TYVOLA RD CHARLOTTE NC,CHARLOTTE,SCHOOL - PUBLIC,Institutional,58.849,43703100,26,24,https://polaris3g.mecklenburgcountync.gov/?pid=17118424
02303108,MECKLENBURG COUNTY,County government,BEATTIES FORD RD UNINC NC,MECKLENBURG COUNTY-UNINCORPORATED,SINGLE FAMILY RESIDENTIAL - ACREAGE,Single-family homes,191.744,9346500,26,19,https://polaris3g.mecklenburgcountync.gov/?pid=02303108
02768382,MECKLENBURG COUNTY,County government,ARKLOW RD CHARLOTTE NC,CHARLOTTE,GREENWAY TRAIL,"Public land, ROW & utility",6.894,23300,25,22,https://polaris3g.mecklenburgcountync.gov/?pid=02768382
19306204,CHARLOTTE MECKLENBURG BOARD OF EDUCATION,CMS (Board of Education),3335 SAM NEWELL RD MATTHEWS NC,MATTHEWS,COMMERCIAL,Commercial & office,41.930,12584700,25,25,https://polaris3g.mecklenburgcountync.gov/?pid=19306204
04542101,MECKLENBURG COUNTY,County government,6000 STATESVILLE RD CHARLOTTE NC,CHARLOTTE,OTHER COUNTY PROPERTY,"Public land, ROW & utility",154.408,4966700,25,16,https://polaris3g.mecklenburgcountync.gov/?pid=04542101
04542103,CHARLOTTE MECKLENBURG BOARD OF EDUCATION,CMS (Board of Education),5850 STATESVILLE RD CHARLOTTE NC,CHARLOTTE,SCHOOL - PUBLIC,Institutional,28.576,17587800,25,24,https://polaris3g.mecklenburgcountync.gov/?pid=04542103
19316114,MECKLENBURG COUNTY,County government,SAM NEWELL RD MATTHEWS NC,MATTHEWS,OTHER COUNTY PROPERTY,"Public land, ROW & utility",5.629,239600,25,22,https://polaris3g.mecklenburgcountync.gov/?pid=19316114
22132232,MECKLENBURG COUNTY,County government,FIVE CEDARS RD CHARLOTTE NC,CHARLOTTE,GREENWAY TRAIL,"Public land, ROW & utility",25.312,805300,25,22,https://polaris3g.mecklenburgcountync.gov/?pid=22132232
20133366,MECKLENBURG COUNTY,County government,3660 BROAD OAK DR CHARLOTTE NC,CHARLOTTE,100 YEAR FLOOD PLAIN - AC,"Vacant, floodplain & farm",4.211,16900,25,23,https://polaris3g.mecklenburgcountync.gov/?pid=20133366
10718124,MECKLENBURG COUNTY,County government,LINDA LAKE CT CHARLOTTE NC,CHARLOTTE,REC AREA,"Public land, ROW & utility",9.989,227500,25,24,https://polaris3g.mecklenburgcountync.gov/?pid=10718124
14531103,MECKLENBURG COUNTY,County government,2425 LESTER ST CHARLOTTE NC,CHARLOTTE,OTHER MUNICIPAL,"Public land, ROW & utility",25.864,4233400,25,10,https://polaris3g.mecklenburgcountync.gov/?pid=14531103
03127102,CHARLOTTE MECKLENBURG BOARD OF EDUCATION,CMS (Board of Education),500 KENTBERRY DR CHARLOTTE NC,CHARLOTTE,SCHOOL - PUBLIC,Institutional,30.306,6147800,25,24,https://polaris3g.mecklenburgcountync.gov/?pid=03127102
05120106,MECKLENBURG COUNTY,County government,12541 CALDWELL RD CHARLOTTE NC,CHARLOTTE,SINGLE FAMILY RESIDENTIAL - ACREAGE,Single-family homes,47.228,2990300,25,23,https://polaris3g.mecklenburgcountync.gov/?pid=05120106
21510222,CHARLOTTE MECKLENBURG BOARD OF EDUCATION,CMS (Board of Education),MARGLYN DR MATTHEWS NC,MATTHEWS,SCHOOL - PUBLIC,Institutional,13.721,3476100,25,22,https://polaris3g.mecklenburgcountync.gov/?pid=21510222
00525599,MECKLENBURG COUNTY,County government,10313 DANESWAY LN CORNELIUS NC,CORNELIUS,OTHER COUNTY PROPERTY,"Public land, ROW & utility",5.129,507800,24,24,https://polaris3g.mecklenburgcountync.gov/?pid=00525599
22340398,MECKLENBURG COUNTY,County government,7136 BEVINGTON PL CHARLOTTE NC,CHARLOTTE,OTHER COUNTY PROPERTY,"Public land, ROW & utility",12.872,440900,24,22,https://polaris3g.mecklenburgcountync.gov/?pid=22340398
01507101,MECKLENBURG COUNTY,County government,8137 MCILWAINE RD HUNTERSVILLE NC,HUNTERSVILLE,OTHER COUNTY PROPERTY,"Public land, ROW & utility",137.589,5838400,24,21,https://polaris3g.mecklenburgcountync.gov/?pid=01507101
01529301,MECKLENBURG COUNTY,County government,CLIFFCREEK DR HUNTERSVILLE NC,HUNTERSVILLE,100 YEAR FLOOD PLAIN - AC,"Vacant, floodplain & farm",7.168,51400,24,20,https://polaris3g.mecklenburgcountync.gov/?pid=01529301
01523105,MECKLENBURG COUNTY,County government,KERNS RD HUNTERSVILLE NC,HUNTERSVILLE,OTHER COUNTY PROPERTY,"Public land, ROW & utility",111.585,3393800,24,19,https://polaris3g.mecklenburgcountync.gov/?pid=01523105
15505104,CHARLOTTE MECKLENBURG PUBLIC LIBRARY,Library / ABC / Landmarks,1361 QUEENS RD CHARLOTTE NC,CHARLOTTE,OTHER COUNTY PROPERTY,"Public land, ROW & utility",0.634,3615500,24,24,https://polaris3g.mecklenburgcountync.gov/?pid=15505104
20123689,MECKLENBURG COUNTY,County government,10522 HUNTINGTON MEADOW LN CHARLOTTE NC,CHARLOTTE,OTHER COUNTY PROPERTY,"Public land, ROW & utility",4.601,270900,24,22,https://polaris3g.mecklenburgcountync.gov/?pid=20123689
00110796,MECKLENBURG COUNTY,County government,19001 JETTON RD CORNELIUS NC,CORNELIUS,"UTILITY (GAS, ELECTRIC, TELEPHONE, TELEGRAPH, RAIL","Public land, ROW & utility",18.655,2583100,24,24,https://polaris3g.mecklenburgcountync.gov/?pid=00110796
11317101,MECKLENBURG COUNTY,County government,10334 WALKERS FERRY RD UNINC NC,MECKLENBURG COUNTY-UNINCORPORATED,SINGLE FAMILY RESIDENTIAL - ACREAGE,Single-family homes,55.733,2502900,24,21,https://polaris3g.mecklenburgcountync.gov/?pid=11317101
00502113,MECKLENBURG COUNTY,County government,18239 OLD STATESVILLE RD CORNELIUS NC,CORNELIUS,OTHER COUNTY PROPERTY,"Public land, ROW & utility",0.916,307900,24,22,https://polaris3g.mecklenburgcountync.gov/?pid=00502113
14908120,CHARLOTTE MECKLENBURG BOARD OF EDUCATION,CMS (Board of Education),700 MARSH RD CHARLOTTE NC,CHARLOTTE,SCHOOL - PUBLIC,Institutional,14.748,20029400,24,24,https://polaris3g.mecklenburgcountync.gov/?pid=14908120
13532107,CHARLOTTE MECKLENBURG BOARD OF EDUCATION,CMS (Board of Education),11501 IDLEWILD RD MINT HILL NC,MINT HILL,SCHOOL - PUBLIC,Institutional,63.632,40036700,24,24,https://polaris3g.mecklenburgcountync.gov/?pid=13532107
03731241,MECKLENBURG COUNTY,County government,MCINTYRE RIDGE DR CHARLOTTE NC,CHARLOTTE,GREENWAY TRAIL,"Public land, ROW & utility",3.844,77100,24,22,https://polaris3g.mecklenburgcountync.gov/?pid=03731241
15707C99,CHARLOTTE MECKLENBURG HOSPITAL AUTHORITY,Hospital Authority (Atrium),427 N WENDOVER RD CHARLOTTE NC,CHARLOTTE,MEDICAL CONDOMINIUM,Condo & townhouse,6.134,687200,24,3,https://polaris3g.mecklenburgcountync.gov/?pid=15707C99
16518310,CHARLOTTE MECKLENBURG BOARD OF EDUCATION,CMS (Board of Education),8801 EAGLEWIND DR CHARLOTTE NC,CHARLOTTE,SCHOOL - PUBLIC,Institutional,14.623,14780400,24,23,https://polaris3g.mecklenburgcountync.gov/?pid=16518310
03317499,MECKLENBURG COUNTY,County government,TROTTER RD CHARLOTTE NC,CHARLOTTE,SINGLE FAMILY RESIDENTIAL - ACREAGE,Single-family homes,9.266,40800,23,20,https://polaris3g.mecklenburgcountync.gov/?pid=03317499
04120101,CHARLOTTE MECKLENBURG BOARD OF EDUCATION,CMS (Board of Education),5833 MILHAVEN LN CHARLOTTE NC,CHARLOTTE,"SCHOOL,COLLEGE, PRIVATE",Institutional,24.949,9173600,23,23,https://polaris3g.mecklenburgcountync.gov/?pid=04120101
13944101,MECKLENBURG COUNTY,County government,10757 BRIEF RD UNINC NC,MECKLENBURG COUNTY-UNINCORPORATED,SINGLE FAMILY RESIDENTIAL - ACREAGE,Single-family homes,81.427,1942800,23,21,https://polaris3g.mecklenburgcountync.gov/?pid=13944101
16313159,CHARLOTTE MECKLENBURG BOARD OF EDUCATION,CMS (Board of Education),1035 RAMA RD CHARLOTTE NC,CHARLOTTE,SCHOOL - PUBLIC,Institutional,14.436,10238300,23,23,https://polaris3g.mecklenburgcountync.gov/?pid=16313159
01935108,MECKLENBURG COUNTY,County government,11401 ASBURY CHAPEL RD UNINC NC,MECKLENBURG COUNTY-UNINCORPORATED,SINGLE FAMILY RESIDENTIAL - ACREAGE,Single-family homes,37.365,2233400,23,19,https://polaris3g.mecklenburgcountync.gov/?pid=01935108
01505108,MECKLENBURG COUNTY,County government,7120 BUD HENDERSON RD HUNTERSVILLE NC,HUNTERSVILLE,OTHER COUNTY PROPERTY,"Public land, ROW & utility",59.228,367700,23,22,https://polaris3g.mecklenburgcountync.gov/?pid=01505108
04523499,MECKLENBURG COUNTY PARKS AND RECREATION DEPARTMENT,County government,NEVIN RD CHARLOTTE NC,CHARLOTTE,OTHER COUNTY PROPERTY,"Public land, ROW & utility",6.512,228900,23,22,https://polaris3g.mecklenburgcountync.gov/?pid=04523499
03715105,CHARLOTTE MECKLENBURG BOARD OF EDUCATION,CMS (Board of Education),6700 BEATTIES FORD RD CHARLOTTE NC,CHARLOTTE,SINGLE FAMILY RESIDENTIAL - ACREAGE,Single-family homes,21.758,9183900,23,23,https://polaris3g.mecklenburgcountync.gov/?pid=03715105
23123175,MECKLENBURG COUNTY,County government,GLANMIRE DR CHARLOTTE NC,CHARLOTTE,SINGLE FAMILY RESIDENTIAL - ACREAGE,Single-family homes,7.996,249200,23,22,https://polaris3g.mecklenburgcountync.gov/?pid=23123175
11114617,CHARLOTTE MECKLENBURG BOARD OF EDUCATION,CMS (Board of Education),7520 HARRISBURG RD CHARLOTTE NC,CHARLOTTE,SCHOOL - PUBLIC,Institutional,13.189,15229300,23,23,https://polaris3g.mecklenburgcountync.gov/?pid=11114617
18917124,MECKLENBURG COUNTY,County government,300 BOYCE RD CHARLOTTE NC,CHARLOTTE,OTHER COUNTY PROPERTY,"Public land, ROW & utility",72.639,14902700,23,22,https://polaris3g.mecklenburgcountync.gov/?pid=18917124
21161499,MECKLENBURG COUNTY,County government,MORROWICK RD CHARLOTTE NC,CHARLOTTE,OTHER COUNTY PROPERTY,"Public land, ROW & utility",9.510,349800,23,20,https://polaris3g.mecklenburgcountync.gov/?pid=21161499
23112706,MECKLENBURG COUNTY,County government,3835 FAWN HILL RD UNINC NC,MECKLENBURG COUNTY-UNINCORPORATED,OTHER COUNTY PROPERTY,"Public land, ROW & utility",6.919,140600,23,23,https://polaris3g.mecklenburgcountync.gov/?pid=23112706
16310139,MECKLENBURG COUNTY,County government,WORCASTER PL CHARLOTTE NC,CHARLOTTE,100 YEAR FLOOD PLAIN - AC,"Vacant, floodplain & farm",2.885,45100,23,23,https://polaris3g.mecklenburgcountync.gov/?pid=16310139
04541201,CHARLOTTE MECKLENBURG BOARD OF EDUCATION,CMS (Board of Education),6601 HORACE MANN RD CHARLOTTE NC,CHARLOTTE,SCHOOL - PUBLIC,Institutional,37.353,21954900,23,21,https://polaris3g.mecklenburgcountync.gov/?pid=04541201
02738394,MECKLENBURG COUNTY,County government,OLD TIMBER RD CHARLOTTE NC,CHARLOTTE,OTHER COUNTY PROPERTY,"Public land, ROW & utility",5.166,35200,23,21,https://polaris3g.mecklenburgcountync.gov/?pid=02738394
03739102,MECKLENBURG COUNTY,County government,PEACHTREE RD UNINC NC,MECKLENBURG COUNTY-UNINCORPORATED,GOLF COURSE CLASS 4 - MINIMUM QUALITY,Commercial & office,41.670,0,23,22,https://polaris3g.mecklenburgcountync.gov/?pid=03739102
10114238,CHARLOTTE MECKLENBURG BOARD OF EDUCATION,CMS (Board of Education),4000 SUDBURY RD CHARLOTTE NC,CHARLOTTE,SCHOOL - PUBLIC,Institutional,15.126,7871600,23,23,https://polaris3g.mecklenburgcountync.gov/?pid=10114238
17318163,MECKLENBURG COUNTY,County government,2203 RAMBLEWOOD LN CHARLOTTE NC,CHARLOTTE,GREENWAY TRAIL,"Public land, ROW & utility",19.336,2530300,23,20,https://polaris3g.mecklenburgcountync.gov/?pid=17318163
19524101,MECKLENBURG COUNTY,County government,15700 THOMPSON RD MINT HILL NC,MINT HILL,SINGLE FAMILY RESIDENTIAL - ACREAGE,Single-family homes,185.162,918700,23,17,https://polaris3g.mecklenburgcountync.gov/?pid=19524101
19524101,MECKLENBURG COUNTY,County government,15700 THOMPSON RD UNINC NC,MECKLENBURG COUNTY-UNINCORPORATED,SINGLE FAMILY RESIDENTIAL - ACREAGE,Single-family homes,185.162,3489700,23,17,https://polaris3g.mecklenburgcountync.gov/?pid=19524101
16723103,MECKLENBURG COUNTY,County government,6821 S TRYON ST CHARLOTTE NC,CHARLOTTE,INDUSTRIAL,Industrial & warehouse,32.995,1018800,23,16,https://polaris3g.mecklenburgcountync.gov/?pid=16723103
10929319,MECKLENBURG COUNTY,County government,MORNINGTON DR UNINC NC,MECKLENBURG COUNTY-UNINCORPORATED,OTHER COUNTY PROPERTY,"Public land, ROW & utility",4.224,97800,23,22,https://polaris3g.mecklenburgcountync.gov/?pid=10929319
19302487,MECKLENBURG COUNTY,County government,LONGSPUR DR CHARLOTTE NC,CHARLOTTE,OTHER COUNTY PROPERTY,"Public land, ROW & utility",5.712,241400,22,20,https://polaris3g.mecklenburgcountync.gov/?pid=19302487
17123132,MECKLENBURG COUNTY,County government,6220 PARK RD CHARLOTTE NC,CHARLOTTE,REC AREA,"Public land, ROW & utility",71.413,15145100,22,22,https://polaris3g.mecklenburgcountync.gov/?pid=17123132
22508204,MECKLENBURG COUNTY,County government,4635 PINEVILLE-MATTHEWS RD CHARLOTTE NC,CHARLOTTE,OTHER COUNTY PROPERTY,"Public land, ROW & utility",48.710,12641700,22,21,https://polaris3g.mecklenburgcountync.gov/?pid=22508204
06904143,MECKLENBURG COUNTY,County government,W TRADE ST CHARLOTTE NC,CHARLOTTE,INDUSTRIAL,Industrial & warehouse,3.267,143800,22,7,https://polaris3g.mecklenburgcountync.gov/?pid=06904143
00932231,MECKLENBURG COUNTY,County government,SHADETREE ST HUNTERSVILLE NC,HUNTERSVILLE,GREENWAY TRAIL,"Public land, ROW & utility",7.132,111500,22,21,https://polaris3g.mecklenburgcountync.gov/?pid=00932231
20135180,CHARLOTTE MECKLENBURG BOARD OF EDUCATION,CMS (Board of Education),13620 ERWIN RD CHARLOTTE NC,CHARLOTTE,SCHOOL - PUBLIC,Institutional,19.977,8271000,22,21,https://polaris3g.mecklenburgcountync.gov/?pid=20135180
22735240,MECKLENBURG COUNTY,County government,IVERLEIGH TL CHARLOTTE NC,CHARLOTTE,GREENWAY TRAIL,"Public land, ROW & utility",10.698,112300,22,19,https://polaris3g.mecklenburgcountync.gov/?pid=22735240
22349136,MECKLENBURG COUNTY,County government,RED MAPLE DR CHARLOTTE NC,CHARLOTTE,OTHER COUNTY PROPERTY,"Public land, ROW & utility",9.982,365600,22,20,https://polaris3g.mecklenburgcountync.gov/?pid=22349136
06708210,MECKLENBURG COUNTY,County government,2620 MARLOWE AV CHARLOTTE NC,CHARLOTTE,MULTI FAMILY,Multi-family,1.961,55000,22,22,https://polaris3g.mecklenburgcountync.gov/?pid=06708210
02726431,CHARLOTTE MECKLENBURG BOARD OF EDUCATION,CMS (Board of Education),9801 MALLARD CREEK RD CHARLOTTE NC,CHARLOTTE,SCHOOL - PUBLIC,Institutional,28.347,8096300,22,20,https://polaris3g.mecklenburgcountync.gov/?pid=02726431
14106103,MECKLENBURG COUNTY,County government,CENTER PARK DR CHARLOTTE NC,CHARLOTTE,100 YEAR FLOOD PLAIN - AC,"Vacant, floodplain & farm",24.064,190100,22,19,https://polaris3g.mecklenburgcountync.gov/?pid=14106103
01908145,MECKLENBURG COUNTY,County government,HOLBROOKS RD UNINC NC,MECKLENBURG COUNTY-UNINCORPORATED,SINGLE FAMILY RESIDENTIAL - ACREAGE,Single-family homes,14.858,830100,22,19,https://polaris3g.mecklenburgcountync.gov/?pid=01908145
01908145,MECKLENBURG COUNTY,County government,HOLBROOKS RD HUNTERSVILLE NC,HUNTERSVILLE,SINGLE FAMILY RESIDENTIAL - ACREAGE,Single-family homes,14.858,75800,22,19,https://polaris3g.mecklenburgcountync.gov/?pid=01908145
15303116,CHARLOTTE MECKLENBURG HOSPITAL AUTHORITY,Hospital Authority (Atrium),EDGEHILL RD CHARLOTTE NC,CHARLOTTE,OFFICE,Commercial & office,1.021,4008700,22,20,https://polaris3g.mecklenburgcountync.gov/?pid=15303116
03326105,MECKLENBURG COUNTY,County government,PRIMM RD UNINC NC,MECKLENBURG COUNTY-UNINCORPORATED,SINGLE FAMILY RESIDENTIAL - ACREAGE,Single-family homes,55.478,1703200,22,17,https://polaris3g.mecklenburgcountync.gov/?pid=03326105
22727299,MECKLENBURG COUNTY,County government,2126 BRIAR RIDGE DR CHARLOTTE NC,CHARLOTTE,GREENWAY TRAIL,"Public land, ROW & utility",2.994,19500,22,20,https://polaris3g.mecklenburgcountync.gov/?pid=22727299
03128350,MECKLENBURG COUNTY,County government,WILLOW CREST DR CHARLOTTE NC,CHARLOTTE,GREENWAY TRAIL,"Public land, ROW & utility",3.242,0,22,20,https://polaris3g.mecklenburgcountync.gov/?pid=03128350
17107315,CHARLOTTE MECKLENBURG BOARD OF EDUCATION,CMS (Board of Education),815 SENECA PL CHARLOTTE NC,CHARLOTTE,SCHOOL - PUBLIC,Institutional,21.491,18970100,22,22,https://polaris3g.mecklenburgcountync.gov/?pid=17107315
00745101,MECKLENBURG COUNTY,County government,16520 DAVIDSON-CONCORD RD UNINC NC,MECKLENBURG COUNTY-UNINCORPORATED,SINGLE FAMILY RESIDENTIAL - ACREAGE,Single-family homes,30.521,1268700,22,20,https://polaris3g.mecklenburgcountync.gov/?pid=00745101
05113466,MECKLENBURG COUNTY,County government,BACK CREEK CHURCH RD CHARLOTTE NC,CHARLOTTE,OTHER COUNTY PROPERTY,"Public land, ROW & utility",1.529,5700,22,20,https://polaris3g.mecklenburgcountync.gov/?pid=05113466
09503283,MECKLENBURG COUNTY,County government,2100 WILHELMINA AV CHARLOTTE NC,CHARLOTTE,REC AREA,"Public land, ROW & utility",6.240,606500,22,22,https://polaris3g.mecklenburgcountync.gov/?pid=09503283
22508205,MECKLENBURG COUNTY,County government,4601 PINEVILLE-MATTHEWS RD CHARLOTTE NC,CHARLOTTE,REC AREA,"Public land, ROW & utility",58.040,14090400,22,20,https://polaris3g.mecklenburgcountync.gov/?pid=22508205
11114335,MECKLENBURG COUNTY,County government,9512 GWYNNE HILL RD CHARLOTTE NC,CHARLOTTE,SINGLE FAMILY RESIDENTIAL - ACREAGE,Single-family homes,4.530,64100,22,19,https://polaris3g.mecklenburgcountync.gov/?pid=11114335
05132299,MECKLENBURG COUNTY,County government,DALPHON JONES DR CHARLOTTE NC,CHARLOTTE,OTHER COUNTY PROPERTY,"Public land, ROW & utility",7.588,12800,22,17,https://polaris3g.mecklenburgcountync.gov/?pid=05132299
13106230,CHARLOTTE MECKLENBURG BOARD OF EDUCATION,CMS (Board of Education),1501 NORLAND RD CHARLOTTE NC,CHARLOTTE,SCHOOL - PUBLIC,Institutional,33.348,21061200,21,21,https://polaris3g.mecklenburgcountync.gov/?pid=13106230
01302451,MECKLENBURG COUNTY,County government,PAMELA ST HUNTERSVILLE NC,HUNTERSVILLE,SINGLE FAMILY RESIDENTIAL - ACREAGE,Single-family homes,2.084,37200,21,8,https://polaris3g.mecklenburgcountync.gov/?pid=01302451
03522104,MECKLENBURG COUNTY,County government,6912 OLD PLANK RD UNINC NC,MECKLENBURG COUNTY-UNINCORPORATED,SINGLE FAMILY RESIDENTIAL - ACREAGE,Single-family homes,25.236,760900,21,19,https://polaris3g.mecklenburgcountync.gov/?pid=03522104
22911110,MECKLENBURG COUNTY,County government,11830 TOM SHORT RD CHARLOTTE NC,CHARLOTTE,OTHER COUNTY PROPERTY,"Public land, ROW & utility",54.227,20954600,21,21,https://polaris3g.mecklenburgcountync.gov/?pid=22911110
01747131,MECKLENBURG COUNTY,County government,STAWELL DR HUNTERSVILLE NC,HUNTERSVILLE,OTHER COUNTY PROPERTY,"Public land, ROW & utility",9.998,27300,21,18,https://polaris3g.mecklenburgcountync.gov/?pid=01747131
21724120,MECKLENBURG COUNTY,County government,CAPPS RD UNINC NC,MECKLENBURG COUNTY-UNINCORPORATED,SINGLE FAMILY RESIDENTIAL - ACREAGE,Single-family homes,59.429,3098300,21,21,https://polaris3g.mecklenburgcountync.gov/?pid=21724120
03133301,MECKLENBURG COUNTY,County government,VALLEYDALE RD CHARLOTTE NC,CHARLOTTE,SINGLE FAMILY RESIDENTIAL - ACREAGE,Single-family homes,16.218,757400,21,19,https://polaris3g.mecklenburgcountync.gov/?pid=03133301
22124132,MECKLENBURG COUNTY,County government,11709 MIRROR LAKE DR CHARLOTTE NC,CHARLOTTE,GREENWAY TRAIL,"Public land, ROW & utility",5.871,210900,21,18,https://polaris3g.mecklenburgcountync.gov/?pid=22124132
05142107,MECKLENBURG COUNTY,County government,UNIVERSITY CITY BV UNINC NC,MECKLENBURG COUNTY-UNINCORPORATED,OTHER COUNTY PROPERTY,"Public land, ROW & utility",3.224,18600,21,20,https://polaris3g.mecklenburgcountync.gov/?pid=05142107
22549196,COUNTY OF MECKLENBURG,County government,REA RD CHARLOTTE NC,CHARLOTTE,GREENWAY TRAIL,"Public land, ROW & utility",6.470,271700,21,20,https://polaris3g.mecklenburgcountync.gov/?pid=22549196
22721102,CHARLOTTE MECKLENBURG BOARD OF EDUCATION,CMS (Board of Education),200 E MCDOWELL ST MATTHEWS NC,MATTHEWS,SCHOOL - PUBLIC,Institutional,17.220,10672300,21,20,https://polaris3g.mecklenburgcountync.gov/?pid=22721102
00911130,MECKLENBURG COUNTY,County government,OLD STATESVILLE RD HUNTERSVILLE NC,HUNTERSVILLE,OTHER COUNTY PROPERTY,"Public land, ROW & utility",11.597,222600,21,17,https://polaris3g.mecklenburgcountync.gov/?pid=00911130
02722298,MECKLENBURG COUNTY,County government,2719 W W T HARRIS BV CHARLOTTE NC,CHARLOTTE,100 YEAR FLOOD PLAIN - AC,"Vacant, floodplain & farm",6.505,22300,21,18,https://polaris3g.mecklenburgcountync.gov/?pid=02722298
05322106,MECKLENBURG COUNTY,County government,LAKEBROOK RD UNINC NC,MECKLENBURG COUNTY-UNINCORPORATED,OTHER COUNTY PROPERTY,"Public land, ROW & utility",54.665,2108500,21,20,https://polaris3g.mecklenburgcountync.gov/?pid=05322106
22727298,MECKLENBURG COUNTY,County government,TROWBRIDGE CT CHARLOTTE NC,CHARLOTTE,GREENWAY TRAIL,"Public land, ROW & utility",2.824,20000,21,20,https://polaris3g.mecklenburgcountync.gov/?pid=22727298
19951103,CHARLOTTE MECKLENBURG BOARD OF EDUCATION,CMS (Board of Education),13624 STEELE CREEK RD CHARLOTTE NC,CHARLOTTE,OTHER COUNTY PROPERTY,"Public land, ROW & utility",39.884,22808100,21,18,https://polaris3g.mecklenburgcountync.gov/?pid=19951103
23102172,CHARLOTTE MECKLENBURG BOARD OF EDUCATION,CMS (Board of Education),10045 PROVIDENCE CHURCH LN CHARLOTTE NC,CHARLOTTE,SCHOOL - PUBLIC,Institutional,22.796,21452000,21,20,https://polaris3g.mecklenburgcountync.gov/?pid=23102172
13901124,MECKLENBURG COUNTY,County government,8035 LARGE OAK LN MINT HILL NC,MINT HILL,SINGLE FAMILY RESIDENTIAL - ACREAGE,Single-family homes,23.394,617200,21,19,https://polaris3g.mecklenburgcountync.gov/?pid=13901124
03712139,MECKLENBURG COUNTY,County government,BEATTIES FORD RD CHARLOTTE NC,CHARLOTTE,FLUM/SWIM FLOODWAY (NO BUILD ZONE),"Vacant, floodplain & farm",3.902,57000,21,21,https://polaris3g.mecklenburgcountync.gov/?pid=03712139
17507102,CHARLOTTE MECKLENBURG BOARD OF EDUCATION,CMS (Board of Education),2400 COLONY RD CHARLOTTE NC,CHARLOTTE,SCHOOL - PUBLIC,Institutional,71.943,82275500,21,17,https://polaris3g.mecklenburgcountync.gov/?pid=17507102
05903106,MECKLENBURG COUNTY,County government,4820 TUCKASEEGEE RD CHARLOTTE NC,CHARLOTTE,REC AREA,"Public land, ROW & utility",16.542,3367100,21,20,https://polaris3g.mecklenburgcountync.gov/?pid=05903106
19915110,MECKLENBURG COUNTY,County government,12235 WINGET RD CHARLOTTE NC,CHARLOTTE,SINGLE FAMILY RESIDENTIAL - ACREAGE,Single-family homes,20.314,10781800,21,20,https://polaris3g.mecklenburgcountync.gov/?pid=19915110
08915345,MECKLENBURG COUNTY,County government,919 TOM HUNTER RD CHARLOTTE NC,CHARLOTTE,REC AREA,"Public land, ROW & utility",8.386,856700,21,21,https://polaris3g.mecklenburgcountync.gov/?pid=08915345
22730216,MECKLENBURG COUNTY,County government,KEEGAN WY CHARLOTTE NC,CHARLOTTE,GREENWAY TRAIL,"Public land, ROW & utility",6.718,69000,21,20,https://polaris3g.mecklenburgcountync.gov/?pid=22730216
22902119,CHARLOTTE MECKLENBURG BOARD OF EDUCATION,CMS (Board of Education),11000 BEAU RILEY RD CHARLOTTE NC,CHARLOTTE,SCHOOL - PUBLIC,Institutional,14.696,19732900,20,20,https://polaris3g.mecklenburgcountync.gov/?pid=22902119
09723106,MECKLENBURG COUNTY,County government,5400 VIEWMONT DR CHARLOTTE NC,CHARLOTTE,REC AREA,"Public land, ROW & utility",11.063,976700,20,20,https://polaris3g.mecklenburgcountync.gov/?pid=09723106
03921197,MECKLENBURG COUNTY,County government,OAKDALE RD CHARLOTTE NC,CHARLOTTE,REC AREA,"Public land, ROW & utility",4.240,81700,20,18,https://polaris3g.mecklenburgcountync.gov/?pid=03921197
13701523,MECKLENBURG COUNTY,County government,6944 RAVENGLASS LN MINT HILL NC,MINT HILL,SINGLE FAMILY RESIDENTIAL,Single-family homes,10.972,61400,20,19,https://polaris3g.mecklenburgcountync.gov/?pid=13701523
21156223,MECKLENBURG COUNTY,County government,FLINTGROVE RD CHARLOTTE NC,CHARLOTTE,OTHER COUNTY PROPERTY,"Public land, ROW & utility",8.063,154000,20,18,https://polaris3g.mecklenburgcountync.gov/?pid=21156223
11338105,MECKLENBURG COUNTY,County government,WALKERS FERRY RD UNINC NC,MECKLENBURG COUNTY-UNINCORPORATED,SINGLE FAMILY RESIDENTIAL - ACREAGE,Single-family homes,56.336,2541600,20,18,https://polaris3g.mecklenburgcountync.gov/?pid=11338105
02749156,MECKLENBURG COUNTY,County government,AMARANTHUS CT CHARLOTTE NC,CHARLOTTE,OTHER COUNTY PROPERTY,"Public land, ROW & utility",4.646,46100,20,17,https://polaris3g.mecklenburgcountync.gov/?pid=02749156
16712102,CHARLOTTE MECKLENBURG BOARD OF EDUCATION,CMS (Board of Education),NATIONS FORD RD CHARLOTTE NC,CHARLOTTE,SCHOOL - PUBLIC,Institutional,49.941,3787400,20,17,https://polaris3g.mecklenburgcountync.gov/?pid=16712102
09915225,MECKLENBURG COUNTY,County government,5440 GALWAY DR CHARLOTTE NC,CHARLOTTE,SINGLE FAMILY RESIDENTIAL,Single-family homes,7.320,372500,20,18,https://polaris3g.mecklenburgcountync.gov/?pid=09915225
14909432,CHARLOTTE MECKLENBURG BOARD OF EDUCATION,CMS (Board of Education),4000 APPLEGATE RD CHARLOTTE NC,CHARLOTTE,SCHOOL - PUBLIC,Institutional,14.326,15383300,20,20,https://polaris3g.mecklenburgcountync.gov/?pid=14909432
14512511,MECKLENBURG COUNTY,County government,CLANTON RD CHARLOTTE NC,CHARLOTTE,OTHER COUNTY PROPERTY,"Public land, ROW & utility",3.715,297600,20,17,https://polaris3g.mecklenburgcountync.gov/?pid=14512511
10520204,MECKLENBURG COUNTY,County government,PLAZA RD UNINC NC,MECKLENBURG COUNTY-UNINCORPORATED,SINGLE FAMILY RESIDENTIAL - ACREAGE,Single-family homes,35.664,1282800,20,16,https://polaris3g.mecklenburgcountync.gov/?pid=10520204
19915103,MECKLENBURG COUNTY,County government,12025 WINGET RD CHARLOTTE NC,CHARLOTTE,SINGLE FAMILY RESIDENTIAL - ACREAGE,Single-family homes,149.192,8519600,20,17,https://polaris3g.mecklenburgcountync.gov/?pid=19915103
02524199,MECKLENBURG COUNTY,County government,AMBLESIDE DR CHARLOTTE NC,CHARLOTTE,100 YEAR FLOOD PLAIN - AC,"Vacant, floodplain & farm",8.887,58600,20,15,https://polaris3g.mecklenburgcountync.gov/?pid=02524199
05516224,MECKLENBURG COUNTY,County government,1102 ASHFORD ST CHARLOTTE NC,CHARLOTTE,OTHER MUNICIPAL,"Public land, ROW & utility",6.038,255300,20,17,https://polaris3g.mecklenburgcountync.gov/?pid=05516224
16515123,MECKLENBURG COUNTY,County government,MARGARET WALLACE RD CHARLOTTE NC,CHARLOTTE,GREENWAY TRAIL,"Public land, ROW & utility",28.253,879700,20,17,https://polaris3g.mecklenburgcountync.gov/?pid=16515123
03133623,CHARLOTTE MECKLENBURG BOARD OF EDUCATION,CMS (Board of Education),1300 CATHEY RD CHARLOTTE NC,CHARLOTTE,SCHOOL - PUBLIC,Institutional,25.481,5889600,20,20,https://polaris3g.mecklenburgcountync.gov/?pid=03133623
04711201,MECKLENBURG COUNTY,County government,6800 IBM DR CHARLOTTE NC,CHARLOTTE,REC AREA,"Public land, ROW & utility",57.550,1541600,20,20,https://polaris3g.mecklenburgcountync.gov/?pid=04711201
14510323,CHARLOTTE MECKLENBURG BOARD OF EDUCATION,CMS (Board of Education),1546 WALTON RD CHARLOTTE NC,CHARLOTTE,SCHOOL - PUBLIC,Institutional,23.431,14692100,20,19,https://polaris3g.mecklenburgcountync.gov/?pid=14510323
05525415,MECKLENBURG COUNTY,County government,STARNES RD CHARLOTTE NC,CHARLOTTE,SINGLE FAMILY RESIDENTIAL,Single-family homes,32.207,1538900,20,18,https://polaris3g.mecklenburgcountync.gov/?pid=05525415
22703491,CHARLOTTE MECKLENBURG BOARD OF EDUCATION,CMS (Board of Education),121 ELIZABETH LN MATTHEWS NC,MATTHEWS,SCHOOL - PUBLIC,Institutional,27.457,17756400,20,20,https://polaris3g.mecklenburgcountync.gov/?pid=22703491
04909250,MECKLENBURG COUNTY,County government,BRANCH HILL CR CHARLOTTE NC,CHARLOTTE,REC AREA,"Public land, ROW & utility",6.435,145100,20,20,https://polaris3g.mecklenburgcountync.gov/?pid=04909250
05513309,CHARLOTTE MECKLENBURG BOARD OF EDUCATION,CMS (Board of Education),8701 MOORES CHAPEL RD CHARLOTTE NC,CHARLOTTE,SCHOOL - PUBLIC,Institutional,11.972,6689700,19,19,https://polaris3g.mecklenburgcountync.gov/?pid=05513309
05130399,MECKLENBURG COUNTY,County government,DASHIEL DR CHARLOTTE NC,CHARLOTTE,SINGLE FAMILY RESIDENTIAL - COMMON,HOA common area,3.896,0,19,17,https://polaris3g.mecklenburgcountync.gov/?pid=05130399
13312464,MECKLENBURG COUNTY,County government,SUNSET CHASE LN CHARLOTTE NC,CHARLOTTE,100 YEAR FLOOD PLAIN - AC,"Vacant, floodplain & farm",3.675,94700,19,18,https://polaris3g.mecklenburgcountync.gov/?pid=13312464
04309116,CHARLOTTE MECKLENBURG BOARD OF EDUCATION,CMS (Board of Education),4215 DAVID COX RD CHARLOTTE NC,CHARLOTTE,SCHOOL - PUBLIC,Institutional,17.695,11704600,19,19,https://polaris3g.mecklenburgcountync.gov/?pid=04309116
15303118,CHARLOTTE MECKLENBURG HOSPITAL AUTHORITY,Hospital Authority (Atrium),EDGEHILL RD CHARLOTTE NC,CHARLOTTE,OFFICE,Commercial & office,0.046,17600,19,17,https://polaris3g.mecklenburgcountync.gov/?pid=15303118
02914543,MECKLENBURG COUNTY,County government,11826 MALLARD CREEK RD CHARLOTTE NC,CHARLOTTE,SINGLE FAMILY RESIDENTIAL - ACREAGE,Single-family homes,30.793,1294000,19,19,https://polaris3g.mecklenburgcountync.gov/?pid=02914543
14321103,MECKLENBURG COUNTY,County government,3311 BEAM RD CHARLOTTE NC,CHARLOTTE,OTHER COUNTY PROPERTY,"Public land, ROW & utility",25.692,808100,19,18,https://polaris3g.mecklenburgcountync.gov/?pid=14321103
09928110,MECKLENBURG COUNTY,County government,4613 GAYNELLE DR CHARLOTTE NC,CHARLOTTE,OTHER COUNTY PROPERTY,"Public land, ROW & utility",2.880,152800,19,18,https://polaris3g.mecklenburgcountync.gov/?pid=09928110
10515401,MECKLENBURG COUNTY,County government,8830 PLAZA PARK DR UNINC NC,CHARLOTTE,MULTI FAMILY,Multi-family,94.709,4548500,19,17,https://polaris3g.mecklenburgcountync.gov/?pid=10515401
09722308,MECKLENBURG COUNTY,County government,ORR RD CHARLOTTE NC,CHARLOTTE,REC AREA,"Public land, ROW & utility",9.515,1375300,19,18,https://polaris3g.mecklenburgcountync.gov/?pid=09722308
07508328,CHARLOTTE MECKLENBURG BOARD OF EDUCATION,CMS (Board of Education),1810 OAKLAWN AV CHARLOTTE NC,CHARLOTTE,SCHOOL - PUBLIC,Institutional,8.476,7882500,19,15,https://polaris3g.mecklenburgcountync.gov/?pid=07508328
20510201,CHARLOTTE MECKLENBURG BOARD OF EDUCATION,CMS (Board of Education),9601 CHINA GROVE CHURCH RD CHARLOTTE NC,CHARLOTTE,MUNICIPAL EDUCATION,Institutional,25.524,30755000,19,19,https://polaris3g.mecklenburgcountync.gov/?pid=20510201
01516120,COUNTY OF MECKLENBURG,County government,BEATTIES FORD RD HUNTERSVILLE NC,HUNTERSVILLE,SCHOOL - PUBLIC,Institutional,26.648,3846600,19,18,https://polaris3g.mecklenburgcountync.gov/?pid=01516120
05543130,MECKLENBURG COUNTY,County government,5944 SULLINS RD CHARLOTTE NC,CHARLOTTE,SINGLE FAMILY RESIDENTIAL - ACREAGE,Single-family homes,16.065,647500,19,16,https://polaris3g.mecklenburgcountync.gov/?pid=05543130
19350199,MECKLENBURG COUNTY,County government,ASHLEY FARM DR CHARLOTTE NC,CHARLOTTE,OTHER COUNTY PROPERTY,"Public land, ROW & utility",8.787,328200,19,16,https://polaris3g.mecklenburgcountync.gov/?pid=19350199
02912820,MECKLENBURG COUNTY,County government,PURPLE BLOOM LN CHARLOTTE NC,CHARLOTTE,GREENWAY TRAIL,"Public land, ROW & utility",4.247,14700,19,18,https://polaris3g.mecklenburgcountync.gov/?pid=02912820
03710101,MECKLENBURG COUNTY,County government,6401 BEATTIES FORD RD CHARLOTTE NC,CHARLOTTE,SINGLE FAMILY RESIDENTIAL - ACREAGE,Single-family homes,110.806,4864500,19,17,https://polaris3g.mecklenburgcountync.gov/?pid=03710101
21320101,MECKLENBURG COUNTY,County government,7643 WINTERSET DR CHARLOTTE NC,CHARLOTTE,GREENWAY TRAIL,"Public land, ROW & utility",17.125,754700,19,12,https://polaris3g.mecklenburgcountync.gov/?pid=21320101
05706110,CHARLOTTE MECKLENBURG BOARD OF EDUCATION,CMS (Board of Education),1430 ALLENBROOK DR CHARLOTTE NC,CHARLOTTE,SCHOOL - PUBLIC,Institutional,18.191,6663900,19,18,https://polaris3g.mecklenburgcountync.gov/?pid=05706110
21101112,MECKLENBURG COUNTY,County government,2716 LANDING VIEW LN CHARLOTTE NC,CHARLOTTE,OTHER COUNTY PROPERTY,"Public land, ROW & utility",15.902,548500,19,18,https://polaris3g.mecklenburgcountync.gov/?pid=21101112
21907399,MECKLENBURG COUNTY,County government,JERPOINT ABBY DR CHARLOTTE NC,CHARLOTTE,GREENWAY TRAIL,"Public land, ROW & utility",6.810,559000,19,17,https://polaris3g.mecklenburgcountync.gov/?pid=21907399
22120112,MECKLENBURG COUNTY,County government,PINEVILLE-MATTHEWS RD CHARLOTTE NC,CHARLOTTE,OTHER COUNTY PROPERTY,"Public land, ROW & utility",21.547,694300,19,13,https://polaris3g.mecklenburgcountync.gov/?pid=22120112
04532897,MECKLENBURG COUNTY,County government,ALEXANDER PARK DR CHARLOTTE NC,CHARLOTTE,WETLAND,"Vacant, floodplain & farm",5.859,64600,19,17,https://polaris3g.mecklenburgcountync.gov/?pid=04532897
06107178,MECKLENBURG COUNTY,County government,3970 BRISTOL DR CHARLOTTE NC,CHARLOTTE,REC AREA,"Public land, ROW & utility",5.999,250600,18,17,https://polaris3g.mecklenburgcountync.gov/?pid=06107178
04923103,CHARLOTTE MECKLENBURG BOARD OF EDUCATION,CMS (Board of Education),325 W ROCKY RIVER RD CHARLOTTE NC,CHARLOTTE,SCHOOL - PUBLIC,Institutional,19.986,14497600,18,17,https://polaris3g.mecklenburgcountync.gov/?pid=04923103
05533202,CHARLOTTE MECKLENBURG BOARD OF EDUCATION,CMS (Board of Education),7020 TUCKASEEGEE RD CHARLOTTE NC,CHARLOTTE,SCHOOL - PUBLIC,Institutional,49.395,20356600,18,18,https://polaris3g.mecklenburgcountync.gov/?pid=05533202
00926198,MECKLENBURG COUNTY,County government,DEERLAND CT HUNTERSVILLE NC,HUNTERSVILLE,OTHER COUNTY PROPERTY,"Public land, ROW & utility",8.627,15900,18,15,https://polaris3g.mecklenburgcountync.gov/?pid=00926198
01325549,MECKLENBURG COUNTY,County government,WINDING RIDGE RD HUNTERSVILLE NC,HUNTERSVILLE,OTHER MUNICIPAL,"Public land, ROW & utility",15.337,0,18,15,https://polaris3g.mecklenburgcountync.gov/?pid=01325549
02912115,MECKLENBURG COUNTY,County government,GARRISON RD CHARLOTTE NC,CHARLOTTE,GREENWAY TRAIL,"Public land, ROW & utility",3.603,14200,18,17,https://polaris3g.mecklenburgcountync.gov/?pid=02912115
01530299,MECKLENBURG COUNTY,County government,TWIN TRAIL DR HUNTERSVILLE NC,HUNTERSVILLE,OTHER COUNTY PROPERTY,"Public land, ROW & utility",16.314,49300,18,15,https://polaris3g.mecklenburgcountync.gov/?pid=01530299
01926127,CHARLOTTE MECKLENBURG BOARD OF EDUCATION,CMS (Board of Education),15205 FRED BROWN RD UNINC NC,MECKLENBURG COUNTY-UNINCORPORATED,SINGLE FAMILY RESIDENTIAL - ACREAGE,Single-family homes,18.908,1309500,18,15,https://polaris3g.mecklenburgcountync.gov/?pid=01926127
20930126,MECKLENBURG COUNTY,County government,5020 QUAIL CANYON DR CHARLOTTE NC,CHARLOTTE,OTHER COUNTY PROPERTY,"Public land, ROW & utility",6.332,218800,18,18,https://polaris3g.mecklenburgcountync.gov/?pid=20930126
20101335,MECKLENBURG COUNTY,County government,2811 BRAHMAN MEADOWS LN CHARLOTTE NC,CHARLOTTE,OTHER COUNTY PROPERTY,"Public land, ROW & utility",8.696,0,18,16,https://polaris3g.mecklenburgcountync.gov/?pid=20101335
16521404,MECKLENBURG COUNTY,County government,REDSTONES RD CHARLOTTE NC,CHARLOTTE,OTHER COUNTY PROPERTY,"Public land, ROW & utility",1.332,61700,18,15,https://polaris3g.mecklenburgcountync.gov/?pid=16521404
21120173,MECKLENBURG COUNTY,County government,PINEVILLE-MATTHEWS RD CHARLOTTE NC,CHARLOTTE,OTHER COUNTY PROPERTY,"Public land, ROW & utility",5.162,227500,18,15,https://polaris3g.mecklenburgcountync.gov/?pid=21120173
12910169,MECKLENBURG COUNTY,County government,3242 COMMONWEALTH AV CHARLOTTE NC,CHARLOTTE,OFFICE,Commercial & office,9.349,6632500,18,15,https://polaris3g.mecklenburgcountync.gov/?pid=12910169
11134222,MECKLENBURG COUNTY,County government,BROOKSTEAD DR CHARLOTTE NC,CHARLOTTE,100 YEAR FLOOD PLAIN - AC,"Vacant, floodplain & farm",7.287,12500,18,13,https://polaris3g.mecklenburgcountync.gov/?pid=11134222
13309410,MECKLENBURG COUNTY,County government,6624 REDDMAN RD CHARLOTTE NC,CHARLOTTE,SINGLE FAMILY RESIDENTIAL,Single-family homes,8.599,324800,18,18,https://polaris3g.mecklenburgcountync.gov/?pid=13309410
17125514,MECKLENBURG COUNTY,County government,6215 PARK RD CHARLOTTE NC,CHARLOTTE,REC AREA,"Public land, ROW & utility",18.143,5525100,18,18,https://polaris3g.mecklenburgcountync.gov/?pid=17125514
00932232,MECKLENBURG COUNTY,County government,SHADETREE ST HUNTERSVILLE NC,HUNTERSVILLE,GREENWAY TRAIL,"Public land, ROW & utility",5.140,44100,18,17,https://polaris3g.mecklenburgcountync.gov/?pid=00932232
17115201,CHARLOTTE MECKLENBURG BOARD OF EDUCATION,CMS (Board of Education),5621 FLAGSTAFF DR CHARLOTTE NC,CHARLOTTE,SCHOOL - PUBLIC,Institutional,27.420,50490300,18,18,https://polaris3g.mecklenburgcountync.gov/?pid=17115201
05927101,MECKLENBURG COUNTY,County government,1415 LITTLE ROCK RD CHARLOTTE NC,CHARLOTTE,SINGLE FAMILY RESIDENTIAL - ACREAGE,Single-family homes,8.215,206300,18,17,https://polaris3g.mecklenburgcountync.gov/?pid=05927101
04922288,MECKLENBURG COUNTY,County government,ROCKLAND DR CHARLOTTE NC,CHARLOTTE,OTHER COUNTY PROPERTY,"Public land, ROW & utility",3.146,35100,18,17,https://polaris3g.mecklenburgcountync.gov/?pid=04922288
00918166,MECKLENBURG COUNTY,County government,CHILGROVE LN HUNTERSVILLE NC,HUNTERSVILLE,OTHER COUNTY PROPERTY,"Public land, ROW & utility",5.160,22300,18,15,https://polaris3g.mecklenburgcountync.gov/?pid=00918166
15717232,MECKLENBURG COUNTY,County government,300 GREENWICH RD CHARLOTTE NC,CHARLOTTE,"SCHOOL,COLLEGE, PRIVATE",Institutional,10.934,7714900,18,18,https://polaris3g.mecklenburgcountync.gov/?pid=15717232
01525227,MECKLENBURG COUNTY,County government,MCCOY RD HUNTERSVILLE NC,HUNTERSVILLE,COMMERCIAL,Commercial & office,33.178,1988400,18,17,https://polaris3g.mecklenburgcountync.gov/?pid=01525227
01542494,MECKLENBURG COUNTY,County government,DUMPHRIES DR HUNTERSVILLE NC,HUNTERSVILLE,SINGLE FAMILY RESIDENTIAL - ACREAGE,Single-family homes,13.558,863400,18,17,https://polaris3g.mecklenburgcountync.gov/?pid=01542494
01908137,MECKLENBURG COUNTY,County government,HOLBROOKS RD HUNTERSVILLE NC,HUNTERSVILLE,SINGLE FAMILY RESIDENTIAL - ACREAGE,Single-family homes,14.335,246000,17,12,https://polaris3g.mecklenburgcountync.gov/?pid=01908137
01908137,MECKLENBURG COUNTY,County government,HOLBROOKS RD UNINC NC,MECKLENBURG COUNTY-UNINCORPORATED,SINGLE FAMILY RESIDENTIAL - ACREAGE,Single-family homes,14.335,678400,17,12,https://polaris3g.mecklenburgcountync.gov/?pid=01908137
02307101,MECKLENBURG COUNTY,County government,6300 SAMPLE RD UNINC NC,MECKLENBURG COUNTY-UNINCORPORATED,SINGLE FAMILY RESIDENTIAL - ACREAGE,Single-family homes,257.018,8699000,17,13,https://polaris3g.mecklenburgcountync.gov/?pid=02307101
11503258,MECKLENBURG COUNTY,County government,SEYMOUR DR CHARLOTTE NC,CHARLOTTE,GREENWAY TRAIL,"Public land, ROW & utility",8.729,633900,17,14,https://polaris3g.mecklenburgcountync.gov/?pid=11503258
21348597,MECKLENBURG COUNTY,County government,BASS LN CHARLOTTE NC,CHARLOTTE,OTHER COUNTY PROPERTY,"Public land, ROW & utility",16.691,456900,17,11,https://polaris3g.mecklenburgcountync.gov/?pid=21348597
09720133,CHARLOTTE-MECKLENBURG BOARD OF EDUCATION,CMS (Board of Education),1001 WILANN DR CHARLOTTE NC,CHARLOTTE,SCHOOL - PUBLIC,Institutional,14.875,22446900,17,15,https://polaris3g.mecklenburgcountync.gov/?pid=09720133
12902299,MECKLENBURG COUNTY,County government,IRIS DR CHARLOTTE NC,CHARLOTTE,100 YEAR FLOOD PLAIN - AC,"Vacant, floodplain & farm",2.341,62200,17,17,https://polaris3g.mecklenburgcountync.gov/?pid=12902299
03728299,MECKLENBURG COUNTY,County government,SOUTHMINSTER LN CHARLOTTE NC,CHARLOTTE,100 YEAR FLOOD PLAIN - AC,"Vacant, floodplain & farm",1.286,11900,17,17,https://polaris3g.mecklenburgcountync.gov/?pid=03728299
10935108,CHARLOTTE MECKLENBURG BOARD OF EDUCATION,CMS (Board of Education),1967 PATRIOT DR UNINC NC,MECKLENBURG COUNTY-UNINCORPORATED,SCHOOL - PUBLIC,Institutional,81.361,88100600,17,16,https://polaris3g.mecklenburgcountync.gov/?pid=10935108
17518225,MECKLENBURG COUNTY,County government,1317 REECE RD CHARLOTTE NC,CHARLOTTE,OTHER COUNTY PROPERTY,"Public land, ROW & utility",0.538,125000,17,12,https://polaris3g.mecklenburgcountync.gov/?pid=17518225
19514101,MECKLENBURG COUNTY,County government,15700 THOMPSON RD MINT HILL NC,MINT HILL,SINGLE FAMILY RESIDENTIAL,Single-family homes,50.086,4446000,17,15,https://polaris3g.mecklenburgcountync.gov/?pid=19514101
17512183,MECKLENBURG COUNTY,County government,PARK RD CHARLOTTE NC,CHARLOTTE,GREENWAY TRAIL,"Public land, ROW & utility",2.135,218100,17,16,https://polaris3g.mecklenburgcountync.gov/?pid=17512183
01506290,MECKLENBURG COUNTY,County government,ROLLING MEADOWS LN HUNTERSVILLE NC,HUNTERSVILLE,SINGLE FAMILY RESIDENTIAL - COMMON,HOA common area,5.757,0,17,14,https://polaris3g.mecklenburgcountync.gov/?pid=01506290
11327138,CHARLOTTE-MECKLENBURG BOARD OF EDUCATION,CMS (Board of Education),SADLER RD UNINC NC,na,INDUSTRIAL,Industrial & warehouse,39.404,,17,17,https://polaris3g.mecklenburgcountync.gov/?pid=11327138
03109598,MECKLENBURG COUNTY,County government,CHATTAROY DR CHARLOTTE NC,CHARLOTTE,SINGLE FAMILY RESIDENTIAL - ACREAGE,Single-family homes,7.342,447600,17,15,https://polaris3g.mecklenburgcountync.gov/?pid=03109598
19348298,MECKLENBURG COUNTY,County government,PENNRIDGE PL CHARLOTTE NC,CHARLOTTE,OTHER COUNTY PROPERTY,"Public land, ROW & utility",9.907,344200,17,15,https://polaris3g.mecklenburgcountync.gov/?pid=19348298
00516678,MECKLENBURG COUNTY,County government,20245 FLORAL LN CORNELIUS NC,CORNELIUS,OTHER COUNTY PROPERTY,"Public land, ROW & utility",6.052,428100,17,17,https://polaris3g.mecklenburgcountync.gov/?pid=00516678
02702212,MECKLENBURG COUNTY,County government,W W T HARRIS BV CHARLOTTE NC,CHARLOTTE,GREENWAY TRAIL,"Public land, ROW & utility",2.449,8500,17,16,https://polaris3g.mecklenburgcountync.gov/?pid=02702212
15303513,MECKLENBURG COUNTY,County government,BRUNSWICK AV CHARLOTTE NC,CHARLOTTE,100 YEAR FLOOD PLAIN - AC,"Vacant, floodplain & farm",1.171,182600,17,14,https://polaris3g.mecklenburgcountync.gov/?pid=15303513
17511233,MECKLENBURG COUNTY,County government,214 MONCURE DR CHARLOTTE NC,CHARLOTTE,OTHER COUNTY PROPERTY,"Public land, ROW & utility",3.644,367000,17,15,https://polaris3g.mecklenburgcountync.gov/?pid=17511233
22755348,MECKLENBURG COUNTY,County government,GRIMMERSBOROUGH LN CHARLOTTE NC,CHARLOTTE,GREENWAY TRAIL,"Public land, ROW & utility",4.021,42900,17,17,https://polaris3g.mecklenburgcountync.gov/?pid=22755348
02714281,MECKLENBURG COUNTY,County government,HUBBARD FALLS DR CHARLOTTE NC,CHARLOTTE,OTHER COUNTY PROPERTY,"Public land, ROW & utility",4.719,16100,17,14,https://polaris3g.mecklenburgcountync.gov/?pid=02714281
05510102,MECKLENBURG COUNTY,County government,9228 OLD MOORES CHAPEL RD UNINC NC,MECKLENBURG COUNTY-UNINCORPORATED,SINGLE FAMILY RESIDENTIAL - ACREAGE,Single-family homes,14.596,759500,17,17,https://polaris3g.mecklenburgcountync.gov/?pid=05510102
14911555,MECKLENBURG COUNTY,County government,4525 COLLINGWOOD DR CHARLOTTE NC,CHARLOTTE,SINGLE FAMILY RESIDENTIAL,Single-family homes,3.458,1385900,17,17,https://polaris3g.mecklenburgcountync.gov/?pid=14911555
10816617,MECKLENBURG COUNTY,County government,PLAZA RD CHARLOTTE NC,CHARLOTTE,SINGLE FAMILY RESIDENTIAL - ACREAGE,Single-family homes,1.639,124200,17,16,https://polaris3g.mecklenburgcountync.gov/?pid=10816617
07112205,MECKLENBURG COUNTY,County government,2600 RAVENCROFT DR CHARLOTTE NC,CHARLOTTE,OTHER MUNICIPAL,"Public land, ROW & utility",29.024,780500,17,15,https://polaris3g.mecklenburgcountync.gov/?pid=07112205
08116335,CHARLOTTE MECKLENBURG BOARD OF EDUCATION,CMS (Board of Education),1411 HAWTHORNE LN CHARLOTTE NC,CHARLOTTE,SCHOOL - PUBLIC,Institutional,15.214,15321900,16,16,https://polaris3g.mecklenburgcountync.gov/?pid=08116335
09915224,MECKLENBURG COUNTY,County government,MILTON RD CHARLOTTE NC,CHARLOTTE,SINGLE FAMILY RESIDENTIAL,Single-family homes,5.844,257800,16,15,https://polaris3g.mecklenburgcountync.gov/?pid=09915224
01320108,MECKLENBURG COUNTY,County government,JIM KIDD RD HUNTERSVILLE NC,HUNTERSVILLE,SINGLE FAMILY RESIDENTIAL - ACREAGE,Single-family homes,73.329,1419100,16,14,https://polaris3g.mecklenburgcountync.gov/?pid=01320108
23111639,MECKLENBURG COUNTY,County government,308 HAMPSHIRE HILL RD CHARLOTTE NC,CHARLOTTE,OTHER COUNTY PROPERTY,"Public land, ROW & utility",6.540,134700,16,15,https://polaris3g.mecklenburgcountync.gov/?pid=23111639
10927441,MECKLENBURG COUNTY,County government,CRANE POINT DR CHARLOTTE NC,CHARLOTTE,100 YEAR FLOOD PLAIN - AC,"Vacant, floodplain & farm",1.266,60600,16,14,https://polaris3g.mecklenburgcountync.gov/?pid=10927441
20952201,CHARLOTTE MECKLENBURG BOARD OF EDUCATION,CMS (Board of Education),3200 SMITHFIELD CHURCH RD CHARLOTTE NC,CHARLOTTE,SCHOOL - PUBLIC,Institutional,17.137,15822700,16,16,https://polaris3g.mecklenburgcountync.gov/?pid=20952201
16508198,MECKLENBURG COUNTY,County government,STREAMSIDE DR CHARLOTTE NC,CHARLOTTE,GREENWAY TRAIL,"Public land, ROW & utility",2.862,167200,16,15,https://polaris3g.mecklenburgcountync.gov/?pid=16508198
14501415,MECKLENBURG COUNTY,County government,645 REMOUNT RD CHARLOTTE NC,CHARLOTTE,REC AREA,"Public land, ROW & utility",10.404,3046600,16,15,https://polaris3g.mecklenburgcountync.gov/?pid=14501415
02930119,MECKLENBURG COUNTY,County government,RIDGE RD CHARLOTTE NC,CHARLOTTE,SINGLE FAMILY RESIDENTIAL - ACREAGE,Single-family homes,12.872,688100,16,10,https://polaris3g.mecklenburgcountync.gov/?pid=02930119
17124152,MECKLENBURG COUNTY,County government,PARK RD CHARLOTTE NC,CHARLOTTE,OTHER COUNTY PROPERTY,"Public land, ROW & utility",4.819,325400,16,14,https://polaris3g.mecklenburgcountync.gov/?pid=17124152
08911109,CHARLOTTE MECKLENBURG BOARD OF EDUCATION,CMS (Board of Education),500 BILMARK AV CHARLOTTE NC,CHARLOTTE,SCHOOL - PUBLIC,Institutional,25.397,22552400,16,11,https://polaris3g.mecklenburgcountync.gov/?pid=08911109
05142298,MECKLENBURG COUNTY,County government,ABERCROMBY ST UNINC NC,MECKLENBURG COUNTY-UNINCORPORATED,OTHER COUNTY PROPERTY,"Public land, ROW & utility",1.521,0,16,14,https://polaris3g.mecklenburgcountync.gov/?pid=05142298
14708153,MECKLENBURG COUNTY,County government,600 ELMHURST RD CHARLOTTE NC,CHARLOTTE,REC AREA,"Public land, ROW & utility",5.058,5361400,16,15,https://polaris3g.mecklenburgcountync.gov/?pid=14708153
13926233,MECKLENBURG COUNTY,County government,10765 BRIEF RD UNINC NC,MECKLENBURG COUNTY-UNINCORPORATED,SINGLE FAMILY RESIDENTIAL - ACREAGE,Single-family homes,35.038,932000,16,13,https://polaris3g.mecklenburgcountync.gov/?pid=13926233
02755155,MECKLENBURG COUNTY,County government,STONE PARK DR CHARLOTTE NC,CHARLOTTE,GREENWAY TRAIL,"Public land, ROW & utility",1.286,5100,16,15,https://polaris3g.mecklenburgcountync.gov/?pid=02755155
03327334,MECKLENBURG COUNTY,County government,FOX THORNE DR CHARLOTTE NC,CHARLOTTE,SINGLE FAMILY RESIDENTIAL - ACREAGE,Single-family homes,3.278,20900,16,14,https://polaris3g.mecklenburgcountync.gov/?pid=03327334
22344160,MECKLENBURG COUNTY,County government,6500 ELMSTONE DR CHARLOTTE NC,CHARLOTTE,OTHER COUNTY PROPERTY,"Public land, ROW & utility",14.079,1254700,16,15,https://polaris3g.mecklenburgcountync.gov/?pid=22344160
02112201,MECKLENBURG COUNTY,County government,13729 EASTFIELD RD UNINC NC,MECKLENBURG COUNTY-UNINCORPORATED,SINGLE FAMILY RESIDENTIAL - ACREAGE,Single-family homes,114.930,3048800,16,16,https://polaris3g.mecklenburgcountync.gov/?pid=02112201
02743137,MECKLENBURG COUNTY,County government,NETHERHALL DR CHARLOTTE NC,CHARLOTTE,OTHER COUNTY PROPERTY,"Public land, ROW & utility",7.701,369800,16,14,https://polaris3g.mecklenburgcountync.gov/?pid=02743137
08704109,MECKLENBURG COUNTY,County government,AMBLE DR CHARLOTTE NC,CHARLOTTE,REC AREA,"Public land, ROW & utility",12.795,703000,16,14,https://polaris3g.mecklenburgcountync.gov/?pid=08704109
19107107,CHARLOTTE MECKLENBURG BOARD OF EDUCATION,CMS (Board of Education),8301 MONROE RD CHARLOTTE NC,CHARLOTTE,SCHOOL - PUBLIC,Institutional,17.395,15086500,16,16,https://polaris3g.mecklenburgcountync.gov/?pid=19107107
20143111,MECKLENBURG COUNTY,County government,FERGUSON FOREST DR CHARLOTTE NC,CHARLOTTE,OTHER COUNTY PROPERTY,"Public land, ROW & utility",11.553,473800,16,14,https://polaris3g.mecklenburgcountync.gov/?pid=20143111
17511166,MECKLENBURG COUNTY,County government,3835 SELWYN AV CHARLOTTE NC,CHARLOTTE,OTHER COUNTY PROPERTY,"Public land, ROW & utility",1.709,262100,16,15,https://polaris3g.mecklenburgcountync.gov/?pid=17511166
12910179,CHARLOTTE MECKLENBURG BOARD OF EDUCATION,CMS (Board of Education),E INDEPENDENCE BV CHARLOTTE NC,CHARLOTTE,COMMERCIAL,Commercial & office,5.481,2304400,16,16,https://polaris3g.mecklenburgcountync.gov/?pid=12910179
01535199,MECKLENBURG COUNTY,County government,BRADFORD HILL LN HUNTERSVILLE NC,HUNTERSVILLE,OTHER COUNTY PROPERTY,"Public land, ROW & utility",12.904,42200,16,14,https://polaris3g.mecklenburgcountync.gov/?pid=01535199
01922491,MECKLENBURG COUNTY,County government,MONOCACY BV HUNTERSVILLE NC,HUNTERSVILLE,OTHER MUNICIPAL,"Public land, ROW & utility",5.733,48900,16,14,https://polaris3g.mecklenburgcountync.gov/?pid=01922491
14517408,MECKLENBURG COUNTY,County government,SUDAN ST CHARLOTTE NC,CHARLOTTE,REC AREA,"Public land, ROW & utility",1.835,113100,16,16,https://polaris3g.mecklenburgcountync.gov/?pid=14517408
21305106,CHARLOTTE MECKLENBURG BOARD OF EDUCATION,CMS (Board of Education),1800 PINEVILLE-MATTHEWS RD CHARLOTTE NC,CHARLOTTE,SCHOOL - PUBLIC,Institutional,58.785,35860100,16,16,https://polaris3g.mecklenburgcountync.gov/?pid=21305106
21335105,MECKLENBURG COUNTY,County government,PROVIDENCE RD CHARLOTTE NC,CHARLOTTE,GREENWAY TRAIL,"Public land, ROW & utility",5.799,252600,16,14,https://polaris3g.mecklenburgcountync.gov/?pid=21335105
22112201,MECKLENBURG COUNTY,County government,LANCASTER HY CHARLOTTE NC,CHARLOTTE,OTHER MUNICIPAL,"Public land, ROW & utility",18.735,627700,16,15,https://polaris3g.mecklenburgcountync.gov/?pid=22112201
20101169,MECKLENBURG COUNTY,County government,2630 MASON MILL PL CHARLOTTE NC,CHARLOTTE,OTHER COUNTY PROPERTY,"Public land, ROW & utility",6.638,346800,16,14,https://polaris3g.mecklenburgcountync.gov/?pid=20101169
03707289,MECKLENBURG COUNTY,County government,SOUTHWIND DR CHARLOTTE NC,CHARLOTTE,SINGLE FAMILY RESIDENTIAL - COMMON,HOA common area,0.388,0,16,16,https://polaris3g.mecklenburgcountync.gov/?pid=03707289
18929225,MECKLENBURG COUNTY,County government,TIVOLI CT CHARLOTTE NC,CHARLOTTE,OTHER COUNTY PROPERTY,"Public land, ROW & utility",2.384,281200,16,15,https://polaris3g.mecklenburgcountync.gov/?pid=18929225
10506108,MECKLENBURG COUNTY,County government,3012 ROCKY RIVER RD UNINC NC,MECKLENBURG COUNTY-UNINCORPORATED,REC AREA,"Public land, ROW & utility",7.685,303700,16,14,https://polaris3g.mecklenburgcountync.gov/?pid=10506108
10803115,MECKLENBURG COUNTY,County government,8525 PENCE RD CHARLOTTE NC,CHARLOTTE,GOLF COURSE CLASS 4 - MINIMUM QUALITY,Commercial & office,308.752,4000000,16,13,https://polaris3g.mecklenburgcountync.gov/?pid=10803115
21516311,MECKLENBURG COUNTY,County government,13201 PHILLIPS RD MATTHEWS NC,MATTHEWS,OTHER COUNTY PROPERTY,"Public land, ROW & utility",26.517,3100800,16,15,https://polaris3g.mecklenburgcountync.gov/?pid=21516311
06501515,MECKLENBURG COUNTY,County government,1501 ENDERLY RD CHARLOTTE NC,CHARLOTTE,SINGLE FAMILY RESIDENTIAL - ACREAGE,Single-family homes,6.564,762700,16,15,https://polaris3g.mecklenburgcountync.gov/?pid=06501515
16302156,MECKLENBURG COUNTY,County government,5715 MONROE RD CHARLOTTE NC,CHARLOTTE,OTHER COUNTY PROPERTY,"Public land, ROW & utility",10.152,2951100,16,14,https://polaris3g.mecklenburgcountync.gov/?pid=16302156
10511111,MECKLENBURG COUNTY,County government,PLAZA RD CHARLOTTE NC,CHARLOTTE,MULTI FAMILY,Multi-family,108.179,3608300,16,11,https://polaris3g.mecklenburgcountync.gov/?pid=10511111
00923397,MECKLENBURG COUNTY,County government,OAKHAM ST HUNTERSVILLE NC,HUNTERSVILLE,OTHER COUNTY PROPERTY,"Public land, ROW & utility",7.558,26800,16,12,https://polaris3g.mecklenburgcountync.gov/?pid=00923397
02519399,MECKLENBURG COUNTY,County government,BELSTEAD BROOK CT CHARLOTTE NC,CHARLOTTE,100 YEAR FLOOD PLAIN - AC,"Vacant, floodplain & farm",4.111,26600,16,13,https://polaris3g.mecklenburgcountync.gov/?pid=02519399
02322103,MECKLENBURG COUNTY,County government,ARTHUR AUTEN RD UNINC NC,MECKLENBURG COUNTY-UNINCORPORATED,SINGLE FAMILY RESIDENTIAL - ACREAGE,Single-family homes,28.823,1403600,15,12,https://polaris3g.mecklenburgcountync.gov/?pid=02322103
02724199,MECKLENBURG COUNTY,County government,5600 MALLARD GROVE RD CHARLOTTE NC,CHARLOTTE,GREENWAY TRAIL,"Public land, ROW & utility",4.233,14800,15,12,https://polaris3g.mecklenburgcountync.gov/?pid=02724199
22311113,MECKLENBURG COUNTY,County government,10901 BALLANTYNE COMMONS PY CHARLOTTE NC,CHARLOTTE,OTHER COUNTY PROPERTY,"Public land, ROW & utility",71.478,2029700,15,12,https://polaris3g.mecklenburgcountync.gov/?pid=22311113
13316103,CHARLOTTE MECKLENBURG BOARD OF EDUCATION,CMS (Board of Education),5932 FARM POND LN CHARLOTTE NC,CHARLOTTE,SCHOOL - PUBLIC,Institutional,16.865,23120500,15,13,https://polaris3g.mecklenburgcountync.gov/?pid=13316103
01304226,MECKLENBURG COUNTY,County government,ALLISON FERRY RD HUNTERSVILLE NC,HUNTERSVILLE,SINGLE FAMILY RESIDENTIAL - ACREAGE,Single-family homes,42.460,1418700,15,13,https://polaris3g.mecklenburgcountync.gov/?pid=01304226
02935163,MECKLENBURG COUNTY,County government,3800 PROSPERITY CHURCH RD CHARLOTTE NC,CHARLOTTE,GOLF COURSE CLASS 4 - MINIMUM QUALITY,Commercial & office,39.129,0,15,13,https://polaris3g.mecklenburgcountync.gov/?pid=02935163
22344161,MECKLENBURG COUNTY,County government,6930 WOLF RUN DR CHARLOTTE NC,CHARLOTTE,OTHER COUNTY PROPERTY,"Public land, ROW & utility",7.777,831000,15,14,https://polaris3g.mecklenburgcountync.gov/?pid=22344161
03137299,MECKLENBURG COUNTY,County government,RIDGE ACRES RD CHARLOTTE NC,CHARLOTTE,SINGLE FAMILY RESIDENTIAL,Single-family homes,5.166,322100,15,13,https://polaris3g.mecklenburgcountync.gov/?pid=03137299
10722175,MECKLENBURG COUNTY,County government,8001 STRAWBERRY POINT DR CHARLOTTE NC,CHARLOTTE,SINGLE FAMILY RESIDENTIAL - ACREAGE,Single-family homes,2.342,96900,15,13,https://polaris3g.mecklenburgcountync.gov/?pid=10722175
22904107,MECKLENBURG COUNTY,County government,COMMUNITY HOUSE RD CHARLOTTE NC,CHARLOTTE,REC AREA,"Public land, ROW & utility",30.117,5250700,15,8,https://polaris3g.mecklenburgcountync.gov/?pid=22904107
18730101,MECKLENBURG COUNTY,County government,7500 SARDIS RD CHARLOTTE NC,CHARLOTTE,OTHER COUNTY PROPERTY,"Public land, ROW & utility",7.155,143400,15,3,https://polaris3g.mecklenburgcountync.gov/?pid=18730101
00927201,PUBLIC LIBRARY OF CHARLOTTE & MECK CTY THE,Library / ABC / Landmarks,16500 HOLLY CREST LN HUNTERSVILLE NC,HUNTERSVILLE,COMMERCIAL,Commercial & office,3.208,5006800,15,15,https://polaris3g.mecklenburgcountync.gov/?pid=00927201
22332202,MECKLENBURG COUNTY,County government,6139 BEVINGTON PL CHARLOTTE NC,CHARLOTTE,GREENWAY TRAIL,"Public land, ROW & utility",3.218,89600,15,14,https://polaris3g.mecklenburgcountync.gov/?pid=22332202
04922245,MECKLENBURG COUNTY,County government,BROOKE NICOLE PL CHARLOTTE NC,CHARLOTTE,OTHER COUNTY PROPERTY,"Public land, ROW & utility",2.803,32300,15,13,https://polaris3g.mecklenburgcountync.gov/?pid=04922245
01325599,MECKLENBURG COUNTY,County government,12517 BEATTIES FORD RD HUNTERSVILLE NC,HUNTERSVILLE,OTHER MUNICIPAL,"Public land, ROW & utility",13.465,55700,15,13,https://polaris3g.mecklenburgcountync.gov/?pid=01325599
09706136,CHARLOTTE MECKLENBURG BOARD OF EDUCATION,CMS (Board of Education),6520 ORR RD CHARLOTTE NC,CHARLOTTE,OTHER MUNICIPAL,"Public land, ROW & utility",19.849,5229800,15,15,https://polaris3g.mecklenburgcountync.gov/?pid=09706136
15711109,MECKLENBURG COUNTY,County government,3533 CRAIG AV CHARLOTTE NC,CHARLOTTE,REC AREA,"Public land, ROW & utility",5.134,3364600,15,15,https://polaris3g.mecklenburgcountync.gov/?pid=15711109
09510259,MECKLENBURG COUNTY,County government,GRENIDIER CT CHARLOTTE NC,CHARLOTTE,SINGLE FAMILY RESIDENTIAL - ACREAGE,Single-family homes,2.089,260000,15,8,https://polaris3g.mecklenburgcountync.gov/?pid=09510259
22340115,MECKLENBURG COUNTY,County government,9651 STANTON GREEN CT CHARLOTTE NC,CHARLOTTE,OTHER COUNTY PROPERTY,"Public land, ROW & utility",12.311,180100,15,12,https://polaris3g.mecklenburgcountync.gov/?pid=22340115
14508118,MECKLENBURG COUNTY,County government,3132 MANCHESTER DR CHARLOTTE NC,CHARLOTTE,REC AREA,"Public land, ROW & utility",19.282,1561300,15,12,https://polaris3g.mecklenburgcountync.gov/?pid=14508118
21909106,CHARLOTTE MECKLENBURG BOARD OF EDUCATION,CMS (Board of Education),15922 STEELE CREEK RD CHARLOTTE NC,CHARLOTTE,SCHOOL - PUBLIC,Institutional,9.524,660900,15,14,https://polaris3g.mecklenburgcountync.gov/?pid=21909106
02710573,MECKLENBURG COUNTY,County government,PROSPERITY CHURCH RD CHARLOTTE NC,CHARLOTTE,GREENWAY TRAIL,"Public land, ROW & utility",2.178,0,15,13,https://polaris3g.mecklenburgcountync.gov/?pid=02710573
20517492,MECKLENBURG COUNTY,County government,BRONZE PIKE DR CHARLOTTE NC,CHARLOTTE,OTHER COUNTY PROPERTY,"Public land, ROW & utility",3.818,96500,15,14,https://polaris3g.mecklenburgcountync.gov/?pid=20517492
17314501,MECKLENBURG COUNTY,County government,2201 HUNTINGTOWNE FARMS LN CHARLOTTE NC,CHARLOTTE,GREENWAY TRAIL,"Public land, ROW & utility",6.314,397500,15,14,https://polaris3g.mecklenburgcountync.gov/?pid=17314501
05130175,MECKLENBURG COUNTY,County government,SWANQUARTER DR CHARLOTTE NC,CHARLOTTE,REC AREA,"Public land, ROW & utility",4.293,73900,15,12,https://polaris3g.mecklenburgcountync.gov/?pid=05130175
20137291,MECKLENBURG COUNTY,County government,7624 FALLOW LN CHARLOTTE NC,CHARLOTTE,GREENWAY TRAIL,"Public land, ROW & utility",4.134,252300,15,14,https://polaris3g.mecklenburgcountync.gov/?pid=20137291
10516120,MECKLENBURG COUNTY,County government,4801 ROCKY RIVER RD CHARLOTTE NC,CHARLOTTE,SINGLE FAMILY RESIDENTIAL - ACREAGE,Single-family homes,7.171,338300,15,14,https://polaris3g.mecklenburgcountync.gov/?pid=10516120
13511199,MECKLENBURG COUNTY,County government,7604 GRAYLING CT CHARLOTTE NC,CHARLOTTE,OTHER COUNTY PROPERTY,"Public land, ROW & utility",1.384,61200,15,13,https://polaris3g.mecklenburgcountync.gov/?pid=13511199
17118139,MECKLENBURG COUNTY,County government,PARK RD CHARLOTTE NC,CHARLOTTE,OTHER COUNTY PROPERTY,"Public land, ROW & utility",5.846,368600,15,12,https://polaris3g.mecklenburgcountync.gov/?pid=17118139
20147301,MECKLENBURG COUNTY,County government,3627 SANDY PORTER RD CHARLOTTE NC,CHARLOTTE,SINGLE FAMILY RESIDENTIAL,Single-family homes,8.400,545200,15,15,https://polaris3g.mecklenburgcountync.gov/?pid=20147301
22126104,MECKLENBURG COUNTY,County government,POINT COMFORT LN CHARLOTTE NC,CHARLOTTE,OTHER COUNTY PROPERTY,"Public land, ROW & utility",1.134,62400,15,14,https://polaris3g.mecklenburgcountync.gov/?pid=22126104
10916160,MECKLENBURG COUNTY,County government,8131 E W T HARRIS BV CHARLOTTE NC,CHARLOTTE,MULTI FAMILY,Multi-family,27.422,4337000,15,15,https://polaris3g.mecklenburgcountync.gov/?pid=10916160
16719101,MECKLENBURG COUNTY,County government,FOREST POINT BV CHARLOTTE NC,CHARLOTTE,OFFICE,Commercial & office,5.330,1379000,15,14,https://polaris3g.mecklenburgcountync.gov/?pid=16719101
17518220,MECKLENBURG COUNTY,County government,ARBOR LN CHARLOTTE NC,CHARLOTTE,OTHER COUNTY PROPERTY,"Public land, ROW & utility",0.182,31600,15,12,https://polaris3g.mecklenburgcountync.gov/?pid=17518220
15704104,MECKLENBURG COUNTY,County government,249 BILLINGSLEY RD CHARLOTTE NC,CHARLOTTE,OTHER COUNTY PROPERTY,"Public land, ROW & utility",64.157,64131600,15,5,https://polaris3g.mecklenburgcountync.gov/?pid=15704104
22940136,MECKLENBURG COUNTY,County government,LANDING GREEN DR CHARLOTTE NC,CHARLOTTE,OTHER COUNTY PROPERTY,"Public land, ROW & utility",3.420,179600,15,12,https://polaris3g.mecklenburgcountync.gov/?pid=22940136
01712113,MECKLENBURG COUNTY,County government,200 GILEAD RD HUNTERSVILLE NC,HUNTERSVILLE,SCHOOL - PUBLIC,Institutional,28.464,15373600,15,15,https://polaris3g.mecklenburgcountync.gov/?pid=01712113
20712164,MECKLENBURG COUNTY,County government,2217 LONGLEAF DR CHARLOTTE NC,CHARLOTTE,GREENWAY TRAIL,"Public land, ROW & utility",1.076,58500,14,10,https://polaris3g.mecklenburgcountync.gov/?pid=20712164
16516125,MECKLENBURG COUNTY,County government,WHITFIELD DR CHARLOTTE NC,CHARLOTTE,100 YEAR FLOOD PLAIN - AC,"Vacant, floodplain & farm",6.764,237200,14,9,https://polaris3g.mecklenburgcountync.gov/?pid=16516125
21727102,MECKLENBURG COUNTY,County government,MCKEE RD UNINC NC,MECKLENBURG COUNTY-UNINCORPORATED,SINGLE FAMILY RESIDENTIAL - ACREAGE,Single-family homes,35.121,2265900,14,13,https://polaris3g.mecklenburgcountync.gov/?pid=21727102
06909340,MECKLENBURG COUNTY,County government,ESTELLE ST CHARLOTTE NC,CHARLOTTE,SINGLE FAMILY RESIDENTIAL,Single-family homes,2.902,292500,14,8,https://polaris3g.mecklenburgcountync.gov/?pid=06909340
04301137,MECKLENBURG COUNTY,County government,6325 ROCKWELL CHURCH RD CHARLOTTE NC,CHARLOTTE,REC AREA,"Public land, ROW & utility",4.275,932300,14,12,https://polaris3g.mecklenburgcountync.gov/?pid=04301137
01506291,MECKLENBURG COUNTY,County government,ROLLING MEADOWS LN HUNTERSVILLE NC,HUNTERSVILLE,SINGLE FAMILY RESIDENTIAL - COMMON,HOA common area,6.704,0,14,11,https://polaris3g.mecklenburgcountync.gov/?pid=01506291
01937139,MECKLENBURG COUNTY,County government,MARYMONT AV HUNTERSVILLE NC,HUNTERSVILLE,SINGLE FAMILY RESIDENTIAL - ACREAGE,Single-family homes,2.468,28100,14,9,https://polaris3g.mecklenburgcountync.gov/?pid=01937139
13536522,MECKLENBURG COUNTY,County government,GOLDEN SPIKE DR MINT HILL NC,MINT HILL,OTHER COUNTY PROPERTY,"Public land, ROW & utility",6.329,342000,14,14,https://polaris3g.mecklenburgcountync.gov/?pid=13536522
05121759,MECKLENBURG COUNTY,County government,13813 CONNELL GREEN DR CHARLOTTE NC,CHARLOTTE,SINGLE FAMILY RESIDENTIAL,Single-family homes,4.074,56300,14,13,https://polaris3g.mecklenburgcountync.gov/?pid=05121759
21710124,CHARLOTTE-MECKLENBURG BOARD OF EDUCATION,CMS (Board of Education),14947 YORK RD UNINC NC,MECKLENBURG COUNTY-UNINCORPORATED,SCHOOL - PUBLIC,Institutional,87.700,68354600,14,13,https://polaris3g.mecklenburgcountync.gov/?pid=21710124
03109501,MECKLENBURG COUNTY,County government,10500 MOUNT HOLLY RD CHARLOTTE NC,CHARLOTTE,SINGLE FAMILY RESIDENTIAL - ACREAGE,Single-family homes,9.054,517200,14,12,https://polaris3g.mecklenburgcountync.gov/?pid=03109501
06708437,CHARLOTTE MECKLENBURG BOARD OF EDUCATION,CMS (Board of Education),WEYLAND AV CHARLOTTE NC,CHARLOTTE,SCHOOL - PUBLIC,Institutional,7.649,1213500,14,11,https://polaris3g.mecklenburgcountync.gov/?pid=06708437
08304329,MECKLENBURG COUNTY,County government,600 E 24TH ST CHARLOTTE NC,CHARLOTTE,GREENWAY TRAIL,"Public land, ROW & utility",20.609,1292800,14,12,https://polaris3g.mecklenburgcountync.gov/?pid=08304329
10514234,CHARLOTTE MECKLENBURG BOARD OF EDUCATION,CMS (Board of Education),10801 PLAZA RD CHARLOTTE NC,CHARLOTTE,SCHOOL - PUBLIC,Institutional,25.720,10849200,14,14,https://polaris3g.mecklenburgcountync.gov/?pid=10514234
13536501,MECKLENBURG COUNTY,County government,5708 BEAVER DAM LN MINT HILL NC,MINT HILL,OTHER COUNTY PROPERTY,"Public land, ROW & utility",6.635,144000,14,13,https://polaris3g.mecklenburgcountync.gov/?pid=13536501
19523106,MECKLENBURG COUNTY,County government,14925 HOOKS RD UNINC NC,MECKLENBURG COUNTY-UNINCORPORATED,SINGLE FAMILY RESIDENTIAL - ACREAGE,Single-family homes,40.521,3657700,14,11,https://polaris3g.mecklenburgcountync.gov/?pid=19523106
00747198,MECKLENBURG COUNTY,County government,DAVIDSON-CONCORD RD DAVIDSON NC,DAVIDSON,SINGLE FAMILY RESIDENTIAL - ACREAGE,Single-family homes,90.614,4812400,14,13,https://polaris3g.mecklenburgcountync.gov/?pid=00747198
13924119,MECKLENBURG COUNTY,County government,SURREY RD UNINC NC,MECKLENBURG COUNTY-UNINCORPORATED,SINGLE FAMILY RESIDENTIAL - ACREAGE,Single-family homes,38.998,794600,14,11,https://polaris3g.mecklenburgcountync.gov/?pid=13924119
11134258,MECKLENBURG COUNTY,County government,CALGARY DR CHARLOTTE NC,CHARLOTTE,100 YEAR FLOOD PLAIN - AC,"Vacant, floodplain & farm",3.734,7100,14,12,https://polaris3g.mecklenburgcountync.gov/?pid=11134258
01714597,MECKLENBURG COUNTY,County government,N I-77 HY HUNTERSVILLE NC,HUNTERSVILLE,OTHER COUNTY PROPERTY,"Public land, ROW & utility",6.641,38700,14,13,https://polaris3g.mecklenburgcountync.gov/?pid=01714597
09924102,MECKLENBURG COUNTY,County government,CAGLE AV CHARLOTTE NC,CHARLOTTE,INDUSTRIAL,Industrial & warehouse,24.751,3985000,14,14,https://polaris3g.mecklenburgcountync.gov/?pid=09924102
06908208,MECKLENBURG COUNTY,County government,LASALLE ST CHARLOTTE NC,CHARLOTTE,SINGLE FAMILY RESIDENTIAL,Single-family homes,0.782,37800,14,9,https://polaris3g.mecklenburgcountync.gov/?pid=06908208
16915537,MECKLENBURG COUNTY,County government,NATIONS FORD RD CHARLOTTE NC,CHARLOTTE,OTHER COUNTY PROPERTY,"Public land, ROW & utility",11.390,622100,14,1,https://polaris3g.mecklenburgcountync.gov/?pid=16915537
03115232,MECKLENBURG COUNTY,County government,BEAGLE CLUB RD CHARLOTTE NC,CHARLOTTE,SINGLE FAMILY RESIDENTIAL - ACREAGE,Single-family homes,4.888,158000,14,6,https://polaris3g.mecklenburgcountync.gov/?pid=03115232
08706105,MECKLENBURG COUNTY,County government,943 W SUGAR CREEK RD CHARLOTTE NC,CHARLOTTE,REC AREA,"Public land, ROW & utility",30.845,4385600,14,9,https://polaris3g.mecklenburgcountync.gov/?pid=08706105
19302226,MECKLENBURG COUNTY,County government,DRIFTER DR CHARLOTTE NC,CHARLOTTE,OTHER COUNTY PROPERTY,"Public land, ROW & utility",2.003,69600,14,13,https://polaris3g.mecklenburgcountync.gov/?pid=19302226
19934201,MECKLENBURG COUNTY,County government,14660 SOLDIER RD UNINC NC,MECKLENBURG COUNTY-UNINCORPORATED,SINGLE FAMILY RESIDENTIAL - WATERFRONT,Single-family homes,92.804,9394500,14,14,https://polaris3g.mecklenburgcountync.gov/?pid=19934201
01510498,MECKLENBURG COUNTY,County government,HILLSTON RIDGE RD HUNTERSVILLE NC,HUNTERSVILLE,OTHER COUNTY PROPERTY,"Public land, ROW & utility",2.212,56600,14,12,https://polaris3g.mecklenburgcountync.gov/?pid=01510498
21335102,MECKLENBURG COUNTY,County government,PROVIDENCE RD CHARLOTTE NC,CHARLOTTE,GREENWAY TRAIL,"Public land, ROW & utility",4.149,206300,14,13,https://polaris3g.mecklenburgcountync.gov/?pid=21335102
01316497,MECKLENBURG COUNTY,County government,STEPHENS GROVE LN HUNTERSVILLE NC,HUNTERSVILLE,SINGLE FAMILY RESIDENTIAL - ACREAGE,Single-family homes,5.956,317700,14,14,https://polaris3g.mecklenburgcountync.gov/?pid=01316497
13513101,MECKLENBURG COUNTY,County government,8320 LAWYERS RD UNINC NC,MECKLENBURG COUNTY-UNINCORPORATED,SINGLE FAMILY RESIDENTIAL - ACREAGE,Single-family homes,5.556,302900,14,14,https://polaris3g.mecklenburgcountync.gov/?pid=13513101
11138299,MECKLENBURG COUNTY,County government,HORNWOOD CT CHARLOTTE NC,CHARLOTTE,100 YEAR FLOOD PLAIN - AC,"Vacant, floodplain & farm",6.616,11400,14,11,https://polaris3g.mecklenburgcountync.gov/?pid=11138299
10507101,MECKLENBURG COUNTY,County government,2980 ROCKY RIVER RD CHARLOTTE NC,CHARLOTTE,REC AREA,"Public land, ROW & utility",278.101,12893000,14,4,https://polaris3g.mecklenburgcountync.gov/?pid=10507101
17307159,MECKLENBURG COUNTY,County government,MOUNT CLARE LN CHARLOTTE NC,CHARLOTTE,GREENWAY TRAIL,"Public land, ROW & utility",8.462,487400,14,11,https://polaris3g.mecklenburgcountync.gov/?pid=17307159
02928109,CHARLOTTE MECKLENBURG BOARD OF EDUCATION,CMS (Board of Education),SHELLEY AV CHARLOTTE NC,CHARLOTTE,SINGLE FAMILY RESIDENTIAL - ACREAGE,Single-family homes,6.361,380300,14,14,https://polaris3g.mecklenburgcountync.gov/?pid=02928109
16723105,MECKLENBURG COUNTY,County government,2632 S TRYON ST CHARLOTTE NC,CHARLOTTE,INDUSTRIAL,Industrial & warehouse,2.119,75200,14,8,https://polaris3g.mecklenburgcountync.gov/?pid=16723105
16722199,MECKLENBURG COUNTY,County government,2632 S TRYON ST CHARLOTTE NC,CHARLOTTE,INDUSTRIAL,Industrial & warehouse,2.514,77800,14,4,https://polaris3g.mecklenburgcountync.gov/?pid=16722199
10801323,CHARLOTTE MECKLENBURG BOARD OF EDUCATION,CMS (Board of Education),6709 PENCE RD CHARLOTTE NC,CHARLOTTE,SCHOOL - PUBLIC,Institutional,11.433,9890300,13,12,https://polaris3g.mecklenburgcountync.gov/?pid=10801323
06708438,MECKLENBURG COUNTY,County government,WEYLAND AV CHARLOTTE NC,CHARLOTTE,MULTI FAMILY,Multi-family,0.962,104800,13,10,https://polaris3g.mecklenburgcountync.gov/?pid=06708438
16709401,MECKLENBURG COUNTY,County government,EDGEGREEN DR CHARLOTTE NC,CHARLOTTE,INDUSTRIAL,Industrial & warehouse,5.141,137600,13,7,https://polaris3g.mecklenburgcountync.gov/?pid=16709401
05517296,MECKLENBURG COUNTY,County government,BLACK BEAR CT CHARLOTTE NC,CHARLOTTE,GREENWAY TRAIL,"Public land, ROW & utility",1.797,17800,13,11,https://polaris3g.mecklenburgcountync.gov/?pid=05517296
04318195,MECKLENBURG COUNTY,County government,DEERTON RD CHARLOTTE NC,CHARLOTTE,GREENWAY TRAIL,"Public land, ROW & utility",0.911,70000,13,12,https://polaris3g.mecklenburgcountync.gov/?pid=04318195
03325117,MECKLENBURG COUNTY,County government,OAKDALE RD UNINC NC,MECKLENBURG COUNTY-UNINCORPORATED,SINGLE FAMILY RESIDENTIAL,Single-family homes,54.064,1429500,13,9,https://polaris3g.mecklenburgcountync.gov/?pid=03325117
04524112,MECKLENBURG COUNTY,County government,4701 CHEVIOT RD CHARLOTTE NC,CHARLOTTE,OTHER COUNTY PROPERTY,"Public land, ROW & utility",9.809,360900,13,11,https://polaris3g.mecklenburgcountync.gov/?pid=04524112
01510515,MECKLENBURG COUNTY,County government,HUNTER'S POINTE DR HUNTERSVILLE NC,HUNTERSVILLE,FLUM/SWIM FLOODWAY (NO BUILD ZONE),"Vacant, floodplain & farm",1.991,162000,13,11,https://polaris3g.mecklenburgcountync.gov/?pid=01510515
11114336,MECKLENBURG COUNTY,County government,GWYNNE HILL RD CHARLOTTE NC,CHARLOTTE,SINGLE FAMILY RESIDENTIAL - ACREAGE,Single-family homes,5.442,74700,13,11,https://polaris3g.mecklenburgcountync.gov/?pid=11114336
16708105,MECKLENBURG COUNTY,County government,6700 DEANWOOD PL CHARLOTTE NC,CHARLOTTE,OTHER COUNTY PROPERTY,"Public land, ROW & utility",11.521,807000,13,13,https://polaris3g.mecklenburgcountync.gov/?pid=16708105
00906120,MECKLENBURG COUNTY,County government,GILEAD RD HUNTERSVILLE NC,HUNTERSVILLE,OTHER COUNTY PROPERTY,"Public land, ROW & utility",14.689,240700,13,12,https://polaris3g.mecklenburgcountync.gov/?pid=00906120
00307199,MECKLENBURG COUNTY,County government,20424 SHEARER RD UNINC NC,MECKLENBURG COUNTY-UNINCORPORATED,SINGLE FAMILY RESIDENTIAL - ACREAGE,Single-family homes,17.766,1163200,13,10,https://polaris3g.mecklenburgcountync.gov/?pid=00307199
08706106,MECKLENBURG COUNTY,County government,MERLANE DR CHARLOTTE NC,CHARLOTTE,REC AREA,"Public land, ROW & utility",8.646,589500,13,11,https://polaris3g.mecklenburgcountync.gov/?pid=08706106
11316142,MECKLENBURG COUNTY,County government,WALKERS FERRY RD UNINC NC,MECKLENBURG COUNTY-UNINCORPORATED,SINGLE FAMILY RESIDENTIAL - ACREAGE,Single-family homes,23.358,1030800,13,12,https://polaris3g.mecklenburgcountync.gov/?pid=11316142
02533283,MECKLENBURG COUNTY,County government,SHENINGTON PL CHARLOTTE NC,CHARLOTTE,100 YEAR FLOOD PLAIN - AC,"Vacant, floodplain & farm",4.498,29800,13,11,https://polaris3g.mecklenburgcountync.gov/?pid=02533283
00907660,MECKLENBURG COUNTY,County government,STANDERWICK LN HUNTERSVILLE NC,HUNTERSVILLE,100 YEAR FLOOD PLAIN - LT,"Vacant, floodplain & farm",3.221,0,13,12,https://polaris3g.mecklenburgcountync.gov/?pid=00907660
08910303,MECKLENBURG COUNTY,County government,BILMARK AV CHARLOTTE NC,CHARLOTTE,SINGLE FAMILY RESIDENTIAL,Single-family homes,9.066,1058800,13,7,https://polaris3g.mecklenburgcountync.gov/?pid=08910303
05121477,MECKLENBURG COUNTY,County government,O CASEY LN CHARLOTTE NC,CHARLOTTE,OTHER COUNTY PROPERTY,"Public land, ROW & utility",2.183,138300,13,9,https://polaris3g.mecklenburgcountync.gov/?pid=05121477
22149101,MECKLENBURG COUNTY,County government,1310 LAKEVIEW DR PINEVILLE NC,PINEVILLE,MULTI FAMILY,Multi-family,40.468,1635900,13,12,https://polaris3g.mecklenburgcountync.gov/?pid=22149101
03522109,MECKLENBURG COUNTY,County government,6716 OLD PLANK RD UNINC NC,MECKLENBURG COUNTY-UNINCORPORATED,SINGLE FAMILY RESIDENTIAL - ACREAGE,Single-family homes,7.809,254200,13,10,https://polaris3g.mecklenburgcountync.gov/?pid=03522109
05531106,MECKLENBURG COUNTY,County government,1408 LITTLE ROCK RD CHARLOTTE NC,CHARLOTTE,SINGLE FAMILY RESIDENTIAL - ACREAGE,Single-family homes,6.888,112600,13,10,https://polaris3g.mecklenburgcountync.gov/?pid=05531106
03522109,MECKLENBURG COUNTY,County government,6716 OLD PLANK RD CHARLOTTE NC,CHARLOTTE,SINGLE FAMILY RESIDENTIAL - ACREAGE,Single-family homes,7.809,194600,13,10,https://polaris3g.mecklenburgcountync.gov/?pid=03522109
08009203,MECKLENBURG COUNTY,County government,213 N LONG ST CHARLOTTE NC,CHARLOTTE,OFFICE,Commercial & office,0.829,4394300,13,11,https://polaris3g.mecklenburgcountync.gov/?pid=08009203
05121799,MECKLENBURG COUNTY,County government,CALDWELL FOREST DR CHARLOTTE NC,CHARLOTTE,SINGLE FAMILY RESIDENTIAL - ACREAGE,Single-family homes,2.793,41500,13,11,https://polaris3g.mecklenburgcountync.gov/?pid=05121799
21124155,MECKLENBURG COUNTY,County government,FAIRWAY VISTA DR CHARLOTTE NC,CHARLOTTE,OTHER COUNTY PROPERTY,"Public land, ROW & utility",3.763,95900,13,13,https://polaris3g.mecklenburgcountync.gov/?pid=21124155
05707115,MECKLENBURG COUNTY,County government,BROOKTREE DR CHARLOTTE NC,CHARLOTTE,MULTI FAMILY,Multi-family,13.247,1914700,13,9,https://polaris3g.mecklenburgcountync.gov/?pid=05707115
21101114,MECKLENBURG COUNTY,County government,PROVIDENCE RD CHARLOTTE NC,CHARLOTTE,OTHER COUNTY PROPERTY,"Public land, ROW & utility",4.219,203900,13,12,https://polaris3g.mecklenburgcountync.gov/?pid=21101114
13312465,MECKLENBURG COUNTY,County government,SUNSET CHASE LN CHARLOTTE NC,CHARLOTTE,100 YEAR FLOOD PLAIN - AC,"Vacant, floodplain & farm",2.045,71700,13,11,https://polaris3g.mecklenburgcountync.gov/?pid=13312465
00304103,MECKLENBURG COUNTY,County government,GREY RD UNINC NC,MECKLENBURG COUNTY-UNINCORPORATED,OTHER COUNTY PROPERTY,"Public land, ROW & utility",236.545,11240900,13,11,https://polaris3g.mecklenburgcountync.gov/?pid=00304103
14505112,MECKLENBURG COUNTY,County government,3114 BANK ST CHARLOTTE NC,CHARLOTTE,SCHOOL - PUBLIC,Institutional,27.167,22172600,13,6,https://polaris3g.mecklenburgcountync.gov/?pid=14505112
15716612,CHARLOTTE MECKLENBURG BOARD OF EDUCATION,CMS (Board of Education),3901 CRAIG AV CHARLOTTE NC,CHARLOTTE,OTHER COUNTY PROPERTY,"Public land, ROW & utility",25.761,11804600,13,13,https://polaris3g.mecklenburgcountync.gov/?pid=15716612
12521342,MECKLENBURG COUNTY,County government,GREENWOOD CLIFF CHARLOTTE NC,CHARLOTTE,OTHER COUNTY PROPERTY,"Public land, ROW & utility",0.267,255800,13,9,https://polaris3g.mecklenburgcountync.gov/?pid=12521342
22348105,CHARLOTTE MECKLENBURG BOARD OF EDUCATION,CMS (Board of Education),4004 TORINGDON WY CHARLOTTE NC,CHARLOTTE,SCHOOL - PUBLIC,Institutional,53.655,103146200,13,10,https://polaris3g.mecklenburgcountync.gov/?pid=22348105
22332442,MECKLENBURG COUNTY,County government,6735 BEVINGTON PL CHARLOTTE NC,CHARLOTTE,OTHER COUNTY PROPERTY,"Public land, ROW & utility",2.102,72600,13,11,https://polaris3g.mecklenburgcountync.gov/?pid=22332442
09707538,MECKLENBURG COUNTY,County government,6401 KELSEY DR CHARLOTTE NC,CHARLOTTE,REC AREA,"Public land, ROW & utility",5.330,1006000,13,13,https://polaris3g.mecklenburgcountync.gov/?pid=09707538
20949176,MECKLENBURG COUNTY,County government,10127 STANDING STONE CT CHARLOTTE NC,CHARLOTTE,100 YEAR FLOOD PLAIN - AC,"Vacant, floodplain & farm",3.921,35100,13,12,https://polaris3g.mecklenburgcountync.gov/?pid=20949176
00918456,MECKLENBURG COUNTY,County government,OXFORD HOLLOW HUNTERSVILLE NC,HUNTERSVILLE,OTHER COUNTY PROPERTY,"Public land, ROW & utility",4.570,20600,13,11,https://polaris3g.mecklenburgcountync.gov/?pid=00918456
21140102,MECKLENBURG COUNTY,County government,HAYLING RD CHARLOTTE NC,CHARLOTTE,OTHER COUNTY PROPERTY,"Public land, ROW & utility",2.873,87700,13,13,https://polaris3g.mecklenburgcountync.gov/?pid=21140102
22730217,MECKLENBURG COUNTY,County government,KEEGAN WY CHARLOTTE NC,CHARLOTTE,GREENWAY TRAIL,"Public land, ROW & utility",1.629,16100,13,13,https://polaris3g.mecklenburgcountync.gov/?pid=22730217
02760399,MECKLENBURG COUNTY,County government,BROWNE RD CHARLOTTE NC,CHARLOTTE,OTHER COUNTY PROPERTY,"Public land, ROW & utility",3.547,11900,13,10,https://polaris3g.mecklenburgcountync.gov/?pid=02760399
08009217,MECKLENBURG COUNTY,County government,120 N MCDOWELL ST CHARLOTTE NC,CHARLOTTE,OFFICE,Commercial & office,0.332,1697900,13,11,https://polaris3g.mecklenburgcountync.gov/?pid=08009217
17121305,CHARLOTTE-MECKLENBURG BOARD OF EDUCATION,CMS (Board of Education),5801 FARMBROOK DR CHARLOTTE NC,CHARLOTTE,SCHOOL - PUBLIC,Institutional,13.682,23885600,13,13,https://polaris3g.mecklenburgcountync.gov/?pid=17121305
05121499,MECKLENBURG COUNTY,County government,O CASEY LN CHARLOTTE NC,CHARLOTTE,OTHER COUNTY PROPERTY,"Public land, ROW & utility",2.529,21400,13,11,https://polaris3g.mecklenburgcountync.gov/?pid=05121499
11318303,MECKLENBURG COUNTY,County government,WALKERS FERRY RD UNINC NC,MECKLENBURG COUNTY-UNINCORPORATED,SINGLE FAMILY RESIDENTIAL - ACREAGE,Single-family homes,44.917,1987300,12,10,https://polaris3g.mecklenburgcountync.gov/?pid=11318303
14517210,MECKLENBURG COUNTY,County government,AMAY JAMES AV CHARLOTTE NC,CHARLOTTE,REC AREA,"Public land, ROW & utility",7.969,315300,12,0,https://polaris3g.mecklenburgcountync.gov/?pid=14517210
12904106,MECKLENBURG COUNTY,County government,MORNINGSIDE DR CHARLOTTE NC,CHARLOTTE,FLUM/SWIM FLOODWAY (NO BUILD ZONE),"Vacant, floodplain & farm",4.420,176900,12,10,https://polaris3g.mecklenburgcountync.gov/?pid=12904106
16721420,MECKLENBURG COUNTY,County government,7300 BADEN PL CHARLOTTE NC,CHARLOTTE,INDUSTRIAL,Industrial & warehouse,7.677,179400,12,10,https://polaris3g.mecklenburgcountync.gov/?pid=16721420
21313588,MECKLENBURG COUNTY,County government,536 SUNNYWOOD LN CHARLOTTE NC,CHARLOTTE,GREENWAY TRAIL,"Public land, ROW & utility",8.447,310800,12,6,https://polaris3g.mecklenburgcountync.gov/?pid=21313588
05142296,MECKLENBURG COUNTY,County government,ABERCROMBY ST UNINC NC,MECKLENBURG COUNTY-UNINCORPORATED,OTHER COUNTY PROPERTY,"Public land, ROW & utility",1.759,5900,12,10,https://polaris3g.mecklenburgcountync.gov/?pid=05142296
16512301,MECKLENBURG COUNTY,County government,10901 E W T HARRIS BV CHARLOTTE NC,CHARLOTTE,OTHER COUNTY PROPERTY,"Public land, ROW & utility",5.135,254900,12,8,https://polaris3g.mecklenburgcountync.gov/?pid=16512301
08910304,MECKLENBURG COUNTY,County government,726 BILMARK AV CHARLOTTE NC,CHARLOTTE,SINGLE FAMILY RESIDENTIAL,Single-family homes,1.517,135500,12,11,https://polaris3g.mecklenburgcountync.gov/?pid=08910304
08901449,MECKLENBURG COUNTY,County government,N TRYON ST CHARLOTTE NC,CHARLOTTE,COMMERCIAL,Commercial & office,6.176,1188000,12,4,https://polaris3g.mecklenburgcountync.gov/?pid=08901449
02531270,MECKLENBURG COUNTY,County government,KIMMEL LN CHARLOTTE NC,CHARLOTTE,100 YEAR FLOOD PLAIN - AC,"Vacant, floodplain & farm",1.574,11100,12,8,https://polaris3g.mecklenburgcountync.gov/?pid=02531270
06908416,MECKLENBURG COUNTY,County government,DAWSON AV CHARLOTTE NC,CHARLOTTE,MULTI FAMILY,Multi-family,7.599,91800,12,10,https://polaris3g.mecklenburgcountync.gov/?pid=06908416
06909601,MECKLENBURG COUNTY,County government,BEATTIES FORD RD CHARLOTTE NC,CHARLOTTE,"UTILITY (GAS, ELECTRIC, TELEPHONE, TELEGRAPH, RAIL","Public land, ROW & utility",1.508,582600,12,9,https://polaris3g.mecklenburgcountync.gov/?pid=06909601
22940201,MECKLENBURG COUNTY,County government,13249 WHISPER CREEK DR CHARLOTTE NC,CHARLOTTE,OTHER COUNTY PROPERTY,"Public land, ROW & utility",8.758,151100,12,11,https://polaris3g.mecklenburgcountync.gov/?pid=22940201
04301153,MECKLENBURG COUNTY,County government,6421 ROCKWELL CHURCH RD CHARLOTTE NC,CHARLOTTE,REC AREA,"Public land, ROW & utility",5.910,1067000,12,10,https://polaris3g.mecklenburgcountync.gov/?pid=04301153
01304101,MECKLENBURG COUNTY,County government,3701 NECK RD UNINC NC,MECKLENBURG COUNTY-UNINCORPORATED,SINGLE FAMILY RESIDENTIAL - ACREAGE,Single-family homes,184.399,7124600,12,10,https://polaris3g.mecklenburgcountync.gov/?pid=01304101
10509124,MECKLENBURG COUNTY,County government,7735 THE PLAZA CHARLOTTE NC,CHARLOTTE,REC AREA,"Public land, ROW & utility",100.471,2321900,12,7,https://polaris3g.mecklenburgcountync.gov/?pid=10509124
19931101,MECKLENBURG COUNTY,County government,15222 YORK RD UNINC NC,MECKLENBURG COUNTY-UNINCORPORATED,REC AREA,"Public land, ROW & utility",166.895,9649200,12,7,https://polaris3g.mecklenburgcountync.gov/?pid=19931101
16722165,MECKLENBURG COUNTY,County government,2632 S TRYON ST CHARLOTTE NC,CHARLOTTE,INDUSTRIAL,Industrial & warehouse,1.120,57800,12,5,https://polaris3g.mecklenburgcountync.gov/?pid=16722165
05524108,MECKLENBURG COUNTY,County government,2820 KENDRICK DR CHARLOTTE NC,CHARLOTTE,SINGLE FAMILY RESIDENTIAL,Single-family homes,35.187,1412400,12,9,https://polaris3g.mecklenburgcountync.gov/?pid=05524108
13901211,MECKLENBURG COUNTY,County government,7912 LARGE OAK LN MINT HILL NC,MINT HILL,SINGLE FAMILY RESIDENTIAL - ACREAGE,Single-family homes,11.351,431800,12,10,https://polaris3g.mecklenburgcountync.gov/?pid=13901211
22729263,MECKLENBURG COUNTY,County government,KIPPERLY CT MATTHEWS NC,MATTHEWS,GREENWAY TRAIL,"Public land, ROW & utility",1.680,11700,12,12,https://polaris3g.mecklenburgcountync.gov/?pid=22729263
13941104,MECKLENBURG COUNTY,County government,10500 COBLE RD UNINC NC,MECKLENBURG COUNTY-UNINCORPORATED,SINGLE FAMILY RESIDENTIAL - ACREAGE,Single-family homes,69.563,1549000,12,12,https://polaris3g.mecklenburgcountync.gov/?pid=13941104
19308115,MECKLENBURG COUNTY,County government,7640 E INDEPENDENCE BV CHARLOTTE NC,CHARLOTTE,GREENWAY TRAIL,"Public land, ROW & utility",21.674,698200,12,7,https://polaris3g.mecklenburgcountync.gov/?pid=19308115
05106197,MECKLENBURG COUNTY,County government,HARRIS HOUSTON RD CHARLOTTE NC,CHARLOTTE,COMMERCIAL,Commercial & office,27.272,1132900,12,10,https://polaris3g.mecklenburgcountync.gov/?pid=05106197
09104126,MECKLENBURG COUNTY,County government,4201 BEARWOOD AV CHARLOTTE NC,CHARLOTTE,REC AREA,"Public land, ROW & utility",3.066,546800,12,7,https://polaris3g.mecklenburgcountync.gov/?pid=09104126
11904312,MECKLENBURG COUNTY,County government,2425 REVOLUTION PARK DR CHARLOTTE NC,CHARLOTTE,REC AREA,"Public land, ROW & utility",21.585,3490900,12,10,https://polaris3g.mecklenburgcountync.gov/?pid=11904312
21160399,MECKLENBURG COUNTY,County government,COLONY RD CHARLOTTE NC,CHARLOTTE,OTHER COUNTY PROPERTY,"Public land, ROW & utility",4.172,210700,12,10,https://polaris3g.mecklenburgcountync.gov/?pid=21160399
19351101,MECKLENBURG COUNTY,County government,4404 MARGARET WALLACE RD MATTHEWS NC,MATTHEWS,OTHER COUNTY PROPERTY,"Public land, ROW & utility",75.028,6566900,12,9,https://polaris3g.mecklenburgcountync.gov/?pid=19351101
02710388,MECKLENBURG COUNTY,County government,SUTTONVIEW DR CHARLOTTE NC,CHARLOTTE,OTHER COUNTY PROPERTY,"Public land, ROW & utility",2.504,170500,12,11,https://polaris3g.mecklenburgcountync.gov/?pid=02710388
00727111,MECKLENBURG COUNTY,County government,E ROCKY RIVER RD UNINC NC,MECKLENBURG COUNTY-UNINCORPORATED,OTHER MUNICIPAL,"Public land, ROW & utility",39.920,3273700,12,11,https://polaris3g.mecklenburgcountync.gov/?pid=00727111
20712163,MECKLENBURG COUNTY,County government,2107 LONGLEAF DR CHARLOTTE NC,CHARLOTTE,GREENWAY TRAIL,"Public land, ROW & utility",0.943,57000,12,9,https://polaris3g.mecklenburgcountync.gov/?pid=20712163
02516299,MECKLENBURG COUNTY,County government,BEATTIES FORD RD CHARLOTTE NC,CHARLOTTE,100 YEAR FLOOD PLAIN - AC,"Vacant, floodplain & farm",11.327,276900,12,11,https://polaris3g.mecklenburgcountync.gov/?pid=02516299
00307115,MECKLENBURG COUNTY,County government,20532 SHEARER RD UNINC NC,MECKLENBURG COUNTY-UNINCORPORATED,OTHER COUNTY PROPERTY,"Public land, ROW & utility",56.553,1955900,12,10,https://polaris3g.mecklenburgcountync.gov/?pid=00307115
15303617,CHARLOTTE MECKLENBURG HOSPITAL AUTHORITY,Hospital Authority (Atrium),1822 BRUNSWICK AV CHARLOTTE NC,CHARLOTTE,OFFICE,Commercial & office,1.276,7487300,12,11,https://polaris3g.mecklenburgcountync.gov/?pid=15303617
23104213,MECKLENBURG COUNTY,County government,MCKEE RD CHARLOTTE NC,CHARLOTTE,OTHER COUNTY PROPERTY,"Public land, ROW & utility",19.631,3431800,12,11,https://polaris3g.mecklenburgcountync.gov/?pid=23104213
13324136,MECKLENBURG COUNTY,County government,E W T HARRIS BV CHARLOTTE NC,CHARLOTTE,SINGLE FAMILY RESIDENTIAL,Single-family homes,2.540,131900,12,9,https://polaris3g.mecklenburgcountync.gov/?pid=13324136
20110799,MECKLENBURG COUNTY,County government,11640 LARIX DR CHARLOTTE NC,CHARLOTTE,100 YEAR FLOOD PLAIN - AC,"Vacant, floodplain & farm",4.420,0,12,9,https://polaris3g.mecklenburgcountync.gov/?pid=20110799
03115225,MECKLENBURG COUNTY,County government,10555 BEAGLE CLUB RD UNINC NC,MECKLENBURG COUNTY-UNINCORPORATED,SINGLE FAMILY RESIDENTIAL - RIVER,Single-family homes,10.079,398000,12,4,https://polaris3g.mecklenburgcountync.gov/?pid=03115225
00727110,MECKLENBURG COUNTY,County government,13626 E ROCKY RIVER RD UNINC NC,MECKLENBURG COUNTY-UNINCORPORATED,USE VALUE HOMESITE,Single-family homes,26.185,2071700,12,11,https://polaris3g.mecklenburgcountync.gov/?pid=00727110
15108113,CHARLOTTE MECKLENBURG BOARD OF EDUCATION,CMS (Board of Education),2132 RADCLIFFE AV CHARLOTTE NC,CHARLOTTE,SCHOOL - PUBLIC,Institutional,10.147,21961700,12,12,https://polaris3g.mecklenburgcountync.gov/?pid=15108113
05146246,MECKLENBURG COUNTY,County government,AUSTIN ESTATES DR CHARLOTTE NC,CHARLOTTE,SINGLE FAMILY RESIDENTIAL,Single-family homes,6.397,28500,12,11,https://polaris3g.mecklenburgcountync.gov/?pid=05146246
05113422,MECKLENBURG COUNTY,County government,PICKEREL LN CHARLOTTE NC,CHARLOTTE,OTHER COUNTY PROPERTY,"Public land, ROW & utility",3.123,45200,12,10,https://polaris3g.mecklenburgcountync.gov/?pid=05113422
05311101,MECKLENBURG COUNTY,County government,CATAWBA RIVER UNINC NC,MECKLENBURG COUNTY-UNINCORPORATED,SINGLE FAMILY RESIDENTIAL,Single-family homes,155.664,10098100,11,10,https://polaris3g.mecklenburgcountync.gov/?pid=05311101
14117101,MECKLENBURG COUNTY,County government,6332 DIXIE RIVER RD UNINC NC,MECKLENBURG COUNTY-UNINCORPORATED,INDUSTRIAL,Industrial & warehouse,27.384,427400,11,10,https://polaris3g.mecklenburgcountync.gov/?pid=14117101
20922375,MECKLENBURG COUNTY,County government,HEYDON HALL CR CHARLOTTE NC,CHARLOTTE,100 YEAR FLOOD PLAIN - AC,"Vacant, floodplain & farm",4.968,236100,11,10,https://polaris3g.mecklenburgcountync.gov/?pid=20922375
05121188,MECKLENBURG COUNTY,County government,CALDWELL RD CHARLOTTE NC,CHARLOTTE,SINGLE FAMILY RESIDENTIAL - ACREAGE,Single-family homes,7.448,280400,11,10,https://polaris3g.mecklenburgcountync.gov/?pid=05121188
03145114,CHARLOTTE MECKLENBURG BOARD OF EDUCATION,CMS (Board of Education),1125 MT HOLLY-HUNTERSVILLE RD CHARLOTTE NC,CHARLOTTE,SINGLE FAMILY RESIDENTIAL - ACREAGE,Single-family homes,2.442,178100,11,9,https://polaris3g.mecklenburgcountync.gov/?pid=03145114
06714202,CHARLOTTE MECKLENBURG BOARD OF EDUCATION,CMS (Board of Education),1430 ALLEGHANY ST CHARLOTTE NC,CHARLOTTE,SCHOOL - PUBLIC,Institutional,40.387,57154800,11,10,https://polaris3g.mecklenburgcountync.gov/?pid=06714202
05130398,MECKLENBURG COUNTY,County government,ALVANLEY HILLS CT CHARLOTTE NC,CHARLOTTE,SINGLE FAMILY RESIDENTIAL - COMMON,HOA common area,1.338,0,11,9,https://polaris3g.mecklenburgcountync.gov/?pid=05130398
01547105,MECKLENBURG COUNTY,County government,MCCOY RD HUNTERSVILLE NC,HUNTERSVILLE,SINGLE FAMILY RESIDENTIAL - ACREAGE,Single-family homes,38.802,1792100,11,8,https://polaris3g.mecklenburgcountync.gov/?pid=01547105
03318299,MECKLENBURG COUNTY,County government,TROTTER RD CHARLOTTE NC,CHARLOTTE,SINGLE FAMILY RESIDENTIAL - ACREAGE,Single-family homes,2.274,37000,11,9,https://polaris3g.mecklenburgcountync.gov/?pid=03318299
06509119,CHARLOTTE MECKLENBURG BOARD OF EDUCATION,CMS (Board of Education),3127 KALYNNE ST CHARLOTTE NC,CHARLOTTE,SCHOOL - PUBLIC,Institutional,10.946,5245300,11,11,https://polaris3g.mecklenburgcountync.gov/?pid=06509119
05528310,MECKLENBURG COUNTY,County government,WESTERWOOD DR CHARLOTTE NC,CHARLOTTE,SINGLE FAMILY RESIDENTIAL - ACREAGE,Single-family homes,4.072,179700,11,10,https://polaris3g.mecklenburgcountync.gov/?pid=05528310
05531101,MECKLENBURG COUNTY,County government,1604 LITTLE ROCK RD CHARLOTTE NC,CHARLOTTE,REC AREA,"Public land, ROW & utility",34.177,1841700,11,8,https://polaris3g.mecklenburgcountync.gov/?pid=05531101
09513143,MECKLENBURG COUNTY,County government,DRAPER AV CHARLOTTE NC,CHARLOTTE,SINGLE FAMILY RESIDENTIAL,Single-family homes,0.889,230000,11,9,https://polaris3g.mecklenburgcountync.gov/?pid=09513143
19701146,CHARLOTTE MECKLENBURG BOARD OF EDUCATION,CMS (Board of Education),11540 BAIN SCHOOL RD MINT HILL NC,MINT HILL,SCHOOL - PUBLIC,Institutional,19.821,15112000,11,11,https://polaris3g.mecklenburgcountync.gov/?pid=19701146
08912109,MECKLENBURG COUNTY,County government,NORTHCHASE DR CHARLOTTE NC,CHARLOTTE,OFFICE,Commercial & office,6.278,1409300,11,7,https://polaris3g.mecklenburgcountync.gov/?pid=08912109
21161299,MECKLENBURG COUNTY,County government,CAMILLA DR CHARLOTTE NC,CHARLOTTE,GREENWAY TRAIL,"Public land, ROW & utility",2.956,216100,11,8,https://polaris3g.mecklenburgcountync.gov/?pid=21161299
15704152,MECKLENBURG COUNTY,County government,445 BILLINGSLEY RD CHARLOTTE NC,CHARLOTTE,OTHER COUNTY PROPERTY,"Public land, ROW & utility",5.190,5987500,11,7,https://polaris3g.mecklenburgcountync.gov/?pid=15704152
09111251,MECKLENBURG COUNTY,County government,BENARD AV CHARLOTTE NC,CHARLOTTE,OTHER COUNTY PROPERTY,"Public land, ROW & utility",0.737,218500,11,11,https://polaris3g.mecklenburgcountync.gov/?pid=09111251
17306102,MECKLENBURG COUNTY,County government,2501 ARCHDALE DR CHARLOTTE NC,CHARLOTTE,GREENWAY TRAIL,"Public land, ROW & utility",9.911,885400,11,8,https://polaris3g.mecklenburgcountync.gov/?pid=17306102
01919101,MECKLENBURG COUNTY,County government,HOLBROOKS RD UNINC NC,MECKLENBURG COUNTY-UNINCORPORATED,SINGLE FAMILY RESIDENTIAL - ACREAGE,Single-family homes,28.705,346500,11,8,https://polaris3g.mecklenburgcountync.gov/?pid=01919101
02722299,MECKLENBURG COUNTY,County government,2798 W W T HARRIS BV CHARLOTTE NC,CHARLOTTE,100 YEAR FLOOD PLAIN - AC,"Vacant, floodplain & farm",1.434,9300,11,7,https://polaris3g.mecklenburgcountync.gov/?pid=02722299
01316386,MECKLENBURG COUNTY,County government,MACLAUREN LN HUNTERSVILLE NC,HUNTERSVILLE,SINGLE FAMILY RESIDENTIAL - ACREAGE,Single-family homes,1.554,72300,11,8,https://polaris3g.mecklenburgcountync.gov/?pid=01316386
04927117,CHARLOTTE MECKLENBURG BOARD OF EDUCATION,CMS (Board of Education),8601 OLD CONCORD RD CHARLOTTE NC,CHARLOTTE,SCHOOL - PUBLIC,Institutional,19.282,5052900,11,9,https://polaris3g.mecklenburgcountync.gov/?pid=04927117
08108401,MECKLENBURG COUNTY,County government,820 BELMONT AV CHARLOTTE NC,CHARLOTTE,GREENWAY TRAIL,"Public land, ROW & utility",2.123,322400,11,9,https://polaris3g.mecklenburgcountync.gov/?pid=08108401
22109655,MECKLENBURG COUNTY,County government,OVERLOOK RIDGE ST PINEVILLE NC,PINEVILLE,GREENWAY TRAIL,"Public land, ROW & utility",4.882,90000,11,10,https://polaris3g.mecklenburgcountync.gov/?pid=22109655
01909305,MECKLENBURG COUNTY,County government,14200 HOLBROOKS RD HUNTERSVILLE NC,HUNTERSVILLE,OTHER COUNTY PROPERTY,"Public land, ROW & utility",12.371,948400,11,9,https://polaris3g.mecklenburgcountync.gov/?pid=01909305
01720403,MECKLENBURG COUNTY,County government,12100 STATESVILLE RD HUNTERSVILLE NC,HUNTERSVILLE,INDUSTRIAL,Industrial & warehouse,23.789,3382100,11,9,https://polaris3g.mecklenburgcountync.gov/?pid=01720403
10949301,MECKLENBURG COUNTY,County government,6216 HARRISBURG RD CHARLOTTE NC,CHARLOTTE,OTHER COUNTY PROPERTY,"Public land, ROW & utility",1.034,57300,11,11,https://polaris3g.mecklenburgcountync.gov/?pid=10949301
03305463,MECKLENBURG COUNTY,County government,ROARING WATER LN CHARLOTTE NC,CHARLOTTE,TOWN HOUSE SFR,Condo & townhouse,10.367,155200,11,10,https://polaris3g.mecklenburgcountync.gov/?pid=03305463
11101299,MECKLENBURG COUNTY,County government,GOLD PAN RD CHARLOTTE NC,CHARLOTTE,100 YEAR FLOOD PLAIN - LT,"Vacant, floodplain & farm",5.247,0,11,9,https://polaris3g.mecklenburgcountync.gov/?pid=11101299
21905105,MECKLENBURG COUNTY,County government,SMITH DR CHARLOTTE NC,CHARLOTTE,GREENWAY TRAIL,"Public land, ROW & utility",1.259,80000,11,11,https://polaris3g.mecklenburgcountync.gov/?pid=21905105
01538197,MECKLENBURG COUNTY,County government,NEW OAK LN HUNTERSVILLE NC,HUNTERSVILLE,OTHER COUNTY PROPERTY,"Public land, ROW & utility",14.584,47400,11,7,https://polaris3g.mecklenburgcountync.gov/?pid=01538197
05142299,MECKLENBURG COUNTY,County government,ABERCROMBY ST UNINC NC,MECKLENBURG COUNTY-UNINCORPORATED,OTHER COUNTY PROPERTY,"Public land, ROW & utility",1.267,100200,11,9,https://polaris3g.mecklenburgcountync.gov/?pid=05142299
00918399,MECKLENBURG COUNTY,County government,TAYBROOK DR HUNTERSVILLE NC,HUNTERSVILLE,OTHER COUNTY PROPERTY,"Public land, ROW & utility",6.040,97600,11,7,https://polaris3g.mecklenburgcountync.gov/?pid=00918399
01325548,MECKLENBURG COUNTY,County government,BEATTIES FORD RD HUNTERSVILLE NC,HUNTERSVILLE,OTHER MUNICIPAL,"Public land, ROW & utility",7.495,36700,11,10,https://polaris3g.mecklenburgcountync.gov/?pid=01325548
19108106,MECKLENBURG COUNTY,County government,8711 MONROE RD CHARLOTTE NC,CHARLOTTE,REC AREA,"Public land, ROW & utility",31.968,5505600,11,7,https://polaris3g.mecklenburgcountync.gov/?pid=19108106
00106155,MECKLENBURG COUNTY,County government,18441 NANTZ RD CORNELIUS NC,CORNELIUS,NO LAND INTEREST,"Vacant, floodplain & farm",42.995,532800,11,10,https://polaris3g.mecklenburgcountync.gov/?pid=00106155
16915131,MECKLENBURG COUNTY,County government,6713 NATIONS FORD RD CHARLOTTE NC,CHARLOTTE,OTHER COUNTY PROPERTY,"Public land, ROW & utility",2.399,122600,11,1,https://polaris3g.mecklenburgcountync.gov/?pid=16915131
04317110,MECKLENBURG COUNTY,County government,4961 W SUGAR CREEK RD CHARLOTTE NC,CHARLOTTE,RURAL HOMESITE,Single-family homes,6.543,563300,11,10,https://polaris3g.mecklenburgcountync.gov/?pid=04317110
05522338,MECKLENBURG COUNTY,County government,PAW VILLAGE RD CHARLOTTE NC,CHARLOTTE,SINGLE FAMILY RESIDENTIAL - COMMON,HOA common area,6.948,0,11,8,https://polaris3g.mecklenburgcountync.gov/?pid=05522338
01937103,MECKLENBURG COUNTY,County government,15401 HOLBROOKS RD UNINC NC,MECKLENBURG COUNTY-UNINCORPORATED,SINGLE FAMILY RESIDENTIAL - ACREAGE,Single-family homes,65.117,3393700,11,2,https://polaris3g.mecklenburgcountync.gov/?pid=01937103
12904152,MECKLENBURG COUNTY,County government,IVEY DR CHARLOTTE NC,CHARLOTTE,FLUM/SWIM FLOODWAY (NO BUILD ZONE),"Vacant, floodplain & farm",1.118,99100,11,8,https://polaris3g.mecklenburgcountync.gov/?pid=12904152
22124101,MECKLENBURG COUNTY,County government,11707 MIRROR LAKE DR CHARLOTTE NC,CHARLOTTE,GREENWAY TRAIL,"Public land, ROW & utility",2.083,142500,11,10,https://polaris3g.mecklenburgcountync.gov/?pid=22124101
16521401,MECKLENBURG COUNTY,County government,WINCHELSEA DR CHARLOTTE NC,CHARLOTTE,OTHER COUNTY PROPERTY,"Public land, ROW & utility",1.401,62600,11,8,https://polaris3g.mecklenburgcountync.gov/?pid=16521401
08110308,MECKLENBURG COUNTY,County government,616 E 18TH ST CHARLOTTE NC,CHARLOTTE,GREENWAY TRAIL,"Public land, ROW & utility",0.789,139800,11,10,https://polaris3g.mecklenburgcountync.gov/?pid=08110308
01510484,MECKLENBURG COUNTY,County government,HILLSTON RIDGE RD HUNTERSVILLE NC,HUNTERSVILLE,OTHER COUNTY PROPERTY,"Public land, ROW & utility",4.255,63900,11,7,https://polaris3g.mecklenburgcountync.gov/?pid=01510484
06907124,MECKLENBURG COUNTY,County government,538 PENNSYLVANIA AV CHARLOTTE NC,CHARLOTTE,OTHER COUNTY PROPERTY,"Public land, ROW & utility",4.070,271400,11,6,https://polaris3g.mecklenburgcountync.gov/?pid=06907124
03708102,MECKLENBURG COUNTY,County government,3540 MIRANDA RD UNINC NC,MECKLENBURG COUNTY-UNINCORPORATED,SINGLE FAMILY RESIDENTIAL - ACREAGE,Single-family homes,62.597,2663700,11,10,https://polaris3g.mecklenburgcountync.gov/?pid=03708102
22106440,CHARLOTTE MECKLENBURG BOARD OF EDUCATION,CMS (Board of Education),204 LOWRY ST PINEVILLE NC,PINEVILLE,SCHOOL - PUBLIC,Institutional,17.872,21270500,11,11,https://polaris3g.mecklenburgcountync.gov/?pid=22106440
13509397,MECKLENBURG COUNTY,County government,IDLEWILD RD CHARLOTTE NC,CHARLOTTE,100 YEAR FLOOD PLAIN - AC,"Vacant, floodplain & farm",1.882,70500,11,9,https://polaris3g.mecklenburgcountync.gov/?pid=13509397
22136201,MECKLENBURG COUNTY,County government,11901 JOHNSTON RD CHARLOTTE NC,CHARLOTTE,OTHER COUNTY PROPERTY,"Public land, ROW & utility",8.728,162300,11,7,https://polaris3g.mecklenburgcountync.gov/?pid=22136201
00514226,CHARLOTTE MECKLENBURG BOARD OF EDUCATION,CMS (Board of Education),WESTMORELAND RD CORNELIUS NC,CORNELIUS,SCHOOL - PUBLIC,Institutional,3.888,1429700,11,7,https://polaris3g.mecklenburgcountync.gov/?pid=00514226
06305351,CHARLOTTE MECKLENBURG BOARD OF EDUCATION,CMS (Board of Education),538 BRADFORD DR CHARLOTTE NC,CHARLOTTE,SCHOOL - PUBLIC,Institutional,15.488,8101900,11,9,https://polaris3g.mecklenburgcountync.gov/?pid=06305351
22508201,CHARLOTTE MECKLENBURG BOARD OF EDUCATION,CMS (Board of Education),8040 STRAWBERRY LN CHARLOTTE NC,CHARLOTTE,SCHOOL - PUBLIC,Institutional,31.735,25362000,11,10,https://polaris3g.mecklenburgcountync.gov/?pid=22508201
14520113,MECKLENBURG COUNTY,County government,PRESSLEY RD CHARLOTTE NC,CHARLOTTE,REC AREA,"Public land, ROW & utility",5.955,1018300,11,11,https://polaris3g.mecklenburgcountync.gov/?pid=14520113
20902101,MECKLENBURG COUNTY,County government,2350 CARMEL RD CHARLOTTE NC,CHARLOTTE,OTHER COUNTY PROPERTY,"Public land, ROW & utility",9.700,2923700,11,11,https://polaris3g.mecklenburgcountync.gov/?pid=20902101
01546113,MECKLENBURG COUNTY,County government,SAO PAULA DR HUNTERSVILLE NC,HUNTERSVILLE,SINGLE FAMILY RESIDENTIAL - ACREAGE,Single-family homes,37.323,2244300,10,7,https://polaris3g.mecklenburgcountync.gov/?pid=01546113
02303115,MECKLENBURG COUNTY,County government,SAMPLE RD UNINC NC,MECKLENBURG COUNTY-UNINCORPORATED,SINGLE FAMILY RESIDENTIAL - WATERFRONT,Single-family homes,322.465,28291800,10,2,https://polaris3g.mecklenburgcountync.gov/?pid=02303115
20123298,MECKLENBURG COUNTY,County government,13212 FERGUSON FOREST DR CHARLOTTE NC,CHARLOTTE,GREENWAY TRAIL,"Public land, ROW & utility",0.945,150800,10,8,https://polaris3g.mecklenburgcountync.gov/?pid=20123298
19308117,MECKLENBURG COUNTY,County government,2636 E INDEPENDENCE BV CHARLOTTE NC,CHARLOTTE,REC AREA,"Public land, ROW & utility",47.935,1429800,10,4,https://polaris3g.mecklenburgcountync.gov/?pid=19308117
10722225,MECKLENBURG COUNTY,County government,7103 FRANCES IRENE DR CHARLOTTE NC,CHARLOTTE,SINGLE FAMILY RESIDENTIAL,Single-family homes,1.529,84000,10,9,https://polaris3g.mecklenburgcountync.gov/?pid=10722225
07103691,MECKLENBURG COUNTY,County government,LELA AV CHARLOTTE NC,CHARLOTTE,GREENWAY TRAIL,"Public land, ROW & utility",10.965,245700,10,7,https://polaris3g.mecklenburgcountync.gov/?pid=07103691
02306311,CHARLOTTE MECKLENBURG BOARD OF EDUCATION,CMS (Board of Education),9213 BEATTIES FORD RD HUNTERSVILLE NC,HUNTERSVILLE,SCHOOL - PUBLIC,Institutional,22.318,14491800,10,10,https://polaris3g.mecklenburgcountync.gov/?pid=02306311
09109501,MECKLENBURG COUNTY,County government,3400 SPENCER ST CHARLOTTE NC,CHARLOTTE,OTHER COUNTY PROPERTY,"Public land, ROW & utility",3.048,4549500,10,10,https://polaris3g.mecklenburgcountync.gov/?pid=09109501
19517148,MECKLENBURG COUNTY,County government,THOMPSON RD MINT HILL NC,MINT HILL,100 YEAR FLOOD PLAIN - AC,"Vacant, floodplain & farm",2.755,4900,10,8,https://polaris3g.mecklenburgcountync.gov/?pid=19517148
01506292,MECKLENBURG COUNTY,County government,ROLLING MEADOWS LN HUNTERSVILLE NC,HUNTERSVILLE,SINGLE FAMILY RESIDENTIAL - COMMON,HOA common area,3.494,0,10,7,https://polaris3g.mecklenburgcountync.gov/?pid=01506292
22103233,MECKLENBURG COUNTY,County government,1600 LAKEVIEW DR PINEVILLE NC,PINEVILLE,MULTI FAMILY,Multi-family,50.321,2000500,10,8,https://polaris3g.mecklenburgcountync.gov/?pid=22103233
21510204,CHARLOTTE MECKLENBURG BOARD OF EDUCATION,CMS (Board of Education),MATTHEWS-MINT HILL RD MATTHEWS NC,MATTHEWS,SCHOOL - PUBLIC,Institutional,38.227,59985200,10,8,https://polaris3g.mecklenburgcountync.gov/?pid=21510204
12521321,MECKLENBURG COUNTY,County government,600 S KINGS DR CHARLOTTE NC,CHARLOTTE,OTHER COUNTY PROPERTY,"Public land, ROW & utility",2.361,1899400,10,1,https://polaris3g.mecklenburgcountync.gov/?pid=12521321
14531104,MECKLENBURG COUNTY,County government,3601 REID AV CHARLOTTE NC,CHARLOTTE,OTHER MUNICIPAL,"Public land, ROW & utility",15.713,2109800,10,8,https://polaris3g.mecklenburgcountync.gov/?pid=14531104
15703808,MECKLENBURG COUNTY,County government,124 SKYLAND AV CHARLOTTE NC,CHARLOTTE,SCHOOL - PUBLIC,Institutional,8.515,21881300,10,7,https://polaris3g.mecklenburgcountync.gov/?pid=15703808
20506124,MECKLENBURG COUNTY,County government,1345 CULP RD CHARLOTTE NC,CHARLOTTE,OTHER COUNTY PROPERTY,"Public land, ROW & utility",9.205,498600,10,9,https://polaris3g.mecklenburgcountync.gov/?pid=20506124
05517101,MECKLENBURG COUNTY,County government,6200 SULLINS RD CHARLOTTE NC,CHARLOTTE,SINGLE FAMILY RESIDENTIAL - ACREAGE,Single-family homes,28.240,1159700,10,4,https://polaris3g.mecklenburgcountync.gov/?pid=05517101
13107104,MECKLENBURG COUNTY,County government,1311 TARRINGTON AV CHARLOTTE NC,CHARLOTTE,REC AREA,"Public land, ROW & utility",7.940,1688000,10,6,https://polaris3g.mecklenburgcountync.gov/?pid=13107104
21121220,MECKLENBURG COUNTY,County government,6808 PINEVILLE-MATTHEWS RD CHARLOTTE NC,CHARLOTTE,OTHER COUNTY PROPERTY,"Public land, ROW & utility",9.666,376500,10,7,https://polaris3g.mecklenburgcountync.gov/?pid=21121220
21149368,MECKLENBURG COUNTY,County government,LENHART DR CHARLOTTE NC,CHARLOTTE,OTHER COUNTY PROPERTY,"Public land, ROW & utility",2.274,74700,10,9,https://polaris3g.mecklenburgcountync.gov/?pid=21149368
22705135,MECKLENBURG COUNTY,County government,REVERDY LN MATTHEWS NC,MATTHEWS,GREENWAY TRAIL,"Public land, ROW & utility",1.367,14500,10,9,https://polaris3g.mecklenburgcountync.gov/?pid=22705135
07709101,CHARLOTTE MECKLENBURG BOARD OF EDUCATION,CMS (Board of Education),2801 LUCENA ST CHARLOTTE NC,CHARLOTTE,SCHOOL - PUBLIC,Institutional,19.019,14781900,10,9,https://polaris3g.mecklenburgcountync.gov/?pid=07709101
02760325,MECKLENBURG COUNTY,County government,4107 AMBER LEIGH WAY DR CHARLOTTE NC,CHARLOTTE,OTHER COUNTY PROPERTY,"Public land, ROW & utility",0.399,8400,10,8,https://polaris3g.mecklenburgcountync.gov/?pid=02760325
03707152,MECKLENBURG COUNTY,County government,6625 FOREST CROSS DR CHARLOTTE NC,CHARLOTTE,SINGLE FAMILY RESIDENTIAL - ACREAGE,Single-family homes,10.353,180600,10,9,https://polaris3g.mecklenburgcountync.gov/?pid=03707152
02303118,MECKLENBURG COUNTY,County government,BEATTIES FORD RD UNINC NC,MECKLENBURG COUNTY-UNINCORPORATED,SINGLE FAMILY RESIDENTIAL - ACREAGE,Single-family homes,4.171,108000,10,9,https://polaris3g.mecklenburgcountync.gov/?pid=02303118
06909640,MECKLENBURG COUNTY,County government,1415 BEATTIES FORD RD CHARLOTTE NC,CHARLOTTE,SCHOOL - PUBLIC,Institutional,9.944,27153200,10,1,https://polaris3g.mecklenburgcountync.gov/?pid=06909640
14518604,MECKLENBURG COUNTY,County government,3021 MORNING DR CHARLOTTE NC,CHARLOTTE,REC AREA,"Public land, ROW & utility",1.215,59900,10,8,https://polaris3g.mecklenburgcountync.gov/?pid=14518604
13315309,CHARLOTTE MECKLENBURG BOARD OF EDUCATION,CMS (Board of Education),7101 IDLEWILD RD CHARLOTTE NC,CHARLOTTE,SCHOOL - PUBLIC,Institutional,16.231,7347500,10,10,https://polaris3g.mecklenburgcountync.gov/?pid=13315309
05137203,MECKLENBURG COUNTY,County government,FAIRES FARM RD CHARLOTTE NC,CHARLOTTE,GREENWAY TRAIL,"Public land, ROW & utility",1.787,36200,10,8,https://polaris3g.mecklenburgcountync.gov/?pid=05137203
10804101,MECKLENBURG COUNTY,County government,7410 PLOTT RD CHARLOTTE NC,CHARLOTTE,GREENWAY TRAIL,"Public land, ROW & utility",15.011,227400,10,9,https://polaris3g.mecklenburgcountync.gov/?pid=10804101
00934101,MECKLENBURG COUNTY,County government,13832 STUMPTOWN RD HUNTERSVILLE NC,HUNTERSVILLE,OTHER COUNTY PROPERTY,"Public land, ROW & utility",36.340,883400,10,10,https://polaris3g.mecklenburgcountync.gov/?pid=00934101
14117112,MECKLENBURG COUNTY,County government,DIXIE RIVER RD CHARLOTTE NC,CHARLOTTE,OTHER COUNTY PROPERTY,"Public land, ROW & utility",105.032,9109100,10,6,https://polaris3g.mecklenburgcountync.gov/?pid=14117112
06909614,MECKLENBURG COUNTY,County government,ESTELLE ST CHARLOTTE NC,CHARLOTTE,OTHER MUNICIPAL,"Public land, ROW & utility",3.602,469100,10,5,https://polaris3g.mecklenburgcountync.gov/?pid=06909614
02737249,MECKLENBURG COUNTY,County government,FAIRLEA DR CHARLOTTE NC,CHARLOTTE,OTHER COUNTY PROPERTY,"Public land, ROW & utility",1.735,6100,10,7,https://polaris3g.mecklenburgcountync.gov/?pid=02737249
06126604,CHARLOTTE MECKLENBURG BOARD OF EDUCATION,CMS (Board of Education),3301 STAFFORD DR CHARLOTTE NC,CHARLOTTE,INDUSTRIAL,Industrial & warehouse,30.545,11807500,10,10,https://polaris3g.mecklenburgcountync.gov/?pid=06126604
05141109,MECKLENBURG COUNTY,County government,N TRYON ST CHARLOTTE NC,CHARLOTTE,100 YEAR FLOOD PLAIN - AC,"Vacant, floodplain & farm",23.182,553700,10,5,https://polaris3g.mecklenburgcountync.gov/?pid=05141109
08109107,MECKLENBURG COUNTY,County government,613 E 16TH ST CHARLOTTE NC,CHARLOTTE,GREENWAY TRAIL,"Public land, ROW & utility",1.109,176200,10,7,https://polaris3g.mecklenburgcountync.gov/?pid=08109107
16915535,MECKLENBURG COUNTY,County government,6915 NATIONS FORD RD CHARLOTTE NC,CHARLOTTE,OTHER COUNTY PROPERTY,"Public land, ROW & utility",5.906,371300,10,1,https://polaris3g.mecklenburgcountync.gov/?pid=16915535
22545140,MECKLENBURG COUNTY PARKS AND RECREATION DEPARTMENT,County government,PEYTON RANDOLPH DR CHARLOTTE NC,CHARLOTTE,OTHER COUNTY PROPERTY,"Public land, ROW & utility",6.385,263800,10,9,https://polaris3g.mecklenburgcountync.gov/?pid=22545140
08901503,MECKLENBURG COUNTY,County government,220 WELLINGFORD ST CHARLOTTE NC,CHARLOTTE,OTHER COUNTY PROPERTY,"Public land, ROW & utility",1.106,47500,10,8,https://polaris3g.mecklenburgcountync.gov/?pid=08901503
17511142,MECKLENBURG COUNTY,County government,MONCURE DR CHARLOTTE NC,CHARLOTTE,OTHER COUNTY PROPERTY,"Public land, ROW & utility",5.991,390300,10,9,https://polaris3g.mecklenburgcountync.gov/?pid=17511142
01311101,MECKLENBURG COUNTY,County government,CASHION RD HUNTERSVILLE NC,HUNTERSVILLE,SINGLE FAMILY RESIDENTIAL - ACREAGE,Single-family homes,76.475,2890100,10,5,https://polaris3g.mecklenburgcountync.gov/?pid=01311101
10821102,MECKLENBURG COUNTY,County government,8045 HARRISBURG RD CHARLOTTE NC,CHARLOTTE,OTHER COUNTY PROPERTY,"Public land, ROW & utility",79.886,3265000,10,8,https://polaris3g.mecklenburgcountync.gov/?pid=10821102
03147109,MECKLENBURG COUNTY,County government,RIVERSIDE DR UNINC NC,MECKLENBURG COUNTY-UNINCORPORATED,SINGLE FAMILY RESIDENTIAL - ACREAGE,Single-family homes,28.896,891000,10,9,https://polaris3g.mecklenburgcountync.gov/?pid=03147109
19323109,CHARLOTTE MECKLENBURG BOARD OF EDUCATION,CMS (Board of Education),940 SAM NEWELL RD MATTHEWS NC,MATTHEWS,SCHOOL - PUBLIC,Institutional,47.827,28454300,10,8,https://polaris3g.mecklenburgcountync.gov/?pid=19323109
16306104,CHARLOTTE MECKLENBURG BOARD OF EDUCATION,CMS (Board of Education),1925 RAMA RD CHARLOTTE NC,CHARLOTTE,SCHOOL - PUBLIC,Institutional,29.553,29607600,10,9,https://polaris3g.mecklenburgcountync.gov/?pid=16306104
08312110,CHARLOTTE MECKLENBURG BOARD OF EDUCATION,CMS (Board of Education),3201 CLEMSON AV CHARLOTTE NC,CHARLOTTE,SCHOOL - PUBLIC,Institutional,4.908,12310900,10,5,https://polaris3g.mecklenburgcountync.gov/?pid=08312110
05130174,MECKLENBURG COUNTY,County government,11199 DEERPATH CT CHARLOTTE NC,CHARLOTTE,RURAL HOMESITE,Single-family homes,1.708,106400,10,9,https://polaris3g.mecklenburgcountync.gov/?pid=05130174
11317132,MECKLENBURG COUNTY,County government,WALKERS FERRY RD UNINC NC,MECKLENBURG COUNTY-UNINCORPORATED,MOBILE HOME SUBDIVISION,Single-family homes,8.300,401800,10,9,https://polaris3g.mecklenburgcountync.gov/?pid=11317132
02304210,MECKLENBURG COUNTY,County government,10719 BEATTIES FORD RD UNINC NC,MECKLENBURG COUNTY-UNINCORPORATED,SINGLE FAMILY RESIDENTIAL - ACREAGE,Single-family homes,48.118,1796000,10,4,https://polaris3g.mecklenburgcountync.gov/?pid=02304210
02716102,MECKLENBURG COUNTY,County government,5532 HUCKS RD CHARLOTTE NC,CHARLOTTE,SINGLE FAMILY RESIDENTIAL - ACREAGE,Single-family homes,7.991,734900,10,8,https://polaris3g.mecklenburgcountync.gov/?pid=02716102
03323110,MECKLENBURG COUNTY,County government,SIMPSON RD UNINC NC,MECKLENBURG COUNTY-UNINCORPORATED,SINGLE FAMILY RESIDENTIAL - ACREAGE,Single-family homes,22.204,673900,10,7,https://polaris3g.mecklenburgcountync.gov/?pid=03323110
00520129,CHARLOTTE MECKLENBURG BOARD OF EDUCATION,CMS (Board of Education),21126 CATAWBA AV CORNELIUS NC,CORNELIUS,SCHOOL - PUBLIC,Institutional,15.547,12500200,10,9,https://polaris3g.mecklenburgcountync.gov/?pid=00520129
00909109,CHARLOTTE MECKLENBURG BOARD OF EDUCATION,CMS (Board of Education),15444 STUMPTOWN RD HUNTERSVILLE NC,HUNTERSVILLE,SCHOOL - PUBLIC,Institutional,71.847,16192200,10,10,https://polaris3g.mecklenburgcountync.gov/?pid=00909109
08912111,MECKLENBURG COUNTY,County government,BILMARK AV CHARLOTTE NC,CHARLOTTE,SINGLE FAMILY RESIDENTIAL,Single-family homes,2.796,791900,10,7,https://polaris3g.mecklenburgcountync.gov/?pid=08912111
01940102,MECKLENBURG COUNTY,County government,HUNTERSVILLE-CONCORD RD UNINC NC,MECKLENBURG COUNTY-UNINCORPORATED,OTHER COUNTY PROPERTY,"Public land, ROW & utility",122.829,6788200,10,8,https://polaris3g.mecklenburgcountync.gov/?pid=01940102
11334109,MECKLENBURG COUNTY,County government,BRICK YARD RD UNINC NC,MECKLENBURG COUNTY-UNINCORPORATED,SINGLE FAMILY RESIDENTIAL - WATERFRONT,Single-family homes,69.191,3716000,10,7,https://polaris3g.mecklenburgcountync.gov/?pid=11334109
20506136,CHARLOTTE MECKLENBURG BOARD OF EDUCATION,CMS (Board of Education),11701 DOWNS RD PINEVILLE NC,PINEVILLE,OTHER COUNTY PROPERTY,"Public land, ROW & utility",29.575,7871800,10,10,https://polaris3g.mecklenburgcountync.gov/?pid=20506136
01537148,MECKLENBURG COUNTY,County government,SUMMERFIELD LN HUNTERSVILLE NC,HUNTERSVILLE,OTHER COUNTY PROPERTY,"Public land, ROW & utility",3.351,15000,9,6,https://polaris3g.mecklenburgcountync.gov/?pid=01537148
18929151,MECKLENBURG COUNTY,County government,PINEBURR RD CHARLOTTE NC,CHARLOTTE,OTHER COUNTY PROPERTY,"Public land, ROW & utility",0.731,68400,9,8,https://polaris3g.mecklenburgcountync.gov/?pid=18929151
19503106,MECKLENBURG COUNTY,County government,4130 WELL RD MINT HILL NC,MINT HILL,SINGLE FAMILY RESIDENTIAL - ACREAGE,Single-family homes,58.590,3230600,9,8,https://polaris3g.mecklenburgcountync.gov/?pid=19503106
09927319,MECKLENBURG COUNTY,County government,4608 GAYNELLE DR CHARLOTTE NC,CHARLOTTE,SINGLE FAMILY RESIDENTIAL,Single-family homes,1.375,50400,9,9,https://polaris3g.mecklenburgcountync.gov/?pid=09927319
14512803,MECKLENBURG COUNTY,County government,CLANTON RD CHARLOTTE NC,CHARLOTTE,OTHER COUNTY PROPERTY,"Public land, ROW & utility",1.234,68600,9,8,https://polaris3g.mecklenburgcountync.gov/?pid=14512803
06703111,MECKLENBURG COUNTY,County government,BERRYHILL RD CHARLOTTE NC,CHARLOTTE,INDUSTRIAL,Industrial & warehouse,7.588,965500,9,9,https://polaris3g.mecklenburgcountync.gov/?pid=06703111
10501232,MECKLENBURG COUNTY,County government,E W T HARRIS BV CHARLOTTE NC,CHARLOTTE,COMMERCIAL,Commercial & office,1.915,72500,9,7,https://polaris3g.mecklenburgcountync.gov/?pid=10501232
13301145,MECKLENBURG COUNTY,County government,4822 ALBEMARLE RD CHARLOTTE NC,CHARLOTTE,OFFICE,Commercial & office,2.929,5287200,9,9,https://polaris3g.mecklenburgcountync.gov/?pid=13301145
21160299,MECKLENBURG COUNTY,County government,COLONY RD CHARLOTTE NC,CHARLOTTE,OTHER COUNTY PROPERTY,"Public land, ROW & utility",5.184,124500,9,8,https://polaris3g.mecklenburgcountync.gov/?pid=21160299
00514225,CHARLOTTE MECKLENBURG BOARD OF EDUCATION,CMS (Board of Education),9611 WESTMORELAND RD CORNELIUS NC,CORNELIUS,SCHOOL - PUBLIC,Institutional,6.108,15958400,9,5,https://polaris3g.mecklenburgcountync.gov/?pid=00514225
02522111,MECKLENBURG COUNTY,County government,W W T HARRIS BV CHARLOTTE NC,CHARLOTTE,GREENWAY TRAIL,"Public land, ROW & utility",6.182,93600,9,3,https://polaris3g.mecklenburgcountync.gov/?pid=02522111
03145109,CHARLOTTE MECKLENBURG BOARD OF EDUCATION,CMS (Board of Education),935 MT HOLLY-HUNTERSVILLE RD CHARLOTTE NC,CHARLOTTE,SINGLE FAMILY RESIDENTIAL - ACREAGE,Single-family homes,5.123,352500,9,8,https://polaris3g.mecklenburgcountync.gov/?pid=03145109
00911133,MECKLENBURG COUNTY,County government,OLD STATESVILLE RD HUNTERSVILLE NC,HUNTERSVILLE,BUFFER STRIP,"Vacant, floodplain & farm",0.166,26800,9,7,https://polaris3g.mecklenburgcountync.gov/?pid=00911133
02726499,MECKLENBURG COUNTY,County government,COLVARD PARK WY CHARLOTTE NC,CHARLOTTE,OTHER COUNTY PROPERTY,"Public land, ROW & utility",1.549,22800,9,6,https://polaris3g.mecklenburgcountync.gov/?pid=02726499
02764123,MECKLENBURG COUNTY,County government,BROWNE RD UNINC NC,MECKLENBURG COUNTY-UNINCORPORATED,OTHER COUNTY PROPERTY,"Public land, ROW & utility",4.483,45700,9,8,https://polaris3g.mecklenburgcountync.gov/?pid=02764123
20707105,MECKLENBURG COUNTY,County government,N I-485 OUTER HY CHARLOTTE NC,CHARLOTTE,GREENWAY TRAIL,"Public land, ROW & utility",21.993,1122500,9,7,https://polaris3g.mecklenburgcountync.gov/?pid=20707105
02701720,MECKLENBURG COUNTY,County government,6245 DUMONT LN CHARLOTTE NC,CHARLOTTE,GREENWAY TRAIL,"Public land, ROW & utility",0.959,0,9,8,https://polaris3g.mecklenburgcountync.gov/?pid=02701720
19342588,MECKLENBURG COUNTY,County government,CLIFTON MEADOW DR CHARLOTTE NC,CHARLOTTE,100 YEAR FLOOD PLAIN - AC,"Vacant, floodplain & farm",4.442,210700,9,8,https://polaris3g.mecklenburgcountync.gov/?pid=19342588
18932133,MECKLENBURG COUNTY,County government,SARDIS RD CHARLOTTE NC,CHARLOTTE,OTHER COUNTY PROPERTY,"Public land, ROW & utility",37.337,1175900,9,3,https://polaris3g.mecklenburgcountync.gov/?pid=18932133
01322102,MECKLENBURG COUNTY,County government,4918 CASHION RD HUNTERSVILLE NC,HUNTERSVILLE,SINGLE FAMILY RESIDENTIAL - ACREAGE,Single-family homes,50.153,1857200,9,8,https://polaris3g.mecklenburgcountync.gov/?pid=01322102
01714598,MECKLENBURG COUNTY,County government,STUMPTOWN RD HUNTERSVILLE NC,HUNTERSVILLE,OTHER COUNTY PROPERTY,"Public land, ROW & utility",5.445,49900,9,6,https://polaris3g.mecklenburgcountync.gov/?pid=01714598
01304225,MECKLENBURG COUNTY,County government,ALLISON FERRY RD HUNTERSVILLE NC,HUNTERSVILLE,SINGLE FAMILY RESIDENTIAL - ACREAGE,Single-family homes,7.148,358400,9,7,https://polaris3g.mecklenburgcountync.gov/?pid=01304225
05310102,MECKLENBURG COUNTY,County government,4732 CHARLIE HIPP RD UNINC NC,MECKLENBURG COUNTY-UNINCORPORATED,SINGLE FAMILY RESIDENTIAL - ACREAGE,Single-family homes,21.941,965400,9,9,https://polaris3g.mecklenburgcountync.gov/?pid=05310102
13110234,MECKLENBURG COUNTY,County government,3838 SHEFFIELD DR CHARLOTTE NC,CHARLOTTE,SINGLE FAMILY RESIDENTIAL,Single-family homes,0.683,157500,9,4,https://polaris3g.mecklenburgcountync.gov/?pid=13110234
03505423,MECKLENBURG COUNTY,County government,140 VALLEYDALE RD CHARLOTTE NC,CHARLOTTE,RECYCLING,Unclassified,50.284,10724200,9,9,https://polaris3g.mecklenburgcountync.gov/?pid=03505423
12306212,MECKLENBURG COUNTY,County government,209 W KINGSTON AV CHARLOTTE NC,CHARLOTTE,OTHER COUNTY PROPERTY,"Public land, ROW & utility",0.635,5384900,9,5,https://polaris3g.mecklenburgcountync.gov/?pid=12306212
11107301,MECKLENBURG COUNTY,County government,8400 REEDY CREEK RD UNINC NC,MECKLENBURG COUNTY-UNINCORPORATED,REC AREA,"Public land, ROW & utility",10.922,321300,9,8,https://polaris3g.mecklenburgcountync.gov/?pid=11107301
02739139,MECKLENBURG COUNTY,County government,5702 STREAM RIDGE DR CHARLOTTE NC,CHARLOTTE,GREENWAY TRAIL,"Public land, ROW & utility",4.135,13800,9,6,https://polaris3g.mecklenburgcountync.gov/?pid=02739139
20514103,MECKLENBURG COUNTY,County government,SOUTHERN LOOP BV CHARLOTTE NC,CHARLOTTE,OTHER COUNTY PROPERTY,"Public land, ROW & utility",5.422,120400,9,9,https://polaris3g.mecklenburgcountync.gov/?pid=20514103
10927440,MECKLENBURG COUNTY,County government,CRANE POINT DR CHARLOTTE NC,CHARLOTTE,100 YEAR FLOOD PLAIN - AC,"Vacant, floodplain & farm",2.656,80300,9,6,https://polaris3g.mecklenburgcountync.gov/?pid=10927440
02723197,MECKLENBURG COUNTY,County government,2908 HEATHCROFT CT CHARLOTTE NC,CHARLOTTE,SINGLE FAMILY RESIDENTIAL - ACREAGE,Single-family homes,0.958,23000,9,6,https://polaris3g.mecklenburgcountync.gov/?pid=02723197
13512119,MECKLENBURG COUNTY,County government,3849 ASHLEY HALL DR CHARLOTTE NC,CHARLOTTE,100 YEAR FLOOD PLAIN - AC,"Vacant, floodplain & farm",1.682,69100,9,6,https://polaris3g.mecklenburgcountync.gov/?pid=13512119
01509104,MECKLENBURG COUNTY,County government,8200 GILEAD RD HUNTERSVILLE NC,HUNTERSVILLE,OTHER COUNTY PROPERTY,"Public land, ROW & utility",24.587,2673900,9,3,https://polaris3g.mecklenburgcountync.gov/?pid=01509104
23102198,CHARLOTTE MECKLENBURG BOARD OF EDUCATION,CMS (Board of Education),COUNTRY LN CHARLOTTE NC,CHARLOTTE,SINGLE FAMILY RESIDENTIAL - ACREAGE,Single-family homes,1.567,303900,9,8,https://polaris3g.mecklenburgcountync.gov/?pid=23102198
10116336,MECKLENBURG COUNTY,County government,2724 TEMPLE LN CHARLOTTE NC,CHARLOTTE,OTHER COUNTY PROPERTY,"Public land, ROW & utility",2.701,570000,9,8,https://polaris3g.mecklenburgcountync.gov/?pid=10116336
02930501,MECKLENBURG COUNTY,County government,4341 RIDGE RD CHARLOTTE NC,CHARLOTTE,SINGLE FAMILY RESIDENTIAL - ACREAGE,Single-family homes,3.749,233500,9,6,https://polaris3g.mecklenburgcountync.gov/?pid=02930501
00904103,MECKLENBURG COUNTY,County government,ERVIN COOK RD HUNTERSVILLE NC,HUNTERSVILLE,OTHER COUNTY PROPERTY,"Public land, ROW & utility",72.468,717100,9,3,https://polaris3g.mecklenburgcountync.gov/?pid=00904103
17325416,MECKLENBURG COUNTY,County government,2200 RAMBLEWOOD LN CHARLOTTE NC,CHARLOTTE,GREENWAY TRAIL,"Public land, ROW & utility",3.404,677900,9,6,https://polaris3g.mecklenburgcountync.gov/?pid=17325416
16722197,MECKLENBURG COUNTY,County government,MOUNTING ROCK RD CHARLOTTE NC,CHARLOTTE,INDUSTRIAL,Industrial & warehouse,1.859,67100,9,3,https://polaris3g.mecklenburgcountync.gov/?pid=16722197
11107302,MECKLENBURG COUNTY,County government,8120 REEDY CREEK RD UNINC NC,MECKLENBURG COUNTY-UNINCORPORATED,SINGLE FAMILY RESIDENTIAL - ACREAGE,Single-family homes,12.722,832900,9,8,https://polaris3g.mecklenburgcountync.gov/?pid=11107302
15704107,MECKLENBURG COUNTY,County government,335 BILLINGSLEY RD CHARLOTTE NC,CHARLOTTE,OFFICE,Commercial & office,1.324,3493400,9,7,https://polaris3g.mecklenburgcountync.gov/?pid=15704107
04708343,MECKLENBURG COUNTY,County government,DOBY SPRINGS DR CHARLOTTE NC,CHARLOTTE,RURAL HOMESITE,Single-family homes,2.985,295400,9,8,https://polaris3g.mecklenburgcountync.gov/?pid=04708343
01921560,MECKLENBURG COUNTY,County government,13499 ASBURY CHAPEL RD HUNTERSVILLE NC,HUNTERSVILLE,OTHER MUNICIPAL,"Public land, ROW & utility",5.762,0,9,9,https://polaris3g.mecklenburgcountync.gov/?pid=01921560
20704108,MECKLENBURG COUNTY,County government,2210 SHARON RD CHARLOTTE NC,CHARLOTTE,GREENWAY TRAIL,"Public land, ROW & utility",3.770,309500,9,8,https://polaris3g.mecklenburgcountync.gov/?pid=20704108
16920309,MECKLENBURG COUNTY,County government,5400 CHERRYCREST LN CHARLOTTE NC,CHARLOTTE,MULTI FAMILY,Multi-family,16.610,3069800,9,9,https://polaris3g.mecklenburgcountync.gov/?pid=16920309
07323215,MECKLENBURG COUNTY,County government,1201 W TRADE ST CHARLOTTE NC,CHARLOTTE,OTHER COUNTY PROPERTY,"Public land, ROW & utility",6.396,20706500,9,2,https://polaris3g.mecklenburgcountync.gov/?pid=07323215
09713112,MECKLENBURG COUNTY,County government,AMERICANA AV CHARLOTTE NC,CHARLOTTE,COMMERCIAL,Commercial & office,1.309,277000,9,9,https://polaris3g.mecklenburgcountync.gov/?pid=09713112
22315105,MECKLENBURG COUNTY,County government,N I-485 OUTER HY CHARLOTTE NC,CHARLOTTE,OTHER COUNTY PROPERTY,"Public land, ROW & utility",28.111,875800,9,7,https://polaris3g.mecklenburgcountync.gov/?pid=22315105
01937104,MECKLENBURG COUNTY,County government,HOLBROOKS RD UNINC NC,MECKLENBURG COUNTY-UNINCORPORATED,SINGLE FAMILY RESIDENTIAL - ACREAGE,Single-family homes,12.748,496800,9,5,https://polaris3g.mecklenburgcountync.gov/?pid=01937104
16721410,MECKLENBURG COUNTY,County government,1638 RANCHWOOD DR CHARLOTTE NC,CHARLOTTE,INDUSTRIAL,Industrial & warehouse,4.340,141200,9,6,https://polaris3g.mecklenburgcountync.gov/?pid=16721410
20123299,MECKLENBURG COUNTY,County government,10521 HUNTINGTON MEADOW LN CHARLOTTE NC,CHARLOTTE,GREENWAY TRAIL,"Public land, ROW & utility",0.721,116000,9,7,https://polaris3g.mecklenburgcountync.gov/?pid=20123299
13107102,CHARLOTTE MECKLENBURG BOARD OF EDUCATION,CMS (Board of Education),3100 WINTERFIELD PL CHARLOTTE NC,CHARLOTTE,SCHOOL - PUBLIC,Institutional,15.341,10322800,9,7,https://polaris3g.mecklenburgcountync.gov/?pid=13107102
03731299,MECKLENBURG COUNTY,County government,MCINTYRE RIDGE DR CHARLOTTE NC,CHARLOTTE,GREENWAY TRAIL,"Public land, ROW & utility",0.076,900,9,7,https://polaris3g.mecklenburgcountync.gov/?pid=03731299
00926298,MECKLENBURG COUNTY,County government,GLADE CT HUNTERSVILLE NC,HUNTERSVILLE,OTHER COUNTY PROPERTY,"Public land, ROW & utility",1.007,12900,9,7,https://polaris3g.mecklenburgcountync.gov/?pid=00926298
04510201,MECKLENBURG COUNTY,County government,5500 N GRAHAM ST CHARLOTTE NC,CHARLOTTE,COMMERCIAL,Commercial & office,4.750,1320500,9,6,https://polaris3g.mecklenburgcountync.gov/?pid=04510201
06708310,CHARLOTTE MECKLENBURG BOARD OF EDUCATION,CMS (Board of Education),1901 HERBERT SPAUGH LN CHARLOTTE NC,CHARLOTTE,SCHOOL - PUBLIC,Institutional,24.457,12860800,9,8,https://polaris3g.mecklenburgcountync.gov/?pid=06708310
02706204,MECKLENBURG COUNTY,County government,12430 DEARMON RD CHARLOTTE NC,CHARLOTTE,SINGLE FAMILY RESIDENTIAL - ACREAGE,Single-family homes,12.523,710600,9,8,https://polaris3g.mecklenburgcountync.gov/?pid=02706204
06106131,MECKLENBURG COUNTY,County government,BRISTOL DR CHARLOTTE NC,CHARLOTTE,REC AREA,"Public land, ROW & utility",2.588,150300,9,9,https://polaris3g.mecklenburgcountync.gov/?pid=06106131
22729255,MECKLENBURG COUNTY,County government,KIPPERLY CT MATTHEWS NC,MATTHEWS,GREENWAY TRAIL,"Public land, ROW & utility",0.794,8700,9,9,https://polaris3g.mecklenburgcountync.gov/?pid=22729255
22708670,MECKLENBURG COUNTY,County government,HIGH RIDGE RD CHARLOTTE NC,CHARLOTTE,GREENWAY TRAIL,"Public land, ROW & utility",5.820,64000,9,9,https://polaris3g.mecklenburgcountync.gov/?pid=22708670
15704112,MECKLENBURG COUNTY,County government,429 BILLINGSLEY RD CHARLOTTE NC,CHARLOTTE,OFFICE,Commercial & office,3.097,8139000,9,7,https://polaris3g.mecklenburgcountync.gov/?pid=15704112
08503106,MECKLENBURG COUNTY ABC BOARD,Library / ABC / Landmarks,3333 N TRYON ST CHARLOTTE NC,CHARLOTTE,OTHER MUNICIPAL,"Public land, ROW & utility",18.803,12004400,9,9,https://polaris3g.mecklenburgcountync.gov/?pid=08503106
08901450,MECKLENBURG COUNTY,County government,BEECHWAY CR CHARLOTTE NC,CHARLOTTE,MULTI FAMILY,Multi-family,0.866,225600,9,1,https://polaris3g.mecklenburgcountync.gov/?pid=08901450
07704801,CHARLOTTE MECKLENBURG BOARD OF EDUCATION,CMS (Board of Education),2400 CARMINE ST CHARLOTTE NC,CHARLOTTE,SCHOOL - PUBLIC,Institutional,26.945,14409600,9,8,https://polaris3g.mecklenburgcountync.gov/?pid=07704801
20710222,CHARLOTTE MECKLENBURG HOSPITAL AUTHORITY,Hospital Authority (Atrium),PARK RD PINEVILLE NC,PINEVILLE,COMMERCIAL,Commercial & office,1.031,1204900,9,4,https://polaris3g.mecklenburgcountync.gov/?pid=20710222
03115228,MECKLENBURG COUNTY,County government,11650 CARRINGTON HILL DR CHARLOTTE NC,CHARLOTTE,SINGLE FAMILY RESIDENTIAL - ACREAGE,Single-family homes,9.374,261600,9,7,https://polaris3g.mecklenburgcountync.gov/?pid=03115228
03145110,CHARLOTTE MECKLENBURG BOARD OF EDUCATION,CMS (Board of Education),1011 MT HOLLY-HUNTERSVILLE RD CHARLOTTE NC,CHARLOTTE,SCHOOL - PUBLIC,Institutional,15.485,12236800,9,5,https://polaris3g.mecklenburgcountync.gov/?pid=03145110
03921113,CHARLOTTE MECKLENBURG BOARD OF EDUCATION,CMS (Board of Education),4440 NORTHPOINTE INDUSTRIAL BV CHARLOTTE NC,CHARLOTTE,OTHER MUNICIPAL,"Public land, ROW & utility",27.338,4072500,9,8,https://polaris3g.mecklenburgcountync.gov/?pid=03921113
23105380,MECKLENBURG COUNTY,County government,3330 ALLENWOOD RD CHARLOTTE NC,CHARLOTTE,GREENWAY TRAIL,"Public land, ROW & utility",0.799,25100,9,8,https://polaris3g.mecklenburgcountync.gov/?pid=23105380
21912422,MECKLENBURG COUNTY,County government,13745 S TRYON ST CHARLOTTE NC,CHARLOTTE,SINGLE FAMILY RESIDENTIAL - ACREAGE,Single-family homes,4.985,548200,9,9,https://polaris3g.mecklenburgcountync.gov/?pid=21912422
21310118,MECKLENBURG COUNTY,County government,SARDIS RD CHARLOTTE NC,CHARLOTTE,GREENWAY TRAIL,"Public land, ROW & utility",2.526,77800,9,7,https://polaris3g.mecklenburgcountync.gov/?pid=21310118
03319199,MECKLENBURG COUNTY,County government,PRIMM RD UNINC NC,MECKLENBURG COUNTY-UNINCORPORATED,FLUM/SWIM FLOODWAY (NO BUILD ZONE),"Vacant, floodplain & farm",22.281,98500,9,6,https://polaris3g.mecklenburgcountync.gov/?pid=03319199
09103355,MECKLENBURG COUNTY,County government,4221 DINGLEWOOD AV CHARLOTTE NC,CHARLOTTE,REC AREA,"Public land, ROW & utility",1.039,455000,9,5,https://polaris3g.mecklenburgcountync.gov/?pid=09103355
00704123,CHARLOTTE MECKLENBURG BOARD OF EDUCATION,CMS (Board of Education),635 SOUTH ST DAVIDSON NC,DAVIDSON,SCHOOL - PUBLIC,Institutional,18.724,19537000,9,9,https://polaris3g.mecklenburgcountync.gov/?pid=00704123
00918396,MECKLENBURG COUNTY,County government,SHARROW BAY CT HUNTERSVILLE NC,HUNTERSVILLE,OTHER COUNTY PROPERTY,"Public land, ROW & utility",2.320,15700,9,6,https://polaris3g.mecklenburgcountync.gov/?pid=00918396
03710102,MECKLENBURG COUNTY,County government,FRANK VANCE RD UNINC NC,MECKLENBURG COUNTY-UNINCORPORATED,SINGLE FAMILY RESIDENTIAL - ACREAGE,Single-family homes,31.584,1528000,9,8,https://polaris3g.mecklenburgcountync.gov/?pid=03710102
11138296,MECKLENBURG COUNTY,County government,SAM DEE RD CHARLOTTE NC,CHARLOTTE,100 YEAR FLOOD PLAIN - AC,"Vacant, floodplain & farm",2.780,6000,9,6,https://polaris3g.mecklenburgcountync.gov/?pid=11138296
01934110,MECKLENBURG COUNTY,County government,TRAILS END LN UNINC NC,MECKLENBURG COUNTY-UNINCORPORATED,SINGLE FAMILY RESIDENTIAL - ACREAGE,Single-family homes,42.029,1392300,9,7,https://polaris3g.mecklenburgcountync.gov/?pid=01934110
09312601,MECKLENBURG COUNTY,County government,3217 HARROW PL CHARLOTTE NC,CHARLOTTE,SINGLE FAMILY RESIDENTIAL,Single-family homes,0.745,178500,9,4,https://polaris3g.mecklenburgcountync.gov/?pid=09312601
11505108,MECKLENBURG COUNTY,County government,4435 GOLF ACRES DR CHARLOTTE NC,CHARLOTTE,INDUSTRIAL,Industrial & warehouse,29.148,2264200,9,7,https://polaris3g.mecklenburgcountync.gov/?pid=11505108
19307307,MECKLENBURG COUNTY,County government,MARGARET WALLACE RD CHARLOTTE NC,CHARLOTTE,100 YEAR FLOOD PLAIN - AC,"Vacant, floodplain & farm",1.014,57700,9,7,https://polaris3g.mecklenburgcountync.gov/?pid=19307307
16520220,MECKLENBURG COUNTY,County government,VESTAL PL CHARLOTTE NC,CHARLOTTE,SINGLE FAMILY RESIDENTIAL - ACREAGE,Single-family homes,1.042,47000,9,8,https://polaris3g.mecklenburgcountync.gov/?pid=16520220
20301121,MECKLENBURG COUNTY,County government,W ARROWOOD RD CHARLOTTE NC,CHARLOTTE,GREENWAY TRAIL,"Public land, ROW & utility",2.401,253100,9,8,https://polaris3g.mecklenburgcountync.gov/?pid=20301121
02932172,MECKLENBURG COUNTY,County government,6335 PROSPERITY RIDGE RD CHARLOTTE NC,CHARLOTTE,MULTI FAMILY,Multi-family,3.877,834100,9,9,https://polaris3g.mecklenburgcountync.gov/?pid=02932172
05122182,MECKLENBURG COUNTY,County government,MALLARD CROSSING DR CHARLOTTE NC,CHARLOTTE,100 YEAR FLOOD PLAIN - AC,"Vacant, floodplain & farm",3.299,3700,9,8,https://polaris3g.mecklenburgcountync.gov/?pid=05122182
12311601,MECKLENBURG COUNTY,County government,600 E PARK AV CHARLOTTE NC,CHARLOTTE,SINGLE FAMILY RESIDENTIAL,Single-family homes,0.540,687500,8,8,https://polaris3g.mecklenburgcountync.gov/?pid=12311601
05129316,MECKLENBURG COUNTY,County government,2091 KATHERINE KIKER RD CHARLOTTE NC,CHARLOTTE,100 YEAR FLOOD PLAIN - AC,"Vacant, floodplain & farm",1.573,11200,8,6,https://polaris3g.mecklenburgcountync.gov/?pid=05129316
22917119,CHARLOTTE MECKLENBURG BOARD OF EDUCATION,CMS (Board of Education),11532 GOLF LINKS DR CHARLOTTE NC,CHARLOTTE,SCHOOL - PUBLIC,Institutional,10.047,33274400,8,8,https://polaris3g.mecklenburgcountync.gov/?pid=22917119
00503209,MECKLENBURG COUNTY,County government,10000 BAILEY RD CORNELIUS NC,CORNELIUS,SINGLE FAMILY RESIDENTIAL - ACREAGE,Single-family homes,4.021,408000,8,7,https://polaris3g.mecklenburgcountync.gov/?pid=00503209
08705750,MECKLENBURG COUNTY,County government,801 W SUGAR CREEK RD CHARLOTTE NC,CHARLOTTE,REC AREA,"Public land, ROW & utility",4.971,813000,8,6,https://polaris3g.mecklenburgcountync.gov/?pid=08705750
13314113,MECKLENBURG COUNTY,County government,FARM POND LN CHARLOTTE NC,CHARLOTTE,100 YEAR FLOOD PLAIN - AC,"Vacant, floodplain & farm",2.236,73800,8,5,https://polaris3g.mecklenburgcountync.gov/?pid=13314113
22531131,MECKLENBURG COUNTY,County government,RAINTREE LN CHARLOTTE NC,CHARLOTTE,OTHER COUNTY PROPERTY,"Public land, ROW & utility",7.852,305700,8,8,https://polaris3g.mecklenburgcountync.gov/?pid=22531131
12904134,MECKLENBURG COUNTY,County government,1504 ST GEORGE ST CHARLOTTE NC,CHARLOTTE,FLUM/SWIM FLOODWAY (NO BUILD ZONE),"Vacant, floodplain & farm",3.464,232300,8,3,https://polaris3g.mecklenburgcountync.gov/?pid=12904134
01316498,MECKLENBURG COUNTY,County government,HORSESHOE CREEK DR HUNTERSVILLE NC,HUNTERSVILLE,SINGLE FAMILY RESIDENTIAL - ACREAGE,Single-family homes,1.206,106300,8,5,https://polaris3g.mecklenburgcountync.gov/?pid=01316498
19904142,MECKLENBURG COUNTY,County government,14315 SOLDIER RD UNINC NC,MECKLENBURG COUNTY-UNINCORPORATED,SINGLE FAMILY RESIDENTIAL - ACREAGE,Single-family homes,11.539,517100,8,6,https://polaris3g.mecklenburgcountync.gov/?pid=19904142
08704118,MECKLENBURG COUNTY,County government,1007 AMBLE DR CHARLOTTE NC,CHARLOTTE,OTHER COUNTY PROPERTY,"Public land, ROW & utility",9.831,8404100,8,5,https://polaris3g.mecklenburgcountync.gov/?pid=08704118
01706212,MECKLENBURG COUNTY PARKS AND RECREATION DEPARTMENT,County government,STATESVILLE RD HUNTERSVILLE NC,HUNTERSVILLE,SINGLE FAMILY RESIDENTIAL,Single-family homes,14.587,452300,8,6,https://polaris3g.mecklenburgcountync.gov/?pid=01706212
00503289,MECKLENBURG COUNTY,County government,10099 BAILEY RD CORNELIUS NC,CORNELIUS,GREENWAY TRAIL,"Public land, ROW & utility",3.445,248000,8,7,https://polaris3g.mecklenburgcountync.gov/?pid=00503289
04310408,MECKLENBURG COUNTY,County government,4628 LYNN LEE CR CHARLOTTE NC,CHARLOTTE,SINGLE FAMILY RESIDENTIAL,Single-family homes,1.248,567300,8,6,https://polaris3g.mecklenburgcountync.gov/?pid=04310408
10520207,MECKLENBURG COUNTY,County government,PLAZA RD UNINC NC,MECKLENBURG COUNTY-UNINCORPORATED,SINGLE FAMILY RESIDENTIAL - ACREAGE,Single-family homes,14.420,514800,8,6,https://polaris3g.mecklenburgcountync.gov/?pid=10520207
01521215,MECKLENBURG COUNTY,County government,BEATTIES FORD RD HUNTERSVILLE NC,HUNTERSVILLE,SINGLE FAMILY RESIDENTIAL - ACREAGE,Single-family homes,9.589,368200,8,7,https://polaris3g.mecklenburgcountync.gov/?pid=01521215
02511323,MECKLENBURG COUNTY,County government,9452 REAMES RD CHARLOTTE NC,CHARLOTTE,100 YEAR FLOOD PLAIN - AC,"Vacant, floodplain & farm",6.947,143000,8,6,https://polaris3g.mecklenburgcountync.gov/?pid=02511323
00906119,MECKLENBURG COUNTY,County government,GILEAD RD HUNTERSVILLE NC,HUNTERSVILLE,100 YEAR FLOOD PLAIN - AC,"Vacant, floodplain & farm",15.623,18300,8,5,https://polaris3g.mecklenburgcountync.gov/?pid=00906119
22940199,MECKLENBURG COUNTY,County government,FAIRHOPE CT CHARLOTTE NC,CHARLOTTE,OTHER COUNTY PROPERTY,"Public land, ROW & utility",8.435,159500,8,6,https://polaris3g.mecklenburgcountync.gov/?pid=22940199
13511102,MECKLENBURG COUNTY,County government,7103 LEA WOOD LN CHARLOTTE NC,CHARLOTTE,OTHER COUNTY PROPERTY,"Public land, ROW & utility",4.920,109400,8,6,https://polaris3g.mecklenburgcountync.gov/?pid=13511102
16516116,MECKLENBURG COUNTY,County government,2312 MARGARET WALLACE RD CHARLOTTE NC,CHARLOTTE,100 YEAR FLOOD PLAIN - AC,"Vacant, floodplain & farm",4.898,447200,8,4,https://polaris3g.mecklenburgcountync.gov/?pid=16516116
01303225,MECKLENBURG COUNTY,County government,NECK RD HUNTERSVILLE NC,HUNTERSVILLE,SINGLE FAMILY RESIDENTIAL - ACREAGE,Single-family homes,6.817,343500,8,7,https://polaris3g.mecklenburgcountync.gov/?pid=01303225
12524102,CHARLOTTE MECKLENBURG HOSPITAL AUTHORITY,Hospital Authority (Atrium),1613 E MOREHEAD ST CHARLOTTE NC,CHARLOTTE,COMMERCIAL,Commercial & office,1.121,12622300,8,8,https://polaris3g.mecklenburgcountync.gov/?pid=12524102
01545105,MECKLENBURG COUNTY,County government,BEATTIES FORD RD HUNTERSVILLE NC,HUNTERSVILLE,SINGLE FAMILY RESIDENTIAL - ACREAGE,Single-family homes,42.350,1411100,8,7,https://polaris3g.mecklenburgcountync.gov/?pid=01545105
19107116,MECKLENBURG COUNTY,County government,7592 E INDEPENDENCE BV CHARLOTTE NC,CHARLOTTE,GREENWAY TRAIL,"Public land, ROW & utility",14.589,447000,8,5,https://polaris3g.mecklenburgcountync.gov/?pid=19107116
10722146,MECKLENBURG COUNTY,County government,TIBURON CR CHARLOTTE NC,CHARLOTTE,SINGLE FAMILY RESIDENTIAL - ACREAGE,Single-family homes,0.939,70800,8,6,https://polaris3g.mecklenburgcountync.gov/?pid=10722146
21310170,MECKLENBURG COUNTY,County government,SARDIS RD CHARLOTTE NC,CHARLOTTE,OTHER COUNTY PROPERTY,"Public land, ROW & utility",0.610,35700,8,7,https://polaris3g.mecklenburgcountync.gov/?pid=21310170
12306209,MECKLENBURG COUNTY,County government,1712 HAWKINS ST CHARLOTTE NC,CHARLOTTE,OTHER COUNTY PROPERTY,"Public land, ROW & utility",0.137,1111400,8,5,https://polaris3g.mecklenburgcountync.gov/?pid=12306209
21727113,MECKLENBURG COUNTY,County government,17501 MCKEE RD UNINC NC,MECKLENBURG COUNTY-UNINCORPORATED,SINGLE FAMILY RESIDENTIAL - ACREAGE,Single-family homes,31.620,2084700,8,7,https://polaris3g.mecklenburgcountync.gov/?pid=21727113
22102106,MECKLENBURG COUNTY,County government,701 MAIN ST PINEVILLE NC,PINEVILLE,SINGLE FAMILY RESIDENTIAL,Single-family homes,1.971,401400,8,7,https://polaris3g.mecklenburgcountync.gov/?pid=22102106
02910101,CHARLOTTE MECKLENBURG BOARD OF EDUCATION,CMS (Board of Education),14015 MALLARD ROOST RD UNINC NC,MECKLENBURG COUNTY-UNINCORPORATED,COMMERCIAL,Commercial & office,6.328,11349300,8,7,https://polaris3g.mecklenburgcountync.gov/?pid=02910101
01535245,MECKLENBURG COUNTY,County government,BRADFORD HILL LN HUNTERSVILLE NC,HUNTERSVILLE,SINGLE FAMILY RESIDENTIAL,Single-family homes,12.240,762600,8,6,https://polaris3g.mecklenburgcountync.gov/?pid=01535245
09510272,MECKLENBURG COUNTY,County government,1915 ARNOLD DR CHARLOTTE NC,CHARLOTTE,SINGLE FAMILY RESIDENTIAL,Single-family homes,0.176,160000,8,4,https://polaris3g.mecklenburgcountync.gov/?pid=09510272
13731158,CHARLOTTE MECKLENBURG BOARD OF EDUCATION,CMS (Board of Education),10505 CLEAR CREEK COMMERCE DR MINT HILL NC,MINT HILL,SCHOOL - PUBLIC,Institutional,63.568,38491000,8,7,https://polaris3g.mecklenburgcountync.gov/?pid=13731158
13510268,MECKLENBURG COUNTY,County government,BALD RIDGE DR CHARLOTTE NC,CHARLOTTE,SINGLE FAMILY RESIDENTIAL,Single-family homes,0.575,27500,8,7,https://polaris3g.mecklenburgcountync.gov/?pid=13510268
14501322,MECKLENBURG COUNTY,County government,REMOUNT RD CHARLOTTE NC,CHARLOTTE,REC AREA,"Public land, ROW & utility",0.735,79800,8,1,https://polaris3g.mecklenburgcountync.gov/?pid=14501322
10927326,MECKLENBURG COUNTY,County government,OTTAWA LN CHARLOTTE NC,CHARLOTTE,OTHER COUNTY PROPERTY,"Public land, ROW & utility",1.397,62700,8,6,https://polaris3g.mecklenburgcountync.gov/?pid=10927326
11104203,MECKLENBURG COUNTY,County government,CAMBRIDGE COMMONS DR CHARLOTTE NC,CHARLOTTE,100 YEAR FLOOD PLAIN - AC,"Vacant, floodplain & farm",10.959,51400,8,5,https://polaris3g.mecklenburgcountync.gov/?pid=11104203
09711120,MECKLENBURG COUNTY,County government,201 EASTWAY DR CHARLOTTE NC,CHARLOTTE,OTHER COUNTY PROPERTY,"Public land, ROW & utility",7.348,20869100,8,6,https://polaris3g.mecklenburgcountync.gov/?pid=09711120
02725474,MECKLENBURG COUNTY,County government,MALLARD CREEK RD CHARLOTTE NC,CHARLOTTE,100 YEAR FLOOD PLAIN - AC,"Vacant, floodplain & farm",4.489,60700,8,4,https://polaris3g.mecklenburgcountync.gov/?pid=02725474
19904117,MECKLENBURG COUNTY,County government,14444 SHOPTON RD UNINC NC,MECKLENBURG COUNTY-UNINCORPORATED,SINGLE FAMILY RESIDENTIAL - ACREAGE,Single-family homes,62.127,3088000,8,4,https://polaris3g.mecklenburgcountync.gov/?pid=19904117
11342101,MECKLENBURG COUNTY,County government,10325 PASCHALL RD UNINC NC,MECKLENBURG COUNTY-UNINCORPORATED,SINGLE FAMILY RESIDENTIAL - ACREAGE,Single-family homes,58.853,2452400,8,6,https://polaris3g.mecklenburgcountync.gov/?pid=11342101
12521C99,MECKLENBURG COUNTY,County government,741 KENILWORTH AV CHARLOTTE NC,CHARLOTTE,OFFICE CONDOMINIUM,Condo & townhouse,1.813,668500,8,1,https://polaris3g.mecklenburgcountync.gov/?pid=12521C99
12521C99,MECKLENBURG COUNTY,County government,741 KENILWORTH AV CHARLOTTE NC,CHARLOTTE,OFFICE CONDOMINIUM,Condo & townhouse,1.813,1773800,8,1,https://polaris3g.mecklenburgcountync.gov/?pid=12521C99
12521C99,MECKLENBURG COUNTY,County government,741 KENILWORTH AV CHARLOTTE NC,CHARLOTTE,OFFICE CONDOMINIUM,Condo & townhouse,1.813,2749600,8,1,https://polaris3g.mecklenburgcountync.gov/?pid=12521C99
02715318,CHARLOTTE MECKLENBURG BOARD OF EDUCATION,CMS (Board of Education),4911 HUCKS RD CHARLOTTE NC,CHARLOTTE,SCHOOL - PUBLIC,Institutional,26.027,11033100,8,6,https://polaris3g.mecklenburgcountync.gov/?pid=02715318
02729166,MECKLENBURG COUNTY,County government,SAXONBURY WY CHARLOTTE NC,CHARLOTTE,OTHER COUNTY PROPERTY,"Public land, ROW & utility",2.812,17400,8,7,https://polaris3g.mecklenburgcountync.gov/?pid=02729166
02302269,MECKLENBURG COUNTY,County government,NECK RD UNINC NC,MECKLENBURG COUNTY-UNINCORPORATED,RURAL HOMESITE,Single-family homes,3.347,206900,8,5,https://polaris3g.mecklenburgcountync.gov/?pid=02302269
03522110,MECKLENBURG COUNTY,County government,6720 OLD PLANK RD UNINC NC,MECKLENBURG COUNTY-UNINCORPORATED,SINGLE FAMILY RESIDENTIAL - ACREAGE,Single-family homes,5.352,285500,8,3,https://polaris3g.mecklenburgcountync.gov/?pid=03522110
22904118,MECKLENBURG COUNTY,County government,9508 COMMUNITY HOUSE RD CHARLOTTE NC,CHARLOTTE,REC AREA,"Public land, ROW & utility",11.068,393400,8,4,https://polaris3g.mecklenburgcountync.gov/?pid=22904118
08110213,MECKLENBURG COUNTY,County government,616 E 19TH ST CHARLOTTE NC,CHARLOTTE,GREENWAY TRAIL,"Public land, ROW & utility",0.344,104000,8,5,https://polaris3g.mecklenburgcountync.gov/?pid=08110213
04938203,MECKLENBURG COUNTY,County government,298 E MALLARD CREEK CHURCH RD CHARLOTTE NC,CHARLOTTE,GREENWAY TRAIL,"Public land, ROW & utility",9.556,208100,8,7,https://polaris3g.mecklenburgcountync.gov/?pid=04938203
11904630,MECKLENBURG COUNTY,County government,1300 SPRUCE ST CHARLOTTE NC,CHARLOTTE,REC AREA,"Public land, ROW & utility",5.769,1847600,8,8,https://polaris3g.mecklenburgcountync.gov/?pid=11904630
05516223,MECKLENBURG COUNTY,County government,EAGLE PEAK DR CHARLOTTE NC,CHARLOTTE,SINGLE FAMILY RESIDENTIAL,Single-family homes,0.561,56000,8,7,https://polaris3g.mecklenburgcountync.gov/?pid=05516223
22109399,MECKLENBURG COUNTY,County government,PINEVILLE FOREST DR PINEVILLE NC,PINEVILLE,GREENWAY TRAIL,"Public land, ROW & utility",4.067,72600,8,4,https://polaris3g.mecklenburgcountync.gov/?pid=22109399
22544137,PUBLIC LIBRARY OF CHARLOTTE & MECKLENBURG COUNTY,Library / ABC / Landmarks,5801 REA RD CHARLOTTE NC,CHARLOTTE,OTHER COUNTY PROPERTY,"Public land, ROW & utility",4.701,12958300,8,7,https://polaris3g.mecklenburgcountync.gov/?pid=22544137
01705107,MECKLENBURG COUNTY,County government,11201 OLD STATESVILLE RD HUNTERSVILLE NC,HUNTERSVILLE,SCHOOL - PUBLIC,Institutional,62.392,20732500,8,6,https://polaris3g.mecklenburgcountync.gov/?pid=01705107
07504230,MECKLENBURG COUNTY,County government,IRMA ST CHARLOTTE NC,CHARLOTTE,REC AREA,"Public land, ROW & utility",0.502,54400,8,0,https://polaris3g.mecklenburgcountync.gov/?pid=07504230
14517919,MECKLENBURG COUNTY,County government,3501 REID AV CHARLOTTE NC,CHARLOTTE,OTHER COUNTY PROPERTY,"Public land, ROW & utility",1.554,77400,8,5,https://polaris3g.mecklenburgcountync.gov/?pid=14517919
00712208,CHARLOTTE MECKLENBURG BOARD OF EDUCATION,CMS (Board of Education),BAILEY RD CORNELIUS NC,CORNELIUS,SINGLE FAMILY RESIDENTIAL - ACREAGE,Single-family homes,21.388,2692000,8,5,https://polaris3g.mecklenburgcountync.gov/?pid=00712208
00926299,MECKLENBURG COUNTY,County government,PRISTINE CT HUNTERSVILLE NC,HUNTERSVILLE,OTHER COUNTY PROPERTY,"Public land, ROW & utility",2.293,17100,8,6,https://polaris3g.mecklenburgcountync.gov/?pid=00926299
21906119,MECKLENBURG COUNTY,County government,12500 DUNSMORE FOREST LN CHARLOTTE NC,CHARLOTTE,GREENWAY TRAIL,"Public land, ROW & utility",7.297,232500,8,3,https://polaris3g.mecklenburgcountync.gov/?pid=21906119
05132498,MECKLENBURG COUNTY,County government,MELANIE THOMPSON DR CHARLOTTE NC,CHARLOTTE,OTHER COUNTY PROPERTY,"Public land, ROW & utility",1.689,1200,8,6,https://polaris3g.mecklenburgcountync.gov/?pid=05132498
06902728,MECKLENBURG COUNTY,County government,2519 ROSLYN AV CHARLOTTE NC,CHARLOTTE,SINGLE FAMILY RESIDENTIAL,Single-family homes,0.460,146300,8,5,https://polaris3g.mecklenburgcountync.gov/?pid=06902728
11303106,MECKLENBURG COUNTY,County government,4045 PERIMETER WEST DR UNINC NC,MECKLENBURG COUNTY-UNINCORPORATED,OTHER COUNTY PROPERTY,"Public land, ROW & utility",13.903,471500,8,8,https://polaris3g.mecklenburgcountync.gov/?pid=11303106
03707170,MECKLENBURG COUNTY,County government,SUNSET VILLAGE DR CHARLOTTE NC,CHARLOTTE,SINGLE FAMILY RESIDENTIAL - COMMON,HOA common area,0.111,0,8,6,https://polaris3g.mecklenburgcountync.gov/?pid=03707170
08910305,CHARLOTTE MECKLENBURG BOARD OF EDUCATION,CMS (Board of Education),BILMARK AV CHARLOTTE NC,CHARLOTTE,SINGLE FAMILY RESIDENTIAL,Single-family homes,2.079,295400,8,5,https://polaris3g.mecklenburgcountync.gov/?pid=08910305
01742110,MECKLENBURG COUNTY CHRONIC DISEASE,County government,11836 VERHOEFF DR HUNTERSVILLE NC,HUNTERSVILLE,OTHER COUNTY PROPERTY,"Public land, ROW & utility",37.327,7756100,8,7,https://polaris3g.mecklenburgcountync.gov/?pid=01742110
07504327,MECKLENBURG COUNTY,County government,2028 JENNINGS ST CHARLOTTE NC,CHARLOTTE,REC AREA,"Public land, ROW & utility",0.179,12200,8,2,https://polaris3g.mecklenburgcountync.gov/?pid=07504327
13715126,CHARLOTTE MECKLENBURG HOSPITAL AUTHORITY,Hospital Authority (Atrium),BLAIR RD MINT HILL NC,MINT HILL,HOSPITALS - PUBLIC,Institutional,3.130,209700,8,3,https://polaris3g.mecklenburgcountync.gov/?pid=13715126
17511137,MECKLENBURG COUNTY,County government,505 MONCURE DR CHARLOTTE NC,CHARLOTTE,OTHER COUNTY PROPERTY,"Public land, ROW & utility",0.600,140200,8,8,https://polaris3g.mecklenburgcountync.gov/?pid=17511137
07504217,MECKLENBURG COUNTY,County government,2028 HAINES ST CHARLOTTE NC,CHARLOTTE,REC AREA,"Public land, ROW & utility",0.181,28500,8,0,https://polaris3g.mecklenburgcountync.gov/?pid=07504217
14517935,MECKLENBURG COUNTY,County government,REID AV CHARLOTTE NC,CHARLOTTE,OTHER COUNTY PROPERTY,"Public land, ROW & utility",0.131,7700,8,6,https://polaris3g.mecklenburgcountync.gov/?pid=14517935
01114112,MECKLENBURG COUNTY,County government,RAMAH CHURCH RD HUNTERSVILLE NC,HUNTERSVILLE,SINGLE FAMILY RESIDENTIAL - ACREAGE,Single-family homes,41.951,1467600,8,6,https://polaris3g.mecklenburgcountync.gov/?pid=01114112
01316399,MECKLENBURG COUNTY,County government,PERTHSIRE CT HUNTERSVILLE NC,HUNTERSVILLE,100 YEAR FLOOD PLAIN - AC,"Vacant, floodplain & farm",1.118,7800,8,5,https://polaris3g.mecklenburgcountync.gov/?pid=01316399
02930138,MECKLENBURG COUNTY,County government,4467 RIDGE RD CHARLOTTE NC,CHARLOTTE,SINGLE FAMILY RESIDENTIAL - ACREAGE,Single-family homes,2.377,196100,8,5,https://polaris3g.mecklenburgcountync.gov/?pid=02930138
13515110,MECKLENBURG COUNTY,County government,9799 STONEY GLEN DR UNINC NC,MECKLENBURG COUNTY-UNINCORPORATED,100 YEAR FLOOD PLAIN - AC,"Vacant, floodplain & farm",2.803,81800,8,5,https://polaris3g.mecklenburgcountync.gov/?pid=13515110
18716209,CHARLOTTE-MECKLENBURG BOARD OF EDUCATION,CMS (Board of Education),6400 PRETT CT CHARLOTTE NC,CHARLOTTE,SCHOOL - PUBLIC,Institutional,14.641,20833400,8,8,https://polaris3g.mecklenburgcountync.gov/?pid=18716209
13511104,MECKLENBURG COUNTY,County government,5042 RIVERGREEN LN CHARLOTTE NC,CHARLOTTE,100 YEAR FLOOD PLAIN - AC,"Vacant, floodplain & farm",4.023,99800,8,7,https://polaris3g.mecklenburgcountync.gov/?pid=13511104
00519147,MECKLENBURG COUNTY,County government,NANNIE POTTS LN CORNELIUS NC,CORNELIUS,OTHER COUNTY PROPERTY,"Public land, ROW & utility",0.793,50600,8,7,https://polaris3g.mecklenburgcountync.gov/?pid=00519147
15303304,CHARLOTTE MECKLENBURG HOSPITAL AUTHORITY,Hospital Authority (Atrium),1029 S KINGS DR CHARLOTTE NC,CHARLOTTE,COMMERCIAL,Commercial & office,1.774,6754300,8,6,https://polaris3g.mecklenburgcountync.gov/?pid=15303304
20131101,MECKLENBURG COUNTY,County government,3120 WESTINGHOUSE BV CHARLOTTE NC,CHARLOTTE,OTHER COUNTY PROPERTY,"Public land, ROW & utility",6.382,105900,8,8,https://polaris3g.mecklenburgcountync.gov/?pid=20131101
13701522,MECKLENBURG COUNTY,County government,7217 KUCK RD MINT HILL NC,MINT HILL,SINGLE FAMILY RESIDENTIAL - ACREAGE,Single-family homes,8.581,318500,8,6,https://polaris3g.mecklenburgcountync.gov/?pid=13701522
04925222,MECKLENBURG COUNTY,County government,CAROLYN LN CHARLOTTE NC,CHARLOTTE,OTHER COUNTY PROPERTY,"Public land, ROW & utility",0.431,8100,8,6,https://polaris3g.mecklenburgcountync.gov/?pid=04925222
04925223,MECKLENBURG COUNTY,County government,CAROLYN LN CHARLOTTE NC,CHARLOTTE,OTHER COUNTY PROPERTY,"Public land, ROW & utility",0.836,11400,8,6,https://polaris3g.mecklenburgcountync.gov/?pid=04925223
09904125,MECKLENBURG COUNTY,County government,5042 THE PLAZA CHARLOTTE NC,CHARLOTTE,SINGLE FAMILY RESIDENTIAL,Single-family homes,3.503,474800,8,7,https://polaris3g.mecklenburgcountync.gov/?pid=09904125
03115218,MECKLENBURG COUNTY,County government,10615 BEAGLE CLUB RD CHARLOTTE NC,CHARLOTTE,SINGLE FAMILY RESIDENTIAL,Single-family homes,0.910,136200,8,3,https://polaris3g.mecklenburgcountync.gov/?pid=03115218
01127109,MECKLENBURG COUNTY,County government,DAVIDSON-CONCORD RD HUNTERSVILLE NC,HUNTERSVILLE,SINGLE FAMILY RESIDENTIAL - ACREAGE,Single-family homes,92.254,5473900,8,3,https://polaris3g.mecklenburgcountync.gov/?pid=01127109
01509107,MECKLENBURG COUNTY,County government,7698 GILEAD RD HUNTERSVILLE NC,HUNTERSVILLE,OTHER COUNTY PROPERTY,"Public land, ROW & utility",14.176,228600,8,5,https://polaris3g.mecklenburgcountync.gov/?pid=01509107
05310199,MECKLENBURG COUNTY,County government,5000 WHITEWATER CENTER PY UNINC NC,MECKLENBURG COUNTY-UNINCORPORATED,SINGLE FAMILY RESIDENTIAL - ACREAGE,Single-family homes,109.250,18813100,8,7,https://polaris3g.mecklenburgcountync.gov/?pid=05310199
11501517,MECKLENBURG COUNTY,County government,1612 DODGE AV CHARLOTTE NC,CHARLOTTE,REC AREA,"Public land, ROW & utility",0.210,50000,8,6,https://polaris3g.mecklenburgcountync.gov/?pid=11501517
02322301,MECKLENBURG COUNTY,County government,5800 NECK RD UNINC NC,MECKLENBURG COUNTY-UNINCORPORATED,SINGLE FAMILY RESIDENTIAL - ACREAGE,Single-family homes,22.350,1177900,8,7,https://polaris3g.mecklenburgcountync.gov/?pid=02322301
23112253,MECKLENBURG COUNTY,County government,5011 ARDREY KELL RD CHARLOTTE NC,CHARLOTTE,SINGLE FAMILY RESIDENTIAL - ACREAGE,Single-family homes,3.825,193000,8,8,https://polaris3g.mecklenburgcountync.gov/?pid=23112253
02726430,MECKLENBURG COUNTY,County government,9799 MALLARD CREEK RD CHARLOTTE NC,CHARLOTTE,OTHER COUNTY PROPERTY,"Public land, ROW & utility",20.906,303800,8,4,https://polaris3g.mecklenburgcountync.gov/?pid=02726430
02529101,MECKLENBURG COUNTY,County government,W W T HARRIS BV CHARLOTTE NC,CHARLOTTE,SINGLE FAMILY RESIDENTIAL - ACREAGE,Single-family homes,22.234,364800,8,5,https://polaris3g.mecklenburgcountync.gov/?pid=02529101
14327207,MECKLENBURG COUNTY,County government,YORKMONT RD CHARLOTTE NC,CHARLOTTE,100 YEAR FLOOD PLAIN - AC,"Vacant, floodplain & farm",7.734,182600,8,8,https://polaris3g.mecklenburgcountync.gov/?pid=14327207
12504302,MECKLENBURG COUNTY,County government,1001 S MCDOWELL ST CHARLOTTE NC,CHARLOTTE,OTHER COUNTY PROPERTY,"Public land, ROW & utility",1.881,10683300,8,4,https://polaris3g.mecklenburgcountync.gov/?pid=12504302
02302299,MECKLENBURG COUNTY,County government,HAYES RIDGE CT HUNTERSVILLE NC,HUNTERSVILLE,SINGLE FAMILY RESIDENTIAL - ACREAGE,Single-family homes,2.708,133600,8,5,https://polaris3g.mecklenburgcountync.gov/?pid=02302299
03914317,MECKLENBURG COUNTY,County government,1832 GRIERS GROVE RD CHARLOTTE NC,CHARLOTTE,MULTI FAMILY,Multi-family,6.045,1319100,8,8,https://polaris3g.mecklenburgcountync.gov/?pid=03914317
14516101,MECKLENBURG COUNTY,County government,1218 ABELINE RD CHARLOTTE NC,CHARLOTTE,FLUM/SWIM FLOODWAY (NO BUILD ZONE),"Vacant, floodplain & farm",0.681,102000,8,1,https://polaris3g.mecklenburgcountync.gov/?pid=14516101
09510273,MECKLENBURG COUNTY,County government,ARNOLD DR CHARLOTTE NC,CHARLOTTE,SINGLE FAMILY RESIDENTIAL,Single-family homes,0.192,160000,8,3,https://polaris3g.mecklenburgcountync.gov/?pid=09510273
15310608,MECKLENBURG COUNTY,County government,BRANDON RD CHARLOTTE NC,CHARLOTTE,OTHER COUNTY PROPERTY,"Public land, ROW & utility",1.138,237700,8,7,https://polaris3g.mecklenburgcountync.gov/?pid=15310608
12904153,MECKLENBURG COUNTY,County government,IVEY DR CHARLOTTE NC,CHARLOTTE,FLUM/SWIM FLOODWAY (NO BUILD ZONE),"Vacant, floodplain & farm",0.345,104100,8,6,https://polaris3g.mecklenburgcountync.gov/?pid=12904153
09313416,MECKLENBURG COUNTY,County government,3139 DUNLAVIN WY CHARLOTTE NC,CHARLOTTE,OTHER COUNTY PROPERTY,"Public land, ROW & utility",0.547,104500,8,5,https://polaris3g.mecklenburgcountync.gov/?pid=09313416
17332599,MECKLENBURG COUNTY,County government,SHARON RD CHARLOTTE NC,CHARLOTTE,GREENWAY TRAIL,"Public land, ROW & utility",18.216,905700,8,6,https://polaris3g.mecklenburgcountync.gov/?pid=17332599
23105359,MECKLENBURG COUNTY,County government,2040 GALTY LN CHARLOTTE NC,CHARLOTTE,GREENWAY TRAIL,"Public land, ROW & utility",0.747,12300,8,8,https://polaris3g.mecklenburgcountync.gov/?pid=23105359
10511106,MECKLENBURG COUNTY,County government,9763 PLAZA RD CHARLOTTE NC,CHARLOTTE,MULTI FAMILY,Multi-family,119.997,4606500,8,3,https://polaris3g.mecklenburgcountync.gov/?pid=10511106
09104202,MECKLENBURG COUNTY,County government,BEARWOOD AV CHARLOTTE NC,CHARLOTTE,REC AREA,"Public land, ROW & utility",0.471,313300,7,6,https://polaris3g.mecklenburgcountync.gov/?pid=09104202
12521345,MECKLENBURG COUNTY,County government,S KINGS DR CHARLOTTE NC,CHARLOTTE,OTHER COUNTY PROPERTY,"Public land, ROW & utility",0.443,820300,7,0,https://polaris3g.mecklenburgcountync.gov/?pid=12521345
04925224,MECKLENBURG COUNTY,County government,CAROLYN LN CHARLOTTE NC,CHARLOTTE,OTHER COUNTY PROPERTY,"Public land, ROW & utility",1.341,15100,7,5,https://polaris3g.mecklenburgcountync.gov/?pid=04925224
20112413,CHARLOTTE-MECKLENBURG BOARD OF EDUCATION,CMS (Board of Education),2541 SANDY PORTER RD CHARLOTTE NC,CHARLOTTE,SCHOOL - PUBLIC,Institutional,18.878,24542900,7,7,https://polaris3g.mecklenburgcountync.gov/?pid=20112413
09510274,MECKLENBURG COUNTY,County government,ARNOLD DR CHARLOTTE NC,CHARLOTTE,SINGLE FAMILY RESIDENTIAL,Single-family homes,0.161,160000,7,3,https://polaris3g.mecklenburgcountync.gov/?pid=09510274
00712101,CHARLOTTE MECKLENBURG BOARD OF EDUCATION,CMS (Board of Education),12420 BAILEY RD CORNELIUS NC,CORNELIUS,SCHOOL - PUBLIC,Institutional,33.018,34871800,7,3,https://polaris3g.mecklenburgcountync.gov/?pid=00712101
11102119,MECKLENBURG COUNTY,County government,ROBINSON CHURCH RD CHARLOTTE NC,CHARLOTTE,100 YEAR FLOOD PLAIN - AC,"Vacant, floodplain & farm",3.162,29400,7,4,https://polaris3g.mecklenburgcountync.gov/?pid=11102119
01908108,MECKLENBURG COUNTY,County government,208 DELLWOOD DR HUNTERSVILLE NC,HUNTERSVILLE,SINGLE FAMILY RESIDENTIAL - ACREAGE,Single-family homes,0.671,85100,7,3,https://polaris3g.mecklenburgcountync.gov/?pid=01908108
22721269,MECKLENBURG COUNTY,County government,WOODY CREEK RD MATTHEWS NC,MATTHEWS,GREENWAY TRAIL,"Public land, ROW & utility",1.044,9400,7,6,https://polaris3g.mecklenburgcountync.gov/?pid=22721269
04326123,MECKLENBURG COUNTY,County government,8831 OLD POTTERS RD CHARLOTTE NC,CHARLOTTE,SINGLE FAMILY RESIDENTIAL - ACREAGE,Single-family homes,6.774,52700,7,7,https://polaris3g.mecklenburgcountync.gov/?pid=04326123
22340399,MECKLENBURG COUNTY,County government,6735 BEVINGTON RIDGE RD CHARLOTTE NC,CHARLOTTE,OTHER COUNTY PROPERTY,"Public land, ROW & utility",3.339,176800,7,5,https://polaris3g.mecklenburgcountync.gov/?pid=22340399
07504302,MECKLENBURG COUNTY,County government,IRMA ST CHARLOTTE NC,CHARLOTTE,REC AREA,"Public land, ROW & utility",0.176,12200,7,0,https://polaris3g.mecklenburgcountync.gov/?pid=07504302
11121871,MECKLENBURG COUNTY,County government,FESTIVAL WY CHARLOTTE NC,CHARLOTTE,SINGLE FAMILY RESIDENTIAL - COMMON,HOA common area,1.574,0,7,5,https://polaris3g.mecklenburgcountync.gov/?pid=11121871
04539112,MECKLENBURG COUNTY,County government,4300 PERKINS RD CHARLOTTE NC,CHARLOTTE,SINGLE FAMILY RESIDENTIAL,Single-family homes,20.924,1143500,7,6,https://polaris3g.mecklenburgcountync.gov/?pid=04539112
00715232,CHARLOTTE MECKLENBURG BOARD OF EDUCATION,CMS (Board of Education),BAILEY RD CORNELIUS NC,CORNELIUS,SINGLE FAMILY RESIDENTIAL - ACREAGE,Single-family homes,1.737,323100,7,7,https://polaris3g.mecklenburgcountync.gov/?pid=00715232
22110499,MECKLENBURG COUNTY,County government,STONEACRE CT PINEVILLE NC,PINEVILLE,GREENWAY TRAIL,"Public land, ROW & utility",0.625,86100,7,4,https://polaris3g.mecklenburgcountync.gov/?pid=22110499
22306103,MECKLENBURG COUNTY,County government,16901 LANCASTER HY UNINC NC,MECKLENBURG COUNTY-UNINCORPORATED,OTHER COUNTY PROPERTY,"Public land, ROW & utility",222.812,16236800,7,3,https://polaris3g.mecklenburgcountync.gov/?pid=22306103
02510409,MECKLENBURG COUNTY,County government,9600 DOLLEY TODD DR CHARLOTTE NC,CHARLOTTE,MULTI FAMILY,Multi-family,3.310,44000,7,4,https://polaris3g.mecklenburgcountync.gov/?pid=02510409
00333102,MECKLENBURG COUNTY,County government,21407 SHEARER RD UNINC NC,MECKLENBURG COUNTY-UNINCORPORATED,OTHER COUNTY PROPERTY,"Public land, ROW & utility",71.202,3441500,7,4,https://polaris3g.mecklenburgcountync.gov/?pid=00333102
17509707,MECKLENBURG COUNTY,County government,2201 RUNNYMEDE LN CHARLOTTE NC,CHARLOTTE,GREENWAY TRAIL,"Public land, ROW & utility",1.974,295200,7,7,https://polaris3g.mecklenburgcountync.gov/?pid=17509707
21301239,MECKLENBURG COUNTY,County government,10510 MONROE RD MATTHEWS NC,MATTHEWS,MULTI FAMILY,Multi-family,7.207,2684800,7,7,https://polaris3g.mecklenburgcountync.gov/?pid=21301239
20704105,CHARLOTTE MECKLENBURG HISTORICAL LANDMARKS COMMISION,Library / ABC / Landmarks,2100 SHARON RD CHARLOTTE NC,CHARLOTTE,GREENWAY TRAIL,"Public land, ROW & utility",28.173,1412900,7,5,https://polaris3g.mecklenburgcountync.gov/?pid=20704105
09928132,MECKLENBURG COUNTY,County government,CRAIGWOOD DR CHARLOTTE NC,CHARLOTTE,SINGLE FAMILY RESIDENTIAL,Single-family homes,0.751,65000,7,6,https://polaris3g.mecklenburgcountync.gov/?pid=09928132
22904125,MECKLENBURG COUNTY,County government,COMMUNITY HOUSE RD CHARLOTTE NC,CHARLOTTE,REC AREA,"Public land, ROW & utility",13.465,2521900,7,4,https://polaris3g.mecklenburgcountync.gov/?pid=22904125
06902710,MECKLENBURG COUNTY,County government,2528 ROZZELLES FERRY RD CHARLOTTE NC,CHARLOTTE,SINGLE FAMILY RESIDENTIAL,Single-family homes,0.376,200000,7,4,https://polaris3g.mecklenburgcountync.gov/?pid=06902710
15111365,MECKLENBURG COUNTY,County government,1456 DEVON DR CHARLOTTE NC,CHARLOTTE,SINGLE FAMILY RESIDENTIAL,Single-family homes,0.824,840000,7,3,https://polaris3g.mecklenburgcountync.gov/?pid=15111365
01704205,MECKLENBURG COUNTY,County government,10808 MT HOLLY-HUNTERSVILLE RD HUNTERSVILLE NC,HUNTERSVILLE,INDUSTRIAL,Industrial & warehouse,24.795,2026400,7,6,https://polaris3g.mecklenburgcountync.gov/?pid=01704205
22101103,MECKLENBURG COUNTY,County government,12601 ROCK HILL-PINEVILLE RD PINEVILLE NC,PINEVILLE,INDUSTRIAL,Industrial & warehouse,52.698,803700,7,6,https://polaris3g.mecklenburgcountync.gov/?pid=22101103
08109514,MECKLENBURG COUNTY,County government,714 E 16TH ST CHARLOTTE NC,CHARLOTTE,REC AREA,"Public land, ROW & utility",0.173,315000,7,1,https://polaris3g.mecklenburgcountync.gov/?pid=08109514
02320102,MECKLENBURG COUNTY,County government,6345 SAMPLE RD HUNTERSVILLE NC,HUNTERSVILLE,SINGLE FAMILY RESIDENTIAL - ACREAGE,Single-family homes,114.375,7260000,7,2,https://polaris3g.mecklenburgcountync.gov/?pid=02320102
00514229,CHARLOTTE MECKLENBURG BOARD OF EDUCATION,CMS (Board of Education),WASHAM POTTS RD CORNELIUS NC,CORNELIUS,SCHOOL - PUBLIC,Institutional,3.314,1226400,7,4,https://polaris3g.mecklenburgcountync.gov/?pid=00514229
08706102,MECKLENBURG COUNTY,County government,4020 MERLANE DR CHARLOTTE NC,CHARLOTTE,REC AREA,"Public land, ROW & utility",6.788,373200,7,5,https://polaris3g.mecklenburgcountync.gov/?pid=08706102
22735237,MECKLENBURG COUNTY,County government,IVERLEIGH TL CHARLOTTE NC,CHARLOTTE,GREENWAY TRAIL,"Public land, ROW & utility",0.975,13100,7,6,https://polaris3g.mecklenburgcountync.gov/?pid=22735237
07504202,MECKLENBURG COUNTY,County government,2116 MADRID ST CHARLOTTE NC,CHARLOTTE,REC AREA,"Public land, ROW & utility",0.342,30000,7,1,https://polaris3g.mecklenburgcountync.gov/?pid=07504202
04123314,MECKLENBURG COUNTY,County government,6309 BANNER ELK DR CHARLOTTE NC,CHARLOTTE,HOTEL/MOTEL < 7 FLOORS,Commercial & office,1.427,3206700,7,7,https://polaris3g.mecklenburgcountync.gov/?pid=04123314
13522108,CHARLOTTE MECKLENBURG BOARD OF EDUCATION,CMS (Board of Education),7300 LEBANON RD MINT HILL NC,MINT HILL,SCHOOL - PUBLIC,Institutional,26.468,10577700,7,7,https://polaris3g.mecklenburgcountync.gov/?pid=13522108
11114345,MECKLENBURG COUNTY,County government,9515 GWYNNE CR CHARLOTTE NC,CHARLOTTE,SINGLE FAMILY RESIDENTIAL,Single-family homes,0.755,24000,7,6,https://polaris3g.mecklenburgcountync.gov/?pid=11114345
11504610,MECKLENBURG COUNTY,County government,3324 HOLABIRD LN CHARLOTTE NC,CHARLOTTE,MULTI FAMILY,Multi-family,7.867,1586400,7,3,https://polaris3g.mecklenburgcountync.gov/?pid=11504610
16302120,MECKLENBURG COUNTY,County government,LANTANA AV CHARLOTTE NC,CHARLOTTE,OTHER COUNTY PROPERTY,"Public land, ROW & utility",2.000,527900,7,5,https://polaris3g.mecklenburgcountync.gov/?pid=16302120
22904124,CHARLOTTE MECKLENBURG BOARD OF EDUCATION,CMS (Board of Education),9201 BRYANT FARMS RD CHARLOTTE NC,CHARLOTTE,SCHOOL - PUBLIC,Institutional,17.666,16899900,7,5,https://polaris3g.mecklenburgcountync.gov/?pid=22904124
14108307,MECKLENBURG COUNTY,County government,EAGLE LAKE DR UNINC NC,MECKLENBURG COUNTY-UNINCORPORATED,100 YEAR FLOOD PLAIN - AC,"Vacant, floodplain & farm",2.397,38100,7,3,https://polaris3g.mecklenburgcountync.gov/?pid=14108307
03301225,CHARLOTTE MECKLENBURG HOSPITAL AUTHORITY,Hospital Authority (Atrium),3552 MT HOLLY-HUNTERSVILLE RD CHARLOTTE NC,CHARLOTTE,COMMERCIAL,Commercial & office,24.239,15636800,7,7,https://polaris3g.mecklenburgcountync.gov/?pid=03301225
15302109,CHARLOTTE-MECKLENBURG HOSPITAL AUTHORITY,Hospital Authority (Atrium),S KINGS DR CHARLOTTE NC,CHARLOTTE,OFFICE,Commercial & office,5.504,10858300,7,5,https://polaris3g.mecklenburgcountync.gov/?pid=15302109
20708113,MECKLENBURG COUNTY,County government,10401 CADILLAC ST PINEVILLE NC,PINEVILLE,MINIATURE GOLF COURSES/DRIVING RANGE,Commercial & office,26.928,6857500,7,5,https://polaris3g.mecklenburgcountync.gov/?pid=20708113
22323104,MECKLENBURG COUNTY,County government,13071 ATKINS CIRCLE DR CHARLOTTE NC,CHARLOTTE,GREENWAY TRAIL,"Public land, ROW & utility",32.781,984200,7,4,https://polaris3g.mecklenburgcountync.gov/?pid=22323104
07504210,MECKLENBURG COUNTY,County government,HAINES ST CHARLOTTE NC,CHARLOTTE,REC AREA,"Public land, ROW & utility",0.344,33300,7,6,https://polaris3g.mecklenburgcountync.gov/?pid=07504210
02306234,MECKLENBURG COUNTY,County government,MT HOLLY-HUNTERSVILLE RD UNINC NC,MECKLENBURG COUNTY-UNINCORPORATED,SINGLE FAMILY RESIDENTIAL,Single-family homes,34.085,1774300,7,6,https://polaris3g.mecklenburgcountync.gov/?pid=02306234
22322297,CHARLOTTE MECKLENBURG BOARD OF EDUCATION,CMS (Board of Education),6815 ENDHAVEN LN CHARLOTTE NC,CHARLOTTE,SCHOOL - PUBLIC,Institutional,15.854,20125000,7,7,https://polaris3g.mecklenburgcountync.gov/?pid=22322297
08109604,MECKLENBURG COUNTY,County government,716 E 16TH ST CHARLOTTE NC,CHARLOTTE,GREENWAY TRAIL,"Public land, ROW & utility",1.531,167600,7,5,https://polaris3g.mecklenburgcountync.gov/?pid=08109604
07504339,MECKLENBURG COUNTY,County government,2029 JENNINGS ST CHARLOTTE NC,CHARLOTTE,REC AREA,"Public land, ROW & utility",0.175,12200,7,0,https://polaris3g.mecklenburgcountync.gov/?pid=07504339
11138698,MECKLENBURG COUNTY,County government,BODKIN CT CHARLOTTE NC,CHARLOTTE,100 YEAR FLOOD PLAIN - AC,"Vacant, floodplain & farm",1.931,5600,7,5,https://polaris3g.mecklenburgcountync.gov/?pid=11138698
02737251,MECKLENBURG COUNTY,County government,PROSPERITY CHURCH RD CHARLOTTE NC,CHARLOTTE,OTHER COUNTY PROPERTY,"Public land, ROW & utility",1.122,9300,7,5,https://polaris3g.mecklenburgcountync.gov/?pid=02737251
16312201,MECKLENBURG COUNTY,County government,1226 SHADY BLUFF DR CHARLOTTE NC,CHARLOTTE,FLUM/SWIM FLOODWAY (NO BUILD ZONE),"Vacant, floodplain & farm",0.846,285000,7,7,https://polaris3g.mecklenburgcountync.gov/?pid=16312201
00904105,MECKLENBURG COUNTY,County government,ERVIN COOK RD HUNTERSVILLE NC,HUNTERSVILLE,OTHER COUNTY PROPERTY,"Public land, ROW & utility",73.871,736400,7,2,https://polaris3g.mecklenburgcountync.gov/?pid=00904105
02763473,MECKLENBURG COUNTY,County government,HUCKS RD UNINC NC,MECKLENBURG COUNTY-UNINCORPORATED,OTHER COUNTY PROPERTY,"Public land, ROW & utility",0.702,3500,7,6,https://polaris3g.mecklenburgcountync.gov/?pid=02763473
17112119,MECKLENBURG COUNTY,County government,1316 SENECA PL CHARLOTTE NC,CHARLOTTE,SINGLE FAMILY RESIDENTIAL,Single-family homes,0.694,330000,7,7,https://polaris3g.mecklenburgcountync.gov/?pid=17112119
06107177,MECKLENBURG COUNTY,County government,PAISLEY PL CHARLOTTE NC,CHARLOTTE,REC AREA,"Public land, ROW & utility",3.043,196200,7,5,https://polaris3g.mecklenburgcountync.gov/?pid=06107177
13510199,MECKLENBURG COUNTY,County government,LAWYERS RD CHARLOTTE NC,CHARLOTTE,100 YEAR FLOOD PLAIN - AC,"Vacant, floodplain & farm",3.101,6700,7,6,https://polaris3g.mecklenburgcountync.gov/?pid=13510199
21506106,MECKLENBURG COUNTY,County government,1800 CPCC LN MATTHEWS NC,MATTHEWS,OTHER COUNTY PROPERTY,"Public land, ROW & utility",23.228,2881700,7,7,https://polaris3g.mecklenburgcountync.gov/?pid=21506106
10516123,MECKLENBURG COUNTY,County government,4907 ROCKY RIVER RD CHARLOTTE NC,CHARLOTTE,SINGLE FAMILY RESIDENTIAL - ACREAGE,Single-family homes,2.098,129400,7,6,https://polaris3g.mecklenburgcountync.gov/?pid=10516123
02121134,MECKLENBURG COUNTY,County government,AUTUMNCREST RD UNINC NC,MECKLENBURG COUNTY-UNINCORPORATED,SINGLE FAMILY RESIDENTIAL - ACREAGE,Single-family homes,1.560,85400,7,6,https://polaris3g.mecklenburgcountync.gov/?pid=02121134
07844305,CHARLOTTE MECKLENBURG BOARD OF EDUCATION,CMS (Board of Education),1415 HAMILTON ST CHARLOTTE NC,CHARLOTTE,SCHOOL - PUBLIC,Institutional,16.523,12824300,7,6,https://polaris3g.mecklenburgcountync.gov/?pid=07844305
21508142,MECKLENBURG COUNTY,County government,2425 SPORTS PY MATTHEWS NC,MATTHEWS,REC AREA,"Public land, ROW & utility",50.944,19085600,7,7,https://polaris3g.mecklenburgcountync.gov/?pid=21508142
16719142,MECKLENBURG COUNTY,County government,7805 FOREST POINT BV CHARLOTTE NC,CHARLOTTE,HOTEL/MOTEL < 7 FLOORS,Commercial & office,4.318,8386400,7,6,https://polaris3g.mecklenburgcountync.gov/?pid=16719142
14501302,MECKLENBURG COUNTY,County government,609 REMOUNT RD CHARLOTTE NC,CHARLOTTE,REC AREA,"Public land, ROW & utility",0.773,377200,7,1,https://polaris3g.mecklenburgcountync.gov/?pid=14501302
01309101,MECKLENBURG COUNTY,County government,BEATTIES FORD RD HUNTERSVILLE NC,HUNTERSVILLE,OTHER MUNICIPAL,"Public land, ROW & utility",41.554,1757100,7,5,https://polaris3g.mecklenburgcountync.gov/?pid=01309101
21309133,MECKLENBURG COUNTY,County government,SARDIS RD CHARLOTTE NC,CHARLOTTE,GREENWAY TRAIL,"Public land, ROW & utility",1.322,63100,7,0,https://polaris3g.mecklenburgcountync.gov/?pid=21309133
05141108,MECKLENBURG COUNTY,County government,PAVILION BV CHARLOTTE NC,CHARLOTTE,100 YEAR FLOOD PLAIN - AC,"Vacant, floodplain & farm",6.433,185100,7,5,https://polaris3g.mecklenburgcountync.gov/?pid=05141108
22110169,MECKLENBURG COUNTY,County government,10236 SAM MEEKS RD PINEVILLE NC,PINEVILLE,GREENWAY TRAIL,"Public land, ROW & utility",8.356,654900,7,5,https://polaris3g.mecklenburgcountync.gov/?pid=22110169
07113126,MECKLENBURG COUNTY,County government,2925 OCTOBER CT CHARLOTTE NC,CHARLOTTE,FLUM/SWIM FLOODWAY (NO BUILD ZONE),"Vacant, floodplain & farm",0.600,62500,7,7,https://polaris3g.mecklenburgcountync.gov/?pid=07113126
19949105,MECKLENBURG COUNTY,County government,14700 SHOPTON RD WEST UNINC NC,MECKLENBURG COUNTY-UNINCORPORATED,SINGLE FAMILY RESIDENTIAL - ACREAGE,Single-family homes,65.045,3403200,7,2,https://polaris3g.mecklenburgcountync.gov/?pid=19949105
16104338,CHARLOTTE MECKLENBURG BOARD OF EDUCATION,CMS (Board of Education),4511 MONROE RD CHARLOTTE NC,CHARLOTTE,SCHOOL - PUBLIC,Institutional,10.275,16691700,7,5,https://polaris3g.mecklenburgcountync.gov/?pid=16104338
11104399,MECKLENBURG COUNTY,County government,LITTLE HAMPTON PL CHARLOTTE NC,CHARLOTTE,100 YEAR FLOOD PLAIN - AC,"Vacant, floodplain & farm",5.235,9100,7,3,https://polaris3g.mecklenburgcountync.gov/?pid=11104399
18932134,MECKLENBURG COUNTY,County government,7345 THERMAL RD CHARLOTTE NC,CHARLOTTE,OTHER COUNTY PROPERTY,"Public land, ROW & utility",6.855,251200,7,3,https://polaris3g.mecklenburgcountync.gov/?pid=18932134
19308119,MECKLENBURG COUNTY,County government,8440 E INDEPENDENCE BV CHARLOTTE NC,CHARLOTTE,100 YEAR FLOOD PLAIN - AC,"Vacant, floodplain & farm",4.780,225900,7,7,https://polaris3g.mecklenburgcountync.gov/?pid=19308119
08912103,CHARLOTTE MECKLENBURG BOARD OF EDUCATION,CMS (Board of Education),BILMARK AV CHARLOTTE NC,CHARLOTTE,SCHOOL - PUBLIC,Institutional,7.649,1966100,7,3,https://polaris3g.mecklenburgcountync.gov/?pid=08912103
06912108,CHARLOTTE MECKLENBURG BOARD OF EDUCATION,CMS (Board of Education),2099 LASALLE ST CHARLOTTE NC,CHARLOTTE,SINGLE FAMILY RESIDENTIAL,Single-family homes,1.968,361300,7,7,https://polaris3g.mecklenburgcountync.gov/?pid=06912108
19948108,MECKLENBURG COUNTY,County government,15032 SHOPTON RD UNINC NC,MECKLENBURG COUNTY-UNINCORPORATED,SINGLE FAMILY RESIDENTIAL - ACREAGE,Single-family homes,110.208,5613000,7,3,https://polaris3g.mecklenburgcountync.gov/?pid=19948108
20118102,MECKLENBURG COUNTY,County government,JOHN PRICE RD CHARLOTTE NC,CHARLOTTE,INDUSTRIAL,Industrial & warehouse,10.087,1858500,7,6,https://polaris3g.mecklenburgcountync.gov/?pid=20118102
09908119,MECKLENBURG COUNTY,County government,LAKEDELL DR CHARLOTTE NC,CHARLOTTE,SINGLE FAMILY RESIDENTIAL,Single-family homes,0.289,57600,7,6,https://polaris3g.mecklenburgcountync.gov/?pid=09908119
19305120,MECKLENBURG COUNTY,County government,4420 MARGARET WALLACE RD MATTHEWS NC,MATTHEWS,SINGLE FAMILY RESIDENTIAL - ACREAGE,Single-family homes,11.708,1535800,7,6,https://polaris3g.mecklenburgcountync.gov/?pid=19305120
22729264,MECKLENBURG COUNTY,County government,KIPPERLY CT MATTHEWS NC,MATTHEWS,GREENWAY TRAIL,"Public land, ROW & utility",0.449,7300,7,7,https://polaris3g.mecklenburgcountync.gov/?pid=22729264
09103356,MECKLENBURG COUNTY,County government,DINGLEWOOD AV CHARLOTTE NC,CHARLOTTE,REC AREA,"Public land, ROW & utility",0.721,338600,7,3,https://polaris3g.mecklenburgcountync.gov/?pid=09103356
13309510,MECKLENBURG COUNTY,County government,6310 REDDMAN RD CHARLOTTE NC,CHARLOTTE,SINGLE FAMILY RESIDENTIAL - ACREAGE,Single-family homes,9.471,249900,7,6,https://polaris3g.mecklenburgcountync.gov/?pid=13309510
15515103,MECKLENBURG COUNTY,County government,MUSEUM DR CHARLOTTE NC,CHARLOTTE,GREENWAY TRAIL,"Public land, ROW & utility",19.370,23292700,7,7,https://polaris3g.mecklenburgcountync.gov/?pid=15515103
22120116,MECKLENBURG COUNTY,County government,PINEVILLE-MATTHEWS RD CHARLOTTE NC,CHARLOTTE,OTHER COUNTY PROPERTY,"Public land, ROW & utility",2.164,147000,7,3,https://polaris3g.mecklenburgcountync.gov/?pid=22120116
14517998,MECKLENBURG COUNTY,County government,3601 REID AV CHARLOTTE NC,CHARLOTTE,OTHER COUNTY PROPERTY,"Public land, ROW & utility",0.596,34800,7,5,https://polaris3g.mecklenburgcountync.gov/?pid=14517998
09103337,MECKLENBURG COUNTY,County government,HOWIE CR CHARLOTTE NC,CHARLOTTE,REC AREA,"Public land, ROW & utility",0.704,268000,7,1,https://polaris3g.mecklenburgcountync.gov/?pid=09103337
14517928,MECKLENBURG COUNTY,County government,3601 REID AV CHARLOTTE NC,CHARLOTTE,OTHER COUNTY PROPERTY,"Public land, ROW & utility",0.847,49500,7,5,https://polaris3g.mecklenburgcountync.gov/?pid=14517928
17517603,MECKLENBURG COUNTY,County government,312 ROCKLYN PL CHARLOTTE NC,CHARLOTTE,GREENWAY TRAIL,"Public land, ROW & utility",0.361,700000,7,4,https://polaris3g.mecklenburgcountync.gov/?pid=17517603
01702104,MECKLENBURG COUNTY,County government,9600 KERNS RD HUNTERSVILLE NC,HUNTERSVILLE,SINGLE FAMILY RESIDENTIAL - ACREAGE,Single-family homes,31.505,1290600,7,5,https://polaris3g.mecklenburgcountync.gov/?pid=01702104
02314101,MECKLENBURG COUNTY,County government,5226 SAMPLE RD UNINC NC,MECKLENBURG COUNTY-UNINCORPORATED,SINGLE FAMILY RESIDENTIAL - ACREAGE,Single-family homes,439.726,20599000,7,1,https://polaris3g.mecklenburgcountync.gov/?pid=02314101
07504330,MECKLENBURG COUNTY,County government,2012 JENNINGS ST CHARLOTTE NC,CHARLOTTE,REC AREA,"Public land, ROW & utility",0.172,22200,7,5,https://polaris3g.mecklenburgcountync.gov/?pid=07504330
14521202,MECKLENBURG COUNTY,County government,4011 WHITEHURST RD CHARLOTTE NC,CHARLOTTE,FLUM/SWIM FLOODWAY (NO BUILD ZONE),"Vacant, floodplain & farm",0.240,84700,7,3,https://polaris3g.mecklenburgcountync.gov/?pid=14521202
09312668,MECKLENBURG COUNTY,County government,BRIXTON CT CHARLOTTE NC,CHARLOTTE,SINGLE FAMILY RESIDENTIAL,Single-family homes,0.277,93500,7,2,https://polaris3g.mecklenburgcountync.gov/?pid=09312668
02717153,MECKLENBURG COUNTY,County government,BROWNE RD UNINC NC,MECKLENBURG COUNTY-UNINCORPORATED,100 YEAR FLOOD PLAIN - AC,"Vacant, floodplain & farm",1.545,10300,7,4,https://polaris3g.mecklenburgcountync.gov/?pid=02717153
14518606,MECKLENBURG COUNTY,County government,MORNING DR CHARLOTTE NC,CHARLOTTE,REC AREA,"Public land, ROW & utility",0.739,74900,7,6,https://polaris3g.mecklenburgcountync.gov/?pid=14518606
20515125,MECKLENBURG COUNTY,County government,E HEBRON ST CHARLOTTE NC,CHARLOTTE,OTHER COUNTY PROPERTY,"Public land, ROW & utility",6.997,239900,7,7,https://polaris3g.mecklenburgcountync.gov/?pid=20515125
20303142,MECKLENBURG COUNTY,County government,FOREST POINT BV CHARLOTTE NC,CHARLOTTE,OTHER MUNICIPAL,"Public land, ROW & utility",8.258,470800,7,4,https://polaris3g.mecklenburgcountync.gov/?pid=20303142
01908136,MECKLENBURG COUNTY,County government,14301 CENTRAL AV HUNTERSVILLE NC,HUNTERSVILLE,SINGLE FAMILY RESIDENTIAL,Single-family homes,0.762,49500,7,4,https://polaris3g.mecklenburgcountync.gov/?pid=01908136
07509311,MECKLENBURG COUNTY,County government,1043 ANDRILL TR CHARLOTTE NC,CHARLOTTE,FLUM/SWIM FLOODWAY (NO BUILD ZONE),"Vacant, floodplain & farm",0.296,24800,7,1,https://polaris3g.mecklenburgcountync.gov/?pid=07509311
21161201,MECKLENBURG COUNTY,County government,CAMILLA DR CHARLOTTE NC,CHARLOTTE,GREENWAY TRAIL,"Public land, ROW & utility",1.291,118000,7,5,https://polaris3g.mecklenburgcountync.gov/?pid=21161201
17515141,MECKLENBURG COUNTY,County government,E WOODLAWN RD CHARLOTTE NC,CHARLOTTE,OTHER COUNTY PROPERTY,"Public land, ROW & utility",0.438,77300,7,7,https://polaris3g.mecklenburgcountync.gov/?pid=17515141
05517104,MECKLENBURG COUNTY,County government,LITTLE ROCK RD CHARLOTTE NC,CHARLOTTE,SINGLE FAMILY RESIDENTIAL,Single-family homes,9.462,128700,7,2,https://polaris3g.mecklenburgcountync.gov/?pid=05517104
00305106,MECKLENBURG COUNTY,County government,21705 SHEARER RD UNINC NC,MECKLENBURG COUNTY-UNINCORPORATED,SINGLE FAMILY RESIDENTIAL - ACREAGE,Single-family homes,33.704,2068900,7,4,https://polaris3g.mecklenburgcountync.gov/?pid=00305106
03327109,MECKLENBURG COUNTY,County government,8601 BEATTIES FORD RD CHARLOTTE NC,CHARLOTTE,SINGLE FAMILY RESIDENTIAL - ACREAGE,Single-family homes,31.443,70300,7,4,https://polaris3g.mecklenburgcountync.gov/?pid=03327109
14501307,MECKLENBURG COUNTY,County government,2701 CHICAGO AV CHARLOTTE NC,CHARLOTTE,REC AREA,"Public land, ROW & utility",0.264,114600,7,5,https://polaris3g.mecklenburgcountync.gov/?pid=14501307
04708342,MECKLENBURG COUNTY,County government,MINERAL SPRINGS RD CHARLOTTE NC,CHARLOTTE,RURAL HOMESITE,Single-family homes,3.436,328200,7,6,https://polaris3g.mecklenburgcountync.gov/?pid=04708342
00744108,CHARLOTTE-MECKLENBURG HOSPITAL AUTHORITY,Hospital Authority (Atrium),16740 DAVIDSON-CONCORD RD DAVIDSON NC,DAVIDSON,HOSPITALS - PUBLIC,Institutional,20.797,26551700,7,6,https://polaris3g.mecklenburgcountync.gov/?pid=00744108
11904121,MECKLENBURG COUNTY,County government,1931 MERRIMAN AV CHARLOTTE NC,CHARLOTTE,SINGLE FAMILY RESIDENTIAL,Single-family homes,0.976,1575000,7,7,https://polaris3g.mecklenburgcountync.gov/?pid=11904121
18510302,MECKLENBURG COUNTY,County government,5129 LINCREST PL CHARLOTTE NC,CHARLOTTE,FLUM/SWIM FLOODWAY (NO BUILD ZONE),"Vacant, floodplain & farm",0.811,297000,7,4,https://polaris3g.mecklenburgcountync.gov/?pid=18510302
13731156,CHARLOTTE MECKLENBURG HOSPITAL AUTHORITY,Hospital Authority (Atrium),10501 TRUELIGHT CHURCH RD MINT HILL NC,MINT HILL,HOSPITALS - PUBLIC,Institutional,46.103,2386800,7,3,https://polaris3g.mecklenburgcountync.gov/?pid=13731156
03313221,MECKLENBURG COUNTY,County government,PRIMM RD UNINC NC,MECKLENBURG COUNTY-UNINCORPORATED,SINGLE FAMILY RESIDENTIAL - ACREAGE,Single-family homes,36.014,1668900,7,6,https://polaris3g.mecklenburgcountync.gov/?pid=03313221
03512105,MECKLENBURG COUNTY,County government,6933 OLD PLANK RD CHARLOTTE NC,CHARLOTTE,SINGLE FAMILY RESIDENTIAL - ACREAGE,Single-family homes,2.302,94900,7,6,https://polaris3g.mecklenburgcountync.gov/?pid=03512105
11504606,MECKLENBURG COUNTY,County government,1720 VILMA ST CHARLOTTE NC,CHARLOTTE,REC AREA,"Public land, ROW & utility",14.019,4886600,6,4,https://polaris3g.mecklenburgcountync.gov/?pid=11504606
18932132,MECKLENBURG COUNTY,County government,SARDIS RD CHARLOTTE NC,CHARLOTTE,OTHER COUNTY PROPERTY,"Public land, ROW & utility",6.846,310500,6,2,https://polaris3g.mecklenburgcountync.gov/?pid=18932132
04542225,MECKLENBURG COUNTY,County government,NEVIN GLEN DR CHARLOTTE NC,CHARLOTTE,GREENWAY TRAIL,"Public land, ROW & utility",2.234,32600,6,4,https://polaris3g.mecklenburgcountync.gov/?pid=04542225
09910271,MECKLENBURG COUNTY,County government,5517 CUTSHAW CT CHARLOTTE NC,CHARLOTTE,SINGLE FAMILY RESIDENTIAL,Single-family homes,0.321,360500,6,5,https://polaris3g.mecklenburgcountync.gov/?pid=09910271
02947201,COUNTY OF MECKLENBURG,County government,7242 HIGHLAND CREEK PY CHARLOTTE NC,CHARLOTTE,SCHOOL - PUBLIC,Institutional,30.109,32865700,6,5,https://polaris3g.mecklenburgcountync.gov/?pid=02947201
19307305,MECKLENBURG COUNTY,County government,KREFELD DR CHARLOTTE NC,CHARLOTTE,100 YEAR FLOOD PLAIN - AC,"Vacant, floodplain & farm",2.611,420300,6,2,https://polaris3g.mecklenburgcountync.gov/?pid=19307305
23105326,MECKLENBURG COUNTY,County government,3321 ALLENWOOD RD CHARLOTTE NC,CHARLOTTE,SINGLE FAMILY RESIDENTIAL - ACREAGE,Single-family homes,1.076,115400,6,4,https://polaris3g.mecklenburgcountync.gov/?pid=23105326
09312516,MECKLENBURG COUNTY,County government,3014 AIRLIE ST CHARLOTTE NC,CHARLOTTE,SINGLE FAMILY RESIDENTIAL,Single-family homes,0.530,161500,6,4,https://polaris3g.mecklenburgcountync.gov/?pid=09312516
10816624,MECKLENBURG COUNTY,County government,PLAZA RD CHARLOTTE NC,CHARLOTTE,SINGLE FAMILY RESIDENTIAL - ACREAGE,Single-family homes,2.258,123900,6,3,https://polaris3g.mecklenburgcountync.gov/?pid=10816624
12306216,MECKLENBURG COUNTY,County government,1715 S TRYON ST CHARLOTTE NC,CHARLOTTE,COMMERCIAL,Commercial & office,0.142,1136100,6,5,https://polaris3g.mecklenburgcountync.gov/?pid=12306216
03142196,MECKLENBURG COUNTY,County government,LAWING SCHOOL RD CHARLOTTE NC,CHARLOTTE,SINGLE FAMILY RESIDENTIAL - ACREAGE,Single-family homes,5.670,284800,6,4,https://polaris3g.mecklenburgcountync.gov/?pid=03142196
20511223,MECKLENBURG COUNTY,County government,E WESTINGHOUSE BV CHARLOTTE NC,CHARLOTTE,INDUSTRIAL,Industrial & warehouse,9.587,693900,6,4,https://polaris3g.mecklenburgcountync.gov/?pid=20511223
01919102,MECKLENBURG COUNTY,County government,15440 HOLBROOKS RD UNINC NC,MECKLENBURG COUNTY-UNINCORPORATED,OTHER COUNTY PROPERTY,"Public land, ROW & utility",37.986,1150000,6,2,https://polaris3g.mecklenburgcountync.gov/?pid=01919102
01922116,MECKLENBURG COUNTY,County government,HUNTERSVILLE-CONCORD RD HUNTERSVILLE NC,HUNTERSVILLE,OTHER MUNICIPAL,"Public land, ROW & utility",2.140,64700,6,2,https://polaris3g.mecklenburgcountync.gov/?pid=01922116
08110203,MECKLENBURG COUNTY,County government,613 E 18TH ST CHARLOTTE NC,CHARLOTTE,REC AREA,"Public land, ROW & utility",0.508,168000,6,3,https://polaris3g.mecklenburgcountync.gov/?pid=08110203
10511101,MECKLENBURG COUNTY,County government,2998 ROCKY RIVER RD CHARLOTTE NC,CHARLOTTE,MULTI FAMILY,Multi-family,35.558,1641100,6,0,https://polaris3g.mecklenburgcountync.gov/?pid=10511101
02716104,MECKLENBURG COUNTY,County government,5212 HUCKS RD CHARLOTTE NC,CHARLOTTE,SINGLE FAMILY RESIDENTIAL - ACREAGE,Single-family homes,2.807,528100,6,4,https://polaris3g.mecklenburgcountync.gov/?pid=02716104
08111422,CHARLOTTE MECKLENBURG BOARD OF EDUCATION,CMS (Board of Education),1417 E 10TH ST CHARLOTTE NC,CHARLOTTE,COMMERCIAL,Commercial & office,0.499,1366700,6,5,https://polaris3g.mecklenburgcountync.gov/?pid=08111422
02930502,MECKLENBURG COUNTY,County government,RIDGE RD CHARLOTTE NC,CHARLOTTE,SINGLE FAMILY RESIDENTIAL - ACREAGE,Single-family homes,1.129,88600,6,3,https://polaris3g.mecklenburgcountync.gov/?pid=02930502
01926198,CHARLOTTE MECKLENBURG BOARD OF EDUCATION,CMS (Board of Education),HUNTERSVILLE-CONCORD RD UNINC NC,MECKLENBURG COUNTY-UNINCORPORATED,SINGLE FAMILY RESIDENTIAL - ACREAGE,Single-family homes,2.036,168800,6,5,https://polaris3g.mecklenburgcountync.gov/?pid=01926198
11507503,MECKLENBURG COUNTY,County government,4435 GOLF ACRES DR CHARLOTTE NC,CHARLOTTE,OTHER COUNTY PROPERTY,"Public land, ROW & utility",8.132,1120900,6,3,https://polaris3g.mecklenburgcountync.gov/?pid=11507503
14521205,MECKLENBURG COUNTY,County government,4029 WHITEHURST RD CHARLOTTE NC,CHARLOTTE,SINGLE FAMILY RESIDENTIAL,Single-family homes,0.241,84000,6,2,https://polaris3g.mecklenburgcountync.gov/?pid=14521205
03115227,MECKLENBURG COUNTY,County government,11656 CARRINGTON HILL DR CHARLOTTE NC,CHARLOTTE,SINGLE FAMILY RESIDENTIAL - ACREAGE,Single-family homes,7.782,189100,6,2,https://polaris3g.mecklenburgcountync.gov/?pid=03115227
10821101,MECKLENBURG COUNTY,County government,ROBINSON CHURCH RD CHARLOTTE NC,CHARLOTTE,OTHER COUNTY PROPERTY,"Public land, ROW & utility",26.527,877500,6,5,https://polaris3g.mecklenburgcountync.gov/?pid=10821101
00514220,CHARLOTTE MECKLENBURG BOARD OF EDUCATION,CMS (Board of Education),9605 WESTMORELAND RD CORNELIUS NC,CORNELIUS,SCHOOL - PUBLIC,Institutional,3.952,1436700,6,3,https://polaris3g.mecklenburgcountync.gov/?pid=00514220
03522107,MECKLENBURG COUNTY,County government,6800 OLD PLANK RD CHARLOTTE NC,CHARLOTTE,SINGLE FAMILY RESIDENTIAL - ACREAGE,Single-family homes,0.836,157500,6,1,https://polaris3g.mecklenburgcountync.gov/?pid=03522107
07107803,MECKLENBURG COUNTY,County government,617 STATE ST CHARLOTTE NC,CHARLOTTE,REC AREA,"Public land, ROW & utility",9.769,813800,6,3,https://polaris3g.mecklenburgcountync.gov/?pid=07107803
06103644,MECKLENBURG COUNTY,County government,3935 HAGER DR CHARLOTTE NC,CHARLOTTE,MULTI FAMILY,Multi-family,0.898,141100,6,5,https://polaris3g.mecklenburgcountync.gov/?pid=06103644
08302306,MECKLENBURG COUNTY,County government,N COLLEGE ST CHARLOTTE NC,CHARLOTTE,OTHER COUNTY PROPERTY,"Public land, ROW & utility",3.743,1239500,6,6,https://polaris3g.mecklenburgcountync.gov/?pid=08302306
19915106,MECKLENBURG COUNTY,County government,11628 WINGET RD CHARLOTTE NC,CHARLOTTE,SINGLE FAMILY RESIDENTIAL - ACREAGE,Single-family homes,11.337,802600,6,3,https://polaris3g.mecklenburgcountync.gov/?pid=19915106
02509141,MECKLENBURG COUNTY,County government,NORTHLAKE MALL DR CHARLOTTE NC,CHARLOTTE,100 YEAR FLOOD PLAIN - AC,"Vacant, floodplain & farm",6.028,302100,6,6,https://polaris3g.mecklenburgcountync.gov/?pid=02509141
12306223,MECKLENBURG COUNTY,County government,212 WEST BV CHARLOTTE NC,CHARLOTTE,COMMERCIAL,Commercial & office,0.107,713100,6,5,https://polaris3g.mecklenburgcountync.gov/?pid=12306223
05902113,MECKLENBURG COUNTY,County government,547 THRIFTWOOD DR CHARLOTTE NC,CHARLOTTE,SINGLE FAMILY RESIDENTIAL - ACREAGE,Single-family homes,3.202,182600,6,6,https://polaris3g.mecklenburgcountync.gov/?pid=05902113
21912201,CHARLOTTE MECKLENBURG HOSPITAL AUTHORITY,Hospital Authority (Atrium),13640 STEELECROFT PY CHARLOTTE NC,CHARLOTTE,OTHER COUNTY PROPERTY,"Public land, ROW & utility",14.749,26952400,6,5,https://polaris3g.mecklenburgcountync.gov/?pid=21912201
02930125,MECKLENBURG COUNTY,County government,4479 RIDGE RD CHARLOTTE NC,MECKLENBURG COUNTY-UNINCORPORATED,SINGLE FAMILY RESIDENTIAL - ACREAGE,Single-family homes,2.946,216900,6,3,https://polaris3g.mecklenburgcountync.gov/?pid=02930125
16924101,MECKLENBURG COUNTY,County government,NATIONS FORD RD CHARLOTTE NC,CHARLOTTE,MULTI FAMILY,Multi-family,14.037,1638100,6,6,https://polaris3g.mecklenburgcountync.gov/?pid=16924101
01921379,MECKLENBURG COUNTY,County government,FERRELLTOWN PY HUNTERSVILLE NC,HUNTERSVILLE,RIGHT OF WAY,"Public land, ROW & utility",2.951,0,6,3,https://polaris3g.mecklenburgcountync.gov/?pid=01921379
01523119,MECKLENBURG COUNTY,County government,KERNS RD HUNTERSVILLE NC,HUNTERSVILLE,SINGLE FAMILY RESIDENTIAL - ACREAGE,Single-family homes,13.600,876300,6,5,https://polaris3g.mecklenburgcountync.gov/?pid=01523119
20123699,MECKLENBURG COUNTY,County government,13625 STEELE CREEK RD CHARLOTTE NC,CHARLOTTE,OTHER COUNTY PROPERTY,"Public land, ROW & utility",1.994,208700,6,4,https://polaris3g.mecklenburgcountync.gov/?pid=20123699
22109761,MECKLENBURG COUNTY,County government,GRACE VIEW DR PINEVILLE NC,PINEVILLE,GREENWAY TRAIL,"Public land, ROW & utility",6.856,31300,6,4,https://polaris3g.mecklenburgcountync.gov/?pid=22109761
16705132,MECKLENBURG COUNTY,County government,6417 VICKERS RD CHARLOTTE NC,CHARLOTTE,OTHER COUNTY PROPERTY,"Public land, ROW & utility",2.785,279900,6,6,https://polaris3g.mecklenburgcountync.gov/?pid=16705132
07512401,MECKLENBURG COUNTY,County government,DOUBLE OAKS RD CHARLOTTE NC,CHARLOTTE,MULTI FAMILY,Multi-family,2.130,252900,6,5,https://polaris3g.mecklenburgcountync.gov/?pid=07512401
09908102,MECKLENBURG COUNTY,County government,5123 KILDARE DR CHARLOTTE NC,CHARLOTTE,SINGLE FAMILY RESIDENTIAL,Single-family homes,0.435,121600,6,2,https://polaris3g.mecklenburgcountync.gov/?pid=09908102
14521206,MECKLENBURG COUNTY,County government,4035 WHITEHURST RD CHARLOTTE NC,CHARLOTTE,FLUM/SWIM FLOODWAY (NO BUILD ZONE),"Vacant, floodplain & farm",0.253,84000,6,1,https://polaris3g.mecklenburgcountync.gov/?pid=14521206
03305125,MECKLENBURG COUNTY,County government,HUTCHINSON LN UNINC NC,MECKLENBURG COUNTY-UNINCORPORATED,SINGLE FAMILY RESIDENTIAL - ACREAGE,Single-family homes,21.374,941100,6,5,https://polaris3g.mecklenburgcountync.gov/?pid=03305125
14130105,MECKLENBURG COUNTY,County government,PINE OAKS DR UNINC NC,MECKLENBURG COUNTY-UNINCORPORATED,100 YEAR FLOOD PLAIN - AC,"Vacant, floodplain & farm",9.876,84700,6,2,https://polaris3g.mecklenburgcountync.gov/?pid=14130105
21309114,MECKLENBURG COUNTY,County government,500 OLD BELL RD CHARLOTTE NC,CHARLOTTE,GREENWAY TRAIL,"Public land, ROW & utility",2.019,70800,6,3,https://polaris3g.mecklenburgcountync.gov/?pid=21309114
00514227,CHARLOTTE MECKLENBURG BOARD OF EDUCATION,CMS (Board of Education),WESTMORELAND RD CORNELIUS NC,CORNELIUS,SCHOOL - PUBLIC,Institutional,1.970,733800,6,2,https://polaris3g.mecklenburgcountync.gov/?pid=00514227
08912110,CHARLOTTE MECKLENBURG BOARD OF EDUCATION,CMS (Board of Education),BILMARK AV CHARLOTTE NC,CHARLOTTE,SCHOOL - PUBLIC,Institutional,1.230,323300,6,0,https://polaris3g.mecklenburgcountync.gov/?pid=08912110
13324138,MECKLENBURG COUNTY,County government,E W T HARRIS BV CHARLOTTE NC,CHARLOTTE,MULTI FAMILY,Multi-family,6.450,1419700,6,2,https://polaris3g.mecklenburgcountync.gov/?pid=13324138
07707608,MECKLENBURG COUNTY,County government,931 RODEY AV CHARLOTTE NC,CHARLOTTE,REC AREA,"Public land, ROW & utility",0.349,93500,6,0,https://polaris3g.mecklenburgcountync.gov/?pid=07707608
02322111,MECKLENBURG COUNTY,County government,NECK RD UNINC NC,MECKLENBURG COUNTY-UNINCORPORATED,SINGLE FAMILY RESIDENTIAL - WATERFRONT,Single-family homes,26.066,4686100,6,2,https://polaris3g.mecklenburgcountync.gov/?pid=02322111
19342386,MECKLENBURG COUNTY,County government,CLIFTON MEADOW DR CHARLOTTE NC,CHARLOTTE,100 YEAR FLOOD PLAIN - AC,"Vacant, floodplain & farm",2.298,76100,6,5,https://polaris3g.mecklenburgcountync.gov/?pid=19342386
01939226,MECKLENBURG COUNTY,County government,OLD VERMILLION DR HUNTERSVILLE NC,HUNTERSVILLE,OTHER COUNTY PROPERTY,"Public land, ROW & utility",3.275,16600,6,4,https://polaris3g.mecklenburgcountync.gov/?pid=01939226
02739198,MECKLENBURG COUNTY,County government,5707 STREAM RIDGE DR CHARLOTTE NC,CHARLOTTE,OTHER COUNTY PROPERTY,"Public land, ROW & utility",0.497,3100,6,4,https://polaris3g.mecklenburgcountync.gov/?pid=02739198
20135191,MECKLENBURG COUNTY,County government,11630 S TRYON ST CHARLOTTE NC,CHARLOTTE,TOWN HOUSE COMMON AREA,HOA common area,2.188,0,6,5,https://polaris3g.mecklenburgcountync.gov/?pid=20135191
21335106,MECKLENBURG COUNTY,County government,PROVIDENCE RD CHARLOTTE NC,CHARLOTTE,GREENWAY TRAIL,"Public land, ROW & utility",4.081,194200,6,4,https://polaris3g.mecklenburgcountync.gov/?pid=21335106
05114117,MECKLENBURG COUNTY,County government,UNIVERSITY CITY BV UNINC NC,MECKLENBURG COUNTY-UNINCORPORATED,REC AREA,"Public land, ROW & utility",28.862,1888100,6,4,https://polaris3g.mecklenburgcountync.gov/?pid=05114117
10816625,MECKLENBURG COUNTY,County government,8432 PLAZA RD CHARLOTTE NC,CHARLOTTE,SINGLE FAMILY RESIDENTIAL - ACREAGE,Single-family homes,4.218,192000,6,4,https://polaris3g.mecklenburgcountync.gov/?pid=10816625
22151101,MECKLENBURG COUNTY,County government,12297 LANCASTER HY PINEVILLE NC,PINEVILLE,COMMERCIAL,Commercial & office,8.670,3693900,6,6,https://polaris3g.mecklenburgcountync.gov/?pid=22151101
05112231,MECKLENBURG COUNTY,County government,BACK CREEK CHURCH RD CHARLOTTE NC,CHARLOTTE,100 YEAR FLOOD PLAIN - AC,"Vacant, floodplain & farm",33.353,167100,6,6,https://polaris3g.mecklenburgcountync.gov/?pid=05112231
02763472,MECKLENBURG COUNTY,County government,HUCKS RD UNINC NC,MECKLENBURG COUNTY-UNINCORPORATED,OTHER COUNTY PROPERTY,"Public land, ROW & utility",1.267,40200,6,5,https://polaris3g.mecklenburgcountync.gov/?pid=02763472
20710218,CHARLOTTE-MECKLENBURG HOSPITAL AUTHORITY,Hospital Authority (Atrium),PARK RD PINEVILLE NC,PINEVILLE,OFFICE,Commercial & office,1.443,1700100,6,3,https://polaris3g.mecklenburgcountync.gov/?pid=20710218
09510270,MECKLENBURG COUNTY,County government,1814 MASONIC DR CHARLOTTE NC,CHARLOTTE,GREENWAY TRAIL,"Public land, ROW & utility",0.823,202500,6,2,https://polaris3g.mecklenburgcountync.gov/?pid=09510270
22904111,MECKLENBURG COUNTY,County government,9800 COMMUNITY HOUSE RD CHARLOTTE NC,CHARLOTTE,REC AREA,"Public land, ROW & utility",10.228,679200,6,2,https://polaris3g.mecklenburgcountync.gov/?pid=22904111
03325114,MECKLENBURG COUNTY,County government,4600 OAKDALE RD UNINC NC,MECKLENBURG COUNTY-UNINCORPORATED,SINGLE FAMILY RESIDENTIAL - ACREAGE,Single-family homes,10.417,309700,6,2,https://polaris3g.mecklenburgcountync.gov/?pid=03325114
19915108,MECKLENBURG COUNTY,County government,10020 HATFIELD RD UNINC NC,CHARLOTTE,SINGLE FAMILY RESIDENTIAL - ACREAGE,Single-family homes,18.587,976600,6,3,https://polaris3g.mecklenburgcountync.gov/?pid=19915108
19904125,MECKLENBURG COUNTY,County government,14420 SHOPTON RD UNINC NC,MECKLENBURG COUNTY-UNINCORPORATED,SINGLE FAMILY RESIDENTIAL - ACREAGE,Single-family homes,6.932,383700,6,4,https://polaris3g.mecklenburgcountync.gov/?pid=19904125
15111398,MECKLENBURG COUNTY,County government,WILLOW OAK RD CHARLOTTE NC,CHARLOTTE,SINGLE FAMILY RESIDENTIAL,Single-family homes,0.487,630000,6,1,https://polaris3g.mecklenburgcountync.gov/?pid=15111398
11504602,MECKLENBURG COUNTY,County government,3033 HOLABIRD LN CHARLOTTE NC,CHARLOTTE,MULTI FAMILY,Multi-family,8.075,1704500,6,3,https://polaris3g.mecklenburgcountync.gov/?pid=11504602
04926104,MECKLENBURG COUNTY,County government,KNOLLWOOD CR CHARLOTTE NC,CHARLOTTE,OTHER COUNTY PROPERTY,"Public land, ROW & utility",5.438,185800,6,4,https://polaris3g.mecklenburgcountync.gov/?pid=04926104
15303309,CHARLOTTE MECKLENBURG HOSPITAL AUTHORITY,Hospital Authority (Atrium),EDGEHILL RD CHARLOTTE NC,CHARLOTTE,OFFICE,Commercial & office,1.697,6793900,6,2,https://polaris3g.mecklenburgcountync.gov/?pid=15303309
11334104,MECKLENBURG COUNTY,County government,WILKINSON BV UNINC NC,MECKLENBURG COUNTY-UNINCORPORATED,REC AREA,"Public land, ROW & utility",40.178,1963200,6,1,https://polaris3g.mecklenburgcountync.gov/?pid=11334104
04726198,MECKLENBURG COUNTY,County government,N TRYON ST CHARLOTTE NC,CHARLOTTE,SINGLE FAMILY RESIDENTIAL - COMMON,HOA common area,1.063,0,6,3,https://polaris3g.mecklenburgcountync.gov/?pid=04726198
02306232,MECKLENBURG COUNTY,County government,MIDAS SPRINGS RD UNINC NC,MECKLENBURG COUNTY-UNINCORPORATED,SINGLE FAMILY RESIDENTIAL - ACREAGE,Single-family homes,9.679,394900,6,4,https://polaris3g.mecklenburgcountync.gov/?pid=02306232
09103357,MECKLENBURG COUNTY,County government,DINGLEWOOD AV CHARLOTTE NC,CHARLOTTE,REC AREA,"Public land, ROW & utility",0.296,138500,6,3,https://polaris3g.mecklenburgcountync.gov/?pid=09103357
02516106,MECKLENBURG COUNTY,County government,8508 BEATTIES FORD RD CHARLOTTE NC,CHARLOTTE,OTHER COUNTY PROPERTY,"Public land, ROW & utility",11.994,672000,6,4,https://polaris3g.mecklenburgcountync.gov/?pid=02516106
07504320,MECKLENBURG COUNTY,County government,KENNESAW DR CHARLOTTE NC,CHARLOTTE,REC AREA,"Public land, ROW & utility",0.089,14400,6,1,https://polaris3g.mecklenburgcountync.gov/?pid=07504320
09312523,MECKLENBURG COUNTY,County government,2901 DUNLAVIN WY CHARLOTTE NC,CHARLOTTE,OTHER COUNTY PROPERTY,"Public land, ROW & utility",0.778,110000,6,2,https://polaris3g.mecklenburgcountync.gov/?pid=09312523
05522281,MECKLENBURG COUNTY,County government,PAW VALLEY LN CHARLOTTE NC,CHARLOTTE,SINGLE FAMILY RESIDENTIAL - COMMON,HOA common area,0.720,0,6,6,https://polaris3g.mecklenburgcountync.gov/?pid=05522281
15510236,CHARLOTTE MECKLENBURG BOARD OF EDUCATION,CMS (Board of Education),500 CHEROKEE RD CHARLOTTE NC,CHARLOTTE,SCHOOL - PUBLIC,Institutional,3.579,12274700,6,6,https://polaris3g.mecklenburgcountync.gov/?pid=15510236
15111217,MECKLENBURG COUNTY,County government,2832 WESTFIELD RD CHARLOTTE NC,CHARLOTTE,FLUM/SWIM FLOODWAY (NO BUILD ZONE),"Vacant, floodplain & farm",0.351,525000,6,5,https://polaris3g.mecklenburgcountync.gov/?pid=15111217
20506131,MECKLENBURG COUNTY,County government,9330 RODNEY ST CHARLOTTE NC,CHARLOTTE,OTHER COUNTY PROPERTY,"Public land, ROW & utility",13.184,980100,6,4,https://polaris3g.mecklenburgcountync.gov/?pid=20506131
05137202,MECKLENBURG COUNTY,County government,FAIRES FARM RD CHARLOTTE NC,CHARLOTTE,OTHER COUNTY PROPERTY,"Public land, ROW & utility",2.530,7600,6,3,https://polaris3g.mecklenburgcountync.gov/?pid=05137202
20123121,MECKLENBURG COUNTY,County government,12702 S TRYON ST CHARLOTTE NC,CHARLOTTE,OTHER COUNTY PROPERTY,"Public land, ROW & utility",7.564,358900,6,4,https://polaris3g.mecklenburgcountync.gov/?pid=20123121
03142195,MECKLENBURG COUNTY,County government,LAWING SCHOOL RD CHARLOTTE NC,CHARLOTTE,SINGLE FAMILY RESIDENTIAL,Single-family homes,5.116,35300,6,5,https://polaris3g.mecklenburgcountync.gov/?pid=03142195
07504222,MECKLENBURG COUNTY,County government,2012 HAINES ST CHARLOTTE NC,CHARLOTTE,REC AREA,"Public land, ROW & utility",0.173,12200,6,3,https://polaris3g.mecklenburgcountync.gov/?pid=07504222
02910102,CHARLOTTE MECKLENBURG BOARD OF EDUCATION,CMS (Board of Education),13932 MALLARD CREEK RD UNINC NC,MECKLENBURG COUNTY-UNINCORPORATED,COMMERCIAL,Commercial & office,6.167,2043200,6,5,https://polaris3g.mecklenburgcountync.gov/?pid=02910102
14521201,MECKLENBURG COUNTY,County government,4001 WHITEHURST RD CHARLOTTE NC,CHARLOTTE,SINGLE FAMILY RESIDENTIAL,Single-family homes,0.347,84000,6,1,https://polaris3g.mecklenburgcountync.gov/?pid=14521201
06907323,MECKLENBURG COUNTY,County government,3350 RENO AV CHARLOTTE NC,CHARLOTTE,OTHER COUNTY PROPERTY,"Public land, ROW & utility",4.844,4175300,6,4,https://polaris3g.mecklenburgcountync.gov/?pid=06907323
01543103,MECKLENBURG COUNTY,County government,8147 MCILWAINE RD HUNTERSVILLE NC,HUNTERSVILLE,OTHER COUNTY PROPERTY,"Public land, ROW & utility",18.974,60400,6,2,https://polaris3g.mecklenburgcountync.gov/?pid=01543103
00336115,MECKLENBURG COUNTY,County government,14919 E ROCKY RIVER RD UNINC NC,MECKLENBURG COUNTY-UNINCORPORATED,SINGLE FAMILY RESIDENTIAL,Single-family homes,2.208,184300,6,5,https://polaris3g.mecklenburgcountync.gov/?pid=00336115
01738106,MECKLENBURG COUNTY,County government,9210 KERNS RD HUNTERSVILLE NC,HUNTERSVILLE,USE VALUE HOMESITE,Single-family homes,72.769,3482300,6,4,https://polaris3g.mecklenburgcountync.gov/?pid=01738106
14303107,MECKLENBURG COUNTY,County government,BILLY GRAHAM PY CHARLOTTE NC,CHARLOTTE,100 YEAR FLOOD PLAIN - AC,"Vacant, floodplain & farm",9.179,138700,6,5,https://polaris3g.mecklenburgcountync.gov/?pid=14303107
19351106,MECKLENBURG COUNTY,County government,2337 HARGETT RD MATTHEWS NC,MATTHEWS,SINGLE FAMILY RESIDENTIAL - ACREAGE,Single-family homes,18.352,513500,6,5,https://polaris3g.mecklenburgcountync.gov/?pid=19351106
00336116,MECKLENBURG COUNTY,County government,14345 E ROCKY RIVER RD UNINC NC,MECKLENBURG COUNTY-UNINCORPORATED,OTHER COUNTY PROPERTY,"Public land, ROW & utility",7.243,155400,6,6,https://polaris3g.mecklenburgcountync.gov/?pid=00336116
09908106,MECKLENBURG COUNTY,County government,5117 DOLPHIN LN CHARLOTTE NC,CHARLOTTE,SINGLE FAMILY RESIDENTIAL,Single-family homes,0.496,121600,6,3,https://polaris3g.mecklenburgcountync.gov/?pid=09908106
04301141,MECKLENBURG COUNTY,County government,6311 ROCKWELL CHURCH RD CHARLOTTE NC,CHARLOTTE,REC AREA,"Public land, ROW & utility",2.691,533800,6,3,https://polaris3g.mecklenburgcountync.gov/?pid=04301141
08110105,MECKLENBURG COUNTY,County government,613 E 19TH ST CHARLOTTE NC,CHARLOTTE,GREENWAY TRAIL,"Public land, ROW & utility",0.642,195000,6,6,https://polaris3g.mecklenburgcountync.gov/?pid=08110105
04310407,MECKLENBURG COUNTY,County government,4530 W SUGAR CREEK RD CHARLOTTE NC,CHARLOTTE,SINGLE FAMILY RESIDENTIAL,Single-family homes,1.312,225200,6,4,https://polaris3g.mecklenburgcountync.gov/?pid=04310407
09906113,MECKLENBURG COUNTY,County government,PURSER DR CHARLOTTE NC,CHARLOTTE,SINGLE FAMILY RESIDENTIAL,Single-family homes,0.143,52000,6,3,https://polaris3g.mecklenburgcountync.gov/?pid=09906113
04536202,MECKLENBURG COUNTY,County government,4601 NEVIN RD CHARLOTTE NC,CHARLOTTE,SINGLE FAMILY RESIDENTIAL - ACREAGE,Single-family homes,15.655,899200,6,3,https://polaris3g.mecklenburgcountync.gov/?pid=04536202
08109503,MECKLENBURG COUNTY,County government,1218 N ALEXANDER ST CHARLOTTE NC,CHARLOTTE,REC AREA,"Public land, ROW & utility",0.164,175000,6,0,https://polaris3g.mecklenburgcountync.gov/?pid=08109503
05312217,MECKLENBURG COUNTY,County government,CHARLIE HIPP RD UNINC NC,MECKLENBURG COUNTY-UNINCORPORATED,SINGLE FAMILY RESIDENTIAL - ACREAGE,Single-family homes,1.993,170300,6,6,https://polaris3g.mecklenburgcountync.gov/?pid=05312217
01927592,MECKLENBURG COUNTY,County government,VANGUARD PY HUNTERSVILLE NC,HUNTERSVILLE,OTHER COUNTY PROPERTY,"Public land, ROW & utility",0.831,16100,6,4,https://polaris3g.mecklenburgcountync.gov/?pid=01927592
10101119,MECKLENBURG COUNTY,County government,3218 SHAMROCK DR CHARLOTTE NC,CHARLOTTE,REC AREA,"Public land, ROW & utility",9.795,1641200,6,6,https://polaris3g.mecklenburgcountync.gov/?pid=10101119
20147201,MECKLENBURG COUNTY,County government,BROWN-GRIER RD CHARLOTTE NC,CHARLOTTE,SINGLE FAMILY RESIDENTIAL,Single-family homes,12.348,312800,6,5,https://polaris3g.mecklenburgcountync.gov/?pid=20147201
14521207,MECKLENBURG COUNTY,County government,4041 WHITEHURST RD CHARLOTTE NC,CHARLOTTE,FLUM/SWIM FLOODWAY (NO BUILD ZONE),"Vacant, floodplain & farm",0.270,120000,6,0,https://polaris3g.mecklenburgcountync.gov/?pid=14521207
16104339,CHARLOTTE MECKLENBURG BOARD OF EDUCATION,CMS (Board of Education),MANTLE CT CHARLOTTE NC,CHARLOTTE,MULTI FAMILY,Multi-family,0.773,503200,6,5,https://polaris3g.mecklenburgcountync.gov/?pid=16104339
13901132,MECKLENBURG COUNTY,County government,8500 BLAIR RD MINT HILL NC,MINT HILL,SINGLE FAMILY RESIDENTIAL - ACREAGE,Single-family homes,6.111,546500,6,5,https://polaris3g.mecklenburgcountync.gov/?pid=13901132
04503101,MECKLENBURG COUNTY,County government,STARITA RD CHARLOTTE NC,CHARLOTTE,100 YEAR FLOOD PLAIN - AC,"Vacant, floodplain & farm",5.678,51400,6,6,https://polaris3g.mecklenburgcountync.gov/?pid=04503101
09103359,MECKLENBURG COUNTY,County government,DINGLEWOOD AV CHARLOTTE NC,CHARLOTTE,REC AREA,"Public land, ROW & utility",0.233,103400,6,3,https://polaris3g.mecklenburgcountync.gov/?pid=09103359
21310103,MECKLENBURG COUNTY,County government,SARDIS RD CHARLOTTE NC,CHARLOTTE,GREENWAY TRAIL,"Public land, ROW & utility",7.618,140500,6,1,https://polaris3g.mecklenburgcountync.gov/?pid=21310103
14521208,MECKLENBURG COUNTY,County government,4101 WHITEHURST RD CHARLOTTE NC,CHARLOTTE,SINGLE FAMILY RESIDENTIAL,Single-family homes,0.245,84000,6,0,https://polaris3g.mecklenburgcountync.gov/?pid=14521208
08002206,MECKLENBURG COUNTY,County government,119 E 7TH ST CHARLOTTE NC,CHARLOTTE,OFFICE,Commercial & office,0.467,5485900,6,3,https://polaris3g.mecklenburgcountync.gov/?pid=08002206
09312620,MECKLENBURG COUNTY,County government,3200 BRIXTON CT CHARLOTTE NC,CHARLOTTE,SINGLE FAMILY RESIDENTIAL,Single-family homes,0.351,144500,6,2,https://polaris3g.mecklenburgcountync.gov/?pid=09312620
09711124,MECKLENBURG COUNTY,County government,EASTWAY DR CHARLOTTE NC,CHARLOTTE,RIGHT OF WAY,"Public land, ROW & utility",0.432,0,6,5,https://polaris3g.mecklenburgcountync.gov/?pid=09711124
20710219,CHARLOTTE MECKLENBURG HOSPITAL AUTHORITY,Hospital Authority (Atrium),PARK RD PINEVILLE NC,PINEVILLE,COMMERCIAL,Commercial & office,1.109,1227100,6,3,https://polaris3g.mecklenburgcountync.gov/?pid=20710219
01505199,MECKLENBURG COUNTY,County government,GLENWYCK LN HUNTERSVILLE NC,HUNTERSVILLE,OTHER COUNTY PROPERTY,"Public land, ROW & utility",17.668,56000,6,4,https://polaris3g.mecklenburgcountync.gov/?pid=01505199
01537133,MECKLENBURG COUNTY,County government,TATEBROOK LN HUNTERSVILLE NC,HUNTERSVILLE,OTHER COUNTY PROPERTY,"Public land, ROW & utility",2.172,10000,6,4,https://polaris3g.mecklenburgcountync.gov/?pid=01537133
01922330,MECKLENBURG COUNTY,County government,VENEZIA LN HUNTERSVILLE NC,HUNTERSVILLE,OTHER COUNTY PROPERTY,"Public land, ROW & utility",0.913,24500,6,1,https://polaris3g.mecklenburgcountync.gov/?pid=01922330
08902206,MECKLENBURG COUNTY,County government,4715 HOLLOWAY ST CHARLOTTE NC,CHARLOTTE,SINGLE FAMILY RESIDENTIAL,Single-family homes,0.765,52500,6,4,https://polaris3g.mecklenburgcountync.gov/?pid=08902206
05516228,MECKLENBURG COUNTY,County government,TRACY AV CHARLOTTE NC,CHARLOTTE,SINGLE FAMILY RESIDENTIAL - ACREAGE,Single-family homes,1.992,107300,6,4,https://polaris3g.mecklenburgcountync.gov/?pid=05516228
14521204,MECKLENBURG COUNTY,County government,4023 WHITEHURST RD CHARLOTTE NC,CHARLOTTE,FLUM/SWIM FLOODWAY (NO BUILD ZONE),"Vacant, floodplain & farm",0.228,120000,6,2,https://polaris3g.mecklenburgcountync.gov/?pid=14521204
13731157,CHARLOTTE MECKLENBURG HOSPITAL AUTHORITY,Hospital Authority (Atrium),BLAIR RD MINT HILL NC,MINT HILL,HOSPITALS - PUBLIC,Institutional,7.434,555700,6,1,https://polaris3g.mecklenburgcountync.gov/?pid=13731157
19356105,MECKLENBURG COUNTY,County government,7620 E INDEPENDENCE BV CHARLOTTE NC,CHARLOTTE,GREENWAY TRAIL,"Public land, ROW & utility",13.183,516200,6,2,https://polaris3g.mecklenburgcountync.gov/?pid=19356105
09103358,MECKLENBURG COUNTY,County government,DINGLEWOOD AV CHARLOTTE NC,CHARLOTTE,REC AREA,"Public land, ROW & utility",0.257,120900,6,3,https://polaris3g.mecklenburgcountync.gov/?pid=09103358
10537192,MECKLENBURG COUNTY,County government,UNIVERSITY EAST DR CHARLOTTE NC,CHARLOTTE,100 YEAR FLOOD PLAIN - AC,"Vacant, floodplain & farm",1.032,11400,6,4,https://polaris3g.mecklenburgcountync.gov/?pid=10537192
07509304,MECKLENBURG COUNTY,County government,1011 ANDRILL TR CHARLOTTE NC,CHARLOTTE,SINGLE FAMILY RESIDENTIAL,Single-family homes,0.256,82500,6,4,https://polaris3g.mecklenburgcountync.gov/?pid=07509304
20303121,MECKLENBURG COUNTY,County government,8336 FOREST POINT BV CHARLOTTE NC,CHARLOTTE,INDUSTRIAL,Industrial & warehouse,14.515,2413600,6,4,https://polaris3g.mecklenburgcountync.gov/?pid=20303121
01920107,MECKLENBURG COUNTY,County government,13234 NEW HAVEN DR UNINC NC,MECKLENBURG COUNTY-UNINCORPORATED,SINGLE FAMILY RESIDENTIAL,Single-family homes,0.505,54000,6,6,https://polaris3g.mecklenburgcountync.gov/?pid=01920107
17517313,MECKLENBURG COUNTY,County government,3308 WESTFIELD RD CHARLOTTE NC,CHARLOTTE,GREENWAY TRAIL,"Public land, ROW & utility",0.210,630000,6,4,https://polaris3g.mecklenburgcountync.gov/?pid=17517313
21328139,MECKLENBURG COUNTY,County government,MONROE RD CHARLOTTE NC,CHARLOTTE,GREENWAY TRAIL,"Public land, ROW & utility",1.555,178300,6,4,https://polaris3g.mecklenburgcountync.gov/?pid=21328139
19517156,MECKLENBURG COUNTY,County government,THOMPSON RD MINT HILL NC,MINT HILL,SINGLE FAMILY RESIDENTIAL - ACREAGE,Single-family homes,1.678,63600,6,4,https://polaris3g.mecklenburgcountync.gov/?pid=19517156
07504232,MECKLENBURG COUNTY,County government,IRMA ST CHARLOTTE NC,CHARLOTTE,REC AREA,"Public land, ROW & utility",0.081,4400,6,0,https://polaris3g.mecklenburgcountync.gov/?pid=07504232
21149520,MECKLENBURG COUNTY,County government,WEIRTON PL CHARLOTTE NC,CHARLOTTE,OTHER COUNTY PROPERTY,"Public land, ROW & utility",0.676,40700,6,5,https://polaris3g.mecklenburgcountync.gov/?pid=21149520
19323132,MECKLENBURG COUNTY,County government,SAM NEWELL RD MATTHEWS NC,MATTHEWS,100 YEAR FLOOD PLAIN - AC,"Vacant, floodplain & farm",2.848,144600,6,4,https://polaris3g.mecklenburgcountync.gov/?pid=19323132
03314608,MECKLENBURG COUNTY,County government,MT HOLLY-HUNTERSVILLE RD UNINC NC,MECKLENBURG COUNTY-UNINCORPORATED,SINGLE FAMILY RESIDENTIAL - ACREAGE,Single-family homes,19.159,548000,6,3,https://polaris3g.mecklenburgcountync.gov/?pid=03314608
07842512,MECKLENBURG COUNTY,County government,900 W 12TH ST CHARLOTTE NC,CHARLOTTE,OTHER COUNTY PROPERTY,"Public land, ROW & utility",4.644,14325300,6,6,https://polaris3g.mecklenburgcountync.gov/?pid=07842512
16915515,MECKLENBURG COUNTY,County government,REYNOLDS AV CHARLOTTE NC,CHARLOTTE,OTHER COUNTY PROPERTY,"Public land, ROW & utility",0.645,37700,6,4,https://polaris3g.mecklenburgcountync.gov/?pid=16915515
04928104,MECKLENBURG COUNTY,County government,CHANCELLOR PARK DR CHARLOTTE NC,CHARLOTTE,100 YEAR FLOOD PLAIN - AC,"Vacant, floodplain & farm",0.876,70000,6,4,https://polaris3g.mecklenburgcountync.gov/?pid=04928104
22544138,PUBLIC LIBRARY OF CHARLOTTE & MECKLENBURG COUNTY,Library / ABC / Landmarks,REA RD CHARLOTTE NC,CHARLOTTE,OTHER COUNTY PROPERTY,"Public land, ROW & utility",1.476,1722700,6,5,https://polaris3g.mecklenburgcountync.gov/?pid=22544138
03707298,MECKLENBURG COUNTY,County government,SOUTHWIND DR CHARLOTTE NC,CHARLOTTE,SINGLE FAMILY RESIDENTIAL - COMMON,HOA common area,0.027,0,6,5,https://polaris3g.mecklenburgcountync.gov/?pid=03707298
09513142,CHARLOTTE MECKLENBURG BOARD OF EDUCATION,CMS (Board of Education),3442 DRAPER AV CHARLOTTE NC,CHARLOTTE,SINGLE FAMILY RESIDENTIAL - ACREAGE,Single-family homes,1.016,230000,6,4,https://polaris3g.mecklenburgcountync.gov/?pid=09513142
01714274,MECKLENBURG COUNTY,County government,HUNTSON PARK LN HUNTERSVILLE NC,HUNTERSVILLE,OTHER COUNTY PROPERTY,"Public land, ROW & utility",3.738,64000,6,5,https://polaris3g.mecklenburgcountync.gov/?pid=01714274
11121870,MECKLENBURG COUNTY,County government,FESTIVAL WY CHARLOTTE NC,CHARLOTTE,SINGLE FAMILY RESIDENTIAL - COMMON,HOA common area,0.949,0,6,4,https://polaris3g.mecklenburgcountync.gov/?pid=11121870
16708110,MECKLENBURG COUNTY,County government,2632 S TRYON ST CHARLOTTE NC,CHARLOTTE,OTHER COUNTY PROPERTY,"Public land, ROW & utility",6.456,265300,6,1,https://polaris3g.mecklenburgcountync.gov/?pid=16708110
14501308,MECKLENBURG COUNTY,County government,2705 CHICAGO AV CHARLOTTE NC,CHARLOTTE,REC AREA,"Public land, ROW & utility",0.451,196000,6,4,https://polaris3g.mecklenburgcountync.gov/?pid=14501308
15310530,MECKLENBURG COUNTY,County government,3032 HANSON DR CHARLOTTE NC,CHARLOTTE,SINGLE FAMILY RESIDENTIAL,Single-family homes,0.257,371300,6,6,https://polaris3g.mecklenburgcountync.gov/?pid=15310530
19912119,MECKLENBURG COUNTY,County government,12238 WINGET RD CHARLOTTE NC,CHARLOTTE,SINGLE FAMILY RESIDENTIAL - ACREAGE,Single-family homes,4.910,676600,5,4,https://polaris3g.mecklenburgcountync.gov/?pid=19912119
07707509,MECKLENBURG COUNTY,County government,937 HOLLAND AV CHARLOTTE NC,CHARLOTTE,REC AREA,"Public land, ROW & utility",0.174,85000,5,0,https://polaris3g.mecklenburgcountync.gov/?pid=07707509
01522312,MECKLENBURG COUNTY,County government,MCCOY RD HUNTERSVILLE NC,HUNTERSVILLE,SINGLE FAMILY RESIDENTIAL - ACREAGE,Single-family homes,2.674,168000,5,4,https://polaris3g.mecklenburgcountync.gov/?pid=01522312
01127106,MECKLENBURG COUNTY,County government,15040 RAMAH CHURCH RD UNINC NC,MECKLENBURG COUNTY-UNINCORPORATED,SINGLE FAMILY RESIDENTIAL - ACREAGE,Single-family homes,15.218,968400,5,2,https://polaris3g.mecklenburgcountync.gov/?pid=01127106
09908112,MECKLENBURG COUNTY,County government,5207 DOLPHIN LN CHARLOTTE NC,CHARLOTTE,SINGLE FAMILY RESIDENTIAL,Single-family homes,0.343,121600,5,2,https://polaris3g.mecklenburgcountync.gov/?pid=09908112
11136121,MECKLENBURG COUNTY,County government,MCCARRON WY CHARLOTTE NC,CHARLOTTE,100 YEAR FLOOD PLAIN - AC,"Vacant, floodplain & farm",1.430,13500,5,3,https://polaris3g.mecklenburgcountync.gov/?pid=11136121
06911309,MECKLENBURG COUNTY,County government,3215 CELIA AV CHARLOTTE NC,CHARLOTTE,OTHER COUNTY PROPERTY,"Public land, ROW & utility",0.426,18200,5,4,https://polaris3g.mecklenburgcountync.gov/?pid=06911309
06714204,MECKLENBURG COUNTY,County government,3205 FREEDOM DR CHARLOTTE NC,CHARLOTTE,OTHER MUNICIPAL,"Public land, ROW & utility",36.876,61878800,5,4,https://polaris3g.mecklenburgcountync.gov/?pid=06714204
11120275,MECKLENBURG COUNTY,County government,FESTIVAL WY CHARLOTTE NC,CHARLOTTE,GREENWAY TRAIL,"Public land, ROW & utility",4.022,269600,5,4,https://polaris3g.mecklenburgcountync.gov/?pid=11120275
07504212,MECKLENBURG COUNTY,County government,2025 HAINES ST CHARLOTTE NC,CHARLOTTE,REC AREA,"Public land, ROW & utility",0.342,53200,5,2,https://polaris3g.mecklenburgcountync.gov/?pid=07504212
02510308,MECKLENBURG COUNTY,County government,NORTHLAKE CENTRE PY UNINC NC,MECKLENBURG COUNTY-UNINCORPORATED,SINGLE FAMILY RESIDENTIAL - ACREAGE,Single-family homes,0.717,46400,5,3,https://polaris3g.mecklenburgcountync.gov/?pid=02510308
08002204,MECKLENBURG COUNTY,County government,111 E 7TH ST CHARLOTTE NC,CHARLOTTE,COMMERCIAL,Commercial & office,0.523,5729500,5,3,https://polaris3g.mecklenburgcountync.gov/?pid=08002204
03523385,MECKLENBURG COUNTY,County government,SKIP STONE DR CHARLOTTE NC,CHARLOTTE,SINGLE FAMILY RESIDENTIAL,Single-family homes,0.104,33800,5,4,https://polaris3g.mecklenburgcountync.gov/?pid=03523385
09906212,MECKLENBURG COUNTY,County government,2223 JENNIE LINN DR CHARLOTTE NC,CHARLOTTE,SINGLE FAMILY RESIDENTIAL,Single-family homes,0.256,58500,5,3,https://polaris3g.mecklenburgcountync.gov/?pid=09906212
23122435,MECKLENBURG COUNTY,County government,3234 TATTING RD UNINC NC,MECKLENBURG COUNTY-UNINCORPORATED,SINGLE FAMILY RESIDENTIAL - ACREAGE,Single-family homes,1.113,157500,5,3,https://polaris3g.mecklenburgcountync.gov/?pid=23122435
11114337,MECKLENBURG COUNTY,County government,9511 GWYNNE HILL RD CHARLOTTE NC,CHARLOTTE,SINGLE FAMILY RESIDENTIAL,Single-family homes,0.491,72000,5,2,https://polaris3g.mecklenburgcountync.gov/?pid=11114337
17517312,MECKLENBURG COUNTY,County government,3312 WESTFIELD RD CHARLOTTE NC,CHARLOTTE,GREENWAY TRAIL,"Public land, ROW & utility",0.214,630000,5,3,https://polaris3g.mecklenburgcountync.gov/?pid=17517312
07504329,MECKLENBURG COUNTY,County government,2020 JENNINGS ST CHARLOTTE NC,CHARLOTTE,REC AREA,"Public land, ROW & utility",0.334,20000,5,2,https://polaris3g.mecklenburgcountync.gov/?pid=07504329
07707514,MECKLENBURG COUNTY,County government,924 RODEY AV CHARLOTTE NC,CHARLOTTE,REC AREA,"Public land, ROW & utility",0.175,85000,5,0,https://polaris3g.mecklenburgcountync.gov/?pid=07707514
14117111,MECKLENBURG COUNTY,County government,5910 DIXIE RIVER RD CHARLOTTE NC,CHARLOTTE,SCHOOL - PUBLIC,Institutional,61.479,6063900,5,3,https://polaris3g.mecklenburgcountync.gov/?pid=14117111
07707508,MECKLENBURG COUNTY,County government,933 HOLLAND AV CHARLOTTE NC,CHARLOTTE,REC AREA,"Public land, ROW & utility",0.172,85000,5,0,https://polaris3g.mecklenburgcountync.gov/?pid=07707508
07707603,MECKLENBURG COUNTY,County government,909 RODEY AV CHARLOTTE NC,CHARLOTTE,REC AREA,"Public land, ROW & utility",0.164,85000,5,0,https://polaris3g.mecklenburgcountync.gov/?pid=07707603
02912198,MECKLENBURG COUNTY,County government,GARRISON RD CHARLOTTE NC,CHARLOTTE,GREENWAY TRAIL,"Public land, ROW & utility",0.139,900,5,3,https://polaris3g.mecklenburgcountync.gov/?pid=02912198
20137568,MECKLENBURG COUNTY,County government,SILVERTHORN DR CHARLOTTE NC,CHARLOTTE,GREENWAY TRAIL,"Public land, ROW & utility",1.480,150300,5,4,https://polaris3g.mecklenburgcountync.gov/?pid=20137568
03115233,MECKLENBURG COUNTY,County government,10501 BEAGLE CLUB RD CHARLOTTE NC,CHARLOTTE,SINGLE FAMILY RESIDENTIAL - ACREAGE,Single-family homes,1.981,153100,5,1,https://polaris3g.mecklenburgcountync.gov/?pid=03115233
00182119,MECKLENBURG COUNTY,County government,15575 N C 73 HY CORNELIUS NC,CORNELIUS,SINGLE FAMILY RESIDENTIAL - ACREAGE,Single-family homes,1.282,316000,5,4,https://polaris3g.mecklenburgcountync.gov/?pid=00182119
00520128,CHARLOTTE MECKLENBURG BOARD OF EDUCATION,CMS (Board of Education),SMITH CR CORNELIUS NC,CORNELIUS,SCHOOL - PUBLIC,Institutional,2.404,242900,5,4,https://polaris3g.mecklenburgcountync.gov/?pid=00520128
09510223,MECKLENBURG COUNTY,County government,1632 MASONIC DR CHARLOTTE NC,CHARLOTTE,GREENWAY TRAIL,"Public land, ROW & utility",0.364,168800,5,3,https://polaris3g.mecklenburgcountync.gov/?pid=09510223
21309134,MECKLENBURG COUNTY,County government,424 OLD BELL RD CHARLOTTE NC,CHARLOTTE,GREENWAY TRAIL,"Public land, ROW & utility",1.823,81300,5,2,https://polaris3g.mecklenburgcountync.gov/?pid=21309134
19309109,MECKLENBURG COUNTY,County government,9029 MONROE RD CHARLOTTE NC,CHARLOTTE,GREENWAY TRAIL,"Public land, ROW & utility",2.636,158800,5,2,https://polaris3g.mecklenburgcountync.gov/?pid=19309109
03737211,MECKLENBURG COUNTY ABC BOARD,Library / ABC / Landmarks,4315 SUNSET RD CHARLOTTE NC,CHARLOTTE,COMMERCIAL,Commercial & office,1.646,2042700,5,5,https://polaris3g.mecklenburgcountync.gov/?pid=03737211
14521110,MECKLENBURG COUNTY,County government,4000 WHITEHURST RD CHARLOTTE NC,CHARLOTTE,FLUM/SWIM FLOODWAY (NO BUILD ZONE),"Vacant, floodplain & farm",0.391,84000,5,0,https://polaris3g.mecklenburgcountync.gov/?pid=14521110
02121133,MECKLENBURG COUNTY,County government,ASBURY CHAPEL RD UNINC NC,MECKLENBURG COUNTY-UNINCORPORATED,100 YEAR FLOOD PLAIN - AC,"Vacant, floodplain & farm",1.307,8500,5,4,https://polaris3g.mecklenburgcountync.gov/?pid=02121133
06909411,MECKLENBURG COUNTY,County government,CELIA AV CHARLOTTE NC,CHARLOTTE,SINGLE FAMILY RESIDENTIAL,Single-family homes,0.238,42000,5,2,https://polaris3g.mecklenburgcountync.gov/?pid=06909411
04310484,MECKLENBURG COUNTY,County government,4420 LYNN LEE CR CHARLOTTE NC,CHARLOTTE,SINGLE FAMILY RESIDENTIAL,Single-family homes,1.195,205900,5,3,https://polaris3g.mecklenburgcountync.gov/?pid=04310484
19108102,MECKLENBURG COUNTY,County government,8717 MONROE RD CHARLOTTE NC,CHARLOTTE,GREENWAY TRAIL,"Public land, ROW & utility",5.556,243100,5,1,https://polaris3g.mecklenburgcountync.gov/?pid=19108102
11501501,MECKLENBURG COUNTY,County government,2724 CRADDOCK AV CHARLOTTE NC,CHARLOTTE,REC AREA,"Public land, ROW & utility",0.167,50000,5,0,https://polaris3g.mecklenburgcountync.gov/?pid=11501501
02749599,MECKLENBURG COUNTY,County government,PRESCOTT CT CHARLOTTE NC,CHARLOTTE,OTHER COUNTY PROPERTY,"Public land, ROW & utility",1.410,5200,5,2,https://polaris3g.mecklenburgcountync.gov/?pid=02749599
16309410,MECKLENBURG COUNTY,County government,5201 ROBINHOOD RD CHARLOTTE NC,CHARLOTTE,SINGLE FAMILY RESIDENTIAL,Single-family homes,2.033,396000,5,5,https://polaris3g.mecklenburgcountync.gov/?pid=16309410
03719215,MECKLENBURG COUNTY,County government,5235 SPECTOR DR CHARLOTTE NC,CHARLOTTE,JAIL,Unclassified,26.516,58334100,5,4,https://polaris3g.mecklenburgcountync.gov/?pid=03719215
17517305,MECKLENBURG COUNTY,County government,3340 WESTFIELD RD CHARLOTTE NC,CHARLOTTE,GREENWAY TRAIL,"Public land, ROW & utility",0.201,630000,5,3,https://polaris3g.mecklenburgcountync.gov/?pid=17517305
18507105,MECKLENBURG COUNTY,County government,5012 ADDISON DR CHARLOTTE NC,CHARLOTTE,FLUM/SWIM FLOODWAY (NO BUILD ZONE),"Vacant, floodplain & farm",0.633,90000,5,3,https://polaris3g.mecklenburgcountync.gov/?pid=18507105
19323135,MECKLENBURG COUNTY,County government,INDEPENDENCE POINTE PY MATTHEWS NC,MATTHEWS,100 YEAR FLOOD PLAIN - AC,"Vacant, floodplain & farm",8.576,236800,5,3,https://polaris3g.mecklenburgcountync.gov/?pid=19323135
22904132,CHARLOTTE MECKLENBURG BOARD OF EDUCATION,CMS (Board of Education),9500 COMMUNITY HOUSE RD CHARLOTTE NC,CHARLOTTE,SCHOOL - PUBLIC,Institutional,34.920,33730500,5,0,https://polaris3g.mecklenburgcountync.gov/?pid=22904132
22729101,MECKLENBURG COUNTY,County government,1700 WEDDINGTON RD MATTHEWS NC,MATTHEWS,MULTI FAMILY,Multi-family,16.967,1629000,5,5,https://polaris3g.mecklenburgcountync.gov/?pid=22729101
11509105,MECKLENBURG COUNTY,County government,4423 WILKINSON BV CHARLOTTE NC,CHARLOTTE,OTHER COUNTY PROPERTY,"Public land, ROW & utility",5.647,1748300,5,3,https://polaris3g.mecklenburgcountync.gov/?pid=11509105
21309108,MECKLENBURG COUNTY,County government,OLD BELL RD CHARLOTTE NC,CHARLOTTE,GREENWAY TRAIL,"Public land, ROW & utility",4.294,103200,5,3,https://polaris3g.mecklenburgcountync.gov/?pid=21309108
03711605,MECKLENBURG COUNTY,County government,5809 BEATTIES FORD RD CHARLOTTE NC,CHARLOTTE,SINGLE FAMILY RESIDENTIAL,Single-family homes,0.547,71900,5,3,https://polaris3g.mecklenburgcountync.gov/?pid=03711605
08111415,CHARLOTTE MECKLENBURG BOARD OF EDUCATION,CMS (Board of Education),1241 E 10TH ST CHARLOTTE NC,CHARLOTTE,SCHOOL - PUBLIC,Institutional,8.824,28008700,5,4,https://polaris3g.mecklenburgcountync.gov/?pid=08111415
09908216,MECKLENBURG COUNTY,County government,5206 DOLPHIN LN CHARLOTTE NC,CHARLOTTE,SINGLE FAMILY RESIDENTIAL,Single-family homes,0.229,121600,5,3,https://polaris3g.mecklenburgcountync.gov/?pid=09908216
06905211,MECKLENBURG COUNTY,County government,831 SELDON DR CHARLOTTE NC,CHARLOTTE,SINGLE FAMILY RESIDENTIAL,Single-family homes,0.175,113800,5,5,https://polaris3g.mecklenburgcountync.gov/?pid=06905211
10509126,CHARLOTTE MECKLENBURG BOARD OF EDUCATION,CMS (Board of Education),8330 GRIER RD CHARLOTTE NC,CHARLOTTE,SCHOOL - PUBLIC,Institutional,19.265,13307700,5,1,https://polaris3g.mecklenburgcountync.gov/?pid=10509126
17104221,MECKLENBURG COUNTY,County government,4507 WENTWORTH PL CHARLOTTE NC,CHARLOTTE,SINGLE FAMILY RESIDENTIAL,Single-family homes,0.415,261300,5,5,https://polaris3g.mecklenburgcountync.gov/?pid=17104221
04735103,MECKLENBURG COUNTY,County government,9601 DAVID TAYLOR DR CHARLOTTE NC,CHARLOTTE,COMMERCIAL,Commercial & office,8.930,580700,5,4,https://polaris3g.mecklenburgcountync.gov/?pid=04735103
01909112,MECKLENBURG COUNTY,County government,CAROLYN CT UNINC NC,MECKLENBURG COUNTY-UNINCORPORATED,OTHER COUNTY PROPERTY,"Public land, ROW & utility",1.981,161800,5,3,https://polaris3g.mecklenburgcountync.gov/?pid=01909112
14516102,MECKLENBURG COUNTY,County government,1212 ABELINE RD CHARLOTTE NC,CHARLOTTE,SINGLE FAMILY RESIDENTIAL,Single-family homes,0.341,84000,5,3,https://polaris3g.mecklenburgcountync.gov/?pid=14516102
15301129,MECKLENBURG COUNTY,County government,E MOREHEAD ST CHARLOTTE NC,CHARLOTTE,GREENWAY TRAIL,"Public land, ROW & utility",0.413,136200,5,0,https://polaris3g.mecklenburgcountync.gov/?pid=15301129
22940799,MECKLENBURG COUNTY,County government,BLAKENEY HEATH RD CHARLOTTE NC,CHARLOTTE,OTHER COUNTY PROPERTY,"Public land, ROW & utility",4.828,220700,5,4,https://polaris3g.mecklenburgcountync.gov/?pid=22940799
10501397,MECKLENBURG COUNTY,County government,2831 SOUTH DEVON ST CHARLOTTE NC,CHARLOTTE,SINGLE FAMILY RESIDENTIAL - COMMON,HOA common area,0.925,0,5,3,https://polaris3g.mecklenburgcountync.gov/?pid=10501397
16514499,MECKLENBURG COUNTY,County government,E W T HARRIS BV CHARLOTTE NC,CHARLOTTE,OTHER COUNTY PROPERTY,"Public land, ROW & utility",1.646,63700,5,3,https://polaris3g.mecklenburgcountync.gov/?pid=16514499
08109507,MECKLENBURG COUNTY,County government,713 E 15TH ST CHARLOTTE NC,CHARLOTTE,REC AREA,"Public land, ROW & utility",0.180,175000,5,1,https://polaris3g.mecklenburgcountync.gov/?pid=08109507
05103206,MECKLENBURG COUNTY,County government,PAVILION BV CHARLOTTE NC,CHARLOTTE,100 YEAR FLOOD PLAIN - AC,"Vacant, floodplain & farm",5.622,190100,5,4,https://polaris3g.mecklenburgcountync.gov/?pid=05103206
07504331,MECKLENBURG COUNTY,County government,JENNINGS ST CHARLOTTE NC,CHARLOTTE,REC AREA,"Public land, ROW & utility",0.085,4400,5,4,https://polaris3g.mecklenburgcountync.gov/?pid=07504331
07707513,MECKLENBURG COUNTY,County government,928 RODEY AV CHARLOTTE NC,CHARLOTTE,REC AREA,"Public land, ROW & utility",0.177,85000,5,0,https://polaris3g.mecklenburgcountync.gov/?pid=07707513
00519146,MECKLENBURG COUNTY,County government,NANNIE POTTS LN CORNELIUS NC,CORNELIUS,OTHER COUNTY PROPERTY,"Public land, ROW & utility",0.754,48200,5,3,https://polaris3g.mecklenburgcountync.gov/?pid=00519146
13110204,MECKLENBURG COUNTY,County government,2001 WOODLAND DR CHARLOTTE NC,CHARLOTTE,FLUM/SWIM FLOODWAY (NO BUILD ZONE),"Vacant, floodplain & farm",0.378,127500,5,2,https://polaris3g.mecklenburgcountync.gov/?pid=13110204
00712205,CHARLOTTE MECKLENBURG BOARD OF EDUCATION,CMS (Board of Education),12364 BAILEY RD CORNELIUS NC,CORNELIUS,SINGLE FAMILY RESIDENTIAL - ACREAGE,Single-family homes,1.833,343800,5,2,https://polaris3g.mecklenburgcountync.gov/?pid=00712205
00705320,MECKLENBURG COUNTY,County government,VERNON DR CORNELIUS NC,CORNELIUS,SINGLE FAMILY RESIDENTIAL - ACREAGE,Single-family homes,1.246,166300,5,4,https://polaris3g.mecklenburgcountync.gov/?pid=00705320
14521102,MECKLENBURG COUNTY,County government,4114 WHITEHURST RD CHARLOTTE NC,CHARLOTTE,FLUM/SWIM FLOODWAY (NO BUILD ZONE),"Vacant, floodplain & farm",0.411,84000,5,0,https://polaris3g.mecklenburgcountync.gov/?pid=14521102
23105387,MECKLENBURG COUNTY,County government,6512 FALLS LAKE DR CHARLOTTE NC,CHARLOTTE,SINGLE FAMILY RESIDENTIAL - ACREAGE,Single-family homes,0.792,100600,5,3,https://polaris3g.mecklenburgcountync.gov/?pid=23105387
14521106,MECKLENBURG COUNTY,County government,4030 WHITEHURST RD CHARLOTTE NC,CHARLOTTE,FLUM/SWIM FLOODWAY (NO BUILD ZONE),"Vacant, floodplain & farm",0.383,84000,5,0,https://polaris3g.mecklenburgcountync.gov/?pid=14521106
10304142,CHARLOTTE MECKLENBURG BOARD OF EDUCATION,CMS (Board of Education),6108 WILORA LAKE RD CHARLOTTE NC,CHARLOTTE,SCHOOL - PUBLIC,Institutional,11.425,26452600,5,5,https://polaris3g.mecklenburgcountync.gov/?pid=10304142
13715128,CHARLOTTE MECKLENBURG HOSPITAL AUTHORITY,Hospital Authority (Atrium),10545 BLAIR RD MINT HILL NC,MINT HILL,MEDICAL OFFICE,Commercial & office,5.084,386400,5,0,https://polaris3g.mecklenburgcountync.gov/?pid=13715128
02322201,MECKLENBURG COUNTY,County government,5516 NECK RD UNINC NC,MECKLENBURG COUNTY-UNINCORPORATED,SINGLE FAMILY RESIDENTIAL - ACREAGE,Single-family homes,30.081,1576800,5,4,https://polaris3g.mecklenburgcountync.gov/?pid=02322201
07707516,MECKLENBURG COUNTY,County government,RODEY AV CHARLOTTE NC,CHARLOTTE,REC AREA,"Public land, ROW & utility",0.179,85000,5,0,https://polaris3g.mecklenburgcountync.gov/?pid=07707516
11705201,CHARLOTTE MECKLENBURG BOARD OF EDUCATION,CMS (Board of Education),3101 WILKINSON BV CHARLOTTE NC,CHARLOTTE,OTHER COUNTY PROPERTY,"Public land, ROW & utility",6.397,3450800,5,4,https://polaris3g.mecklenburgcountync.gov/?pid=11705201
02714103,MECKLENBURG COUNTY,County government,5830 W SUGAR CREEK RD CHARLOTTE NC,CHARLOTTE,OTHER COUNTY PROPERTY,"Public land, ROW & utility",3.063,185600,5,3,https://polaris3g.mecklenburgcountync.gov/?pid=02714103
01714577,MECKLENBURG COUNTY,County government,ERIC KYLE DR HUNTERSVILLE NC,HUNTERSVILLE,OTHER COUNTY PROPERTY,"Public land, ROW & utility",1.604,8100,5,4,https://polaris3g.mecklenburgcountync.gov/?pid=01714577
20325203,MECKLENBURG COUNTY,County government,GENERAL DR CHARLOTTE NC,CHARLOTTE,OTHER COUNTY PROPERTY,"Public land, ROW & utility",10.038,666400,5,5,https://polaris3g.mecklenburgcountync.gov/?pid=20325203
20133101,MECKLENBURG COUNTY,County government,11626 RED HICKORY LN CHARLOTTE NC,CHARLOTTE,100 YEAR FLOOD PLAIN - AC,"Vacant, floodplain & farm",1.054,5200,5,5,https://polaris3g.mecklenburgcountync.gov/?pid=20133101
20709346,MECKLENBURG COUNTY,County government,PARK RD PINEVILLE NC,PINEVILLE,GREENWAY TRAIL,"Public land, ROW & utility",9.282,541400,5,4,https://polaris3g.mecklenburgcountync.gov/?pid=20709346
04931108,CHARLOTTE MECKLENBURG HOSPITAL AUTHORITY,Hospital Authority (Atrium),8800 N TRYON ST CHARLOTTE NC,CHARLOTTE,HOSPITALS - PUBLIC,Institutional,41.543,62175700,5,3,https://polaris3g.mecklenburgcountync.gov/?pid=04931108
15111302,MECKLENBURG COUNTY,County government,GENEVA CT CHARLOTTE NC,CHARLOTTE,SINGLE FAMILY RESIDENTIAL,Single-family homes,0.147,385000,5,3,https://polaris3g.mecklenburgcountync.gov/?pid=15111302
09911618,MECKLENBURG COUNTY,County government,5331 DOLPHIN LN CHARLOTTE NC,CHARLOTTE,SINGLE FAMILY RESIDENTIAL,Single-family homes,0.334,121600,5,3,https://polaris3g.mecklenburgcountync.gov/?pid=09911618
06907319,MECKLENBURG COUNTY,County government,3400 RENO AV CHARLOTTE NC,CHARLOTTE,OTHER COUNTY PROPERTY,"Public land, ROW & utility",3.920,3593400,5,4,https://polaris3g.mecklenburgcountync.gov/?pid=06907319
16915117,MECKLENBURG COUNTY,County government,REYNOLDS AV CHARLOTTE NC,CHARLOTTE,OTHER COUNTY PROPERTY,"Public land, ROW & utility",0.367,21500,5,4,https://polaris3g.mecklenburgcountync.gov/?pid=16915117
14521203,MECKLENBURG COUNTY,County government,4017 WHITEHURST RD CHARLOTTE NC,CHARLOTTE,SINGLE FAMILY RESIDENTIAL,Single-family homes,0.233,84000,5,1,https://polaris3g.mecklenburgcountync.gov/?pid=14521203
01323101,MECKLENBURG COUNTY,County government,NECK RD HUNTERSVILLE NC,HUNTERSVILLE,SINGLE FAMILY RESIDENTIAL - ACREAGE,Single-family homes,28.865,1038800,5,3,https://polaris3g.mecklenburgcountync.gov/?pid=01323101
11334108,MECKLENBURG COUNTY,County government,WILKINSON BV UNINC NC,MECKLENBURG COUNTY-UNINCORPORATED,SINGLE FAMILY RESIDENTIAL - WATERFRONT,Single-family homes,3.826,471300,5,1,https://polaris3g.mecklenburgcountync.gov/?pid=11334108
01547101,MECKLENBURG COUNTY,County government,MCCOY RD HUNTERSVILLE NC,HUNTERSVILLE,SINGLE FAMILY RESIDENTIAL - ACREAGE,Single-family homes,23.015,1264300,5,1,https://polaris3g.mecklenburgcountync.gov/?pid=01547101
05106120,MECKLENBURG COUNTY,County government,HARRIS HOUSTON RD CHARLOTTE NC,CHARLOTTE,100 YEAR FLOOD PLAIN - AC,"Vacant, floodplain & farm",3.417,20100,5,3,https://polaris3g.mecklenburgcountync.gov/?pid=05106120
07707502,MECKLENBURG COUNTY,County government,905 HOLLAND AV CHARLOTTE NC,CHARLOTTE,REC AREA,"Public land, ROW & utility",0.167,85000,5,0,https://polaris3g.mecklenburgcountync.gov/?pid=07707502
02302419,MECKLENBURG COUNTY,County government,11109 JOHNSON-DAVIS RD UNINC NC,MECKLENBURG COUNTY-UNINCORPORATED,SINGLE FAMILY RESIDENTIAL - ACREAGE,Single-family homes,3.756,205200,5,4,https://polaris3g.mecklenburgcountync.gov/?pid=02302419
08109817,MECKLENBURG COUNTY,County government,806 E 17TH ST CHARLOTTE NC,CHARLOTTE,REC AREA,"Public land, ROW & utility",1.014,507500,5,2,https://polaris3g.mecklenburgcountync.gov/?pid=08109817
21906131,MECKLENBURG COUNTY,County government,STEELE CREEK RD CHARLOTTE NC,CHARLOTTE,GREENWAY TRAIL,"Public land, ROW & utility",4.803,269700,5,3,https://polaris3g.mecklenburgcountync.gov/?pid=21906131
09908105,MECKLENBURG COUNTY,County government,5111 DOLPHIN LN CHARLOTTE NC,CHARLOTTE,SINGLE FAMILY RESIDENTIAL,Single-family homes,0.431,121600,5,2,https://polaris3g.mecklenburgcountync.gov/?pid=09908105
07509308,MECKLENBURG COUNTY,County government,1033 ANDRILL TR CHARLOTTE NC,CHARLOTTE,FLUM/SWIM FLOODWAY (NO BUILD ZONE),"Vacant, floodplain & farm",0.240,24800,5,1,https://polaris3g.mecklenburgcountync.gov/?pid=07509308
00705321,MECKLENBURG COUNTY,County government,VERNON DR CORNELIUS NC,CORNELIUS,SINGLE FAMILY RESIDENTIAL - ACREAGE,Single-family homes,1.307,167400,5,4,https://polaris3g.mecklenburgcountync.gov/?pid=00705321
09908217,MECKLENBURG COUNTY,County government,5200 DOLPHIN LN CHARLOTTE NC,CHARLOTTE,SINGLE FAMILY RESIDENTIAL,Single-family homes,0.232,121600,5,3,https://polaris3g.mecklenburgcountync.gov/?pid=09908217
17517310,MECKLENBURG COUNTY,County government,3320 WESTFIELD RD CHARLOTTE NC,CHARLOTTE,GREENWAY TRAIL,"Public land, ROW & utility",0.208,630000,5,3,https://polaris3g.mecklenburgcountync.gov/?pid=17517310
09312524,MECKLENBURG COUNTY,County government,2909 DUNLAVIN WY CHARLOTTE NC,CHARLOTTE,OTHER COUNTY PROPERTY,"Public land, ROW & utility",0.572,104500,5,3,https://polaris3g.mecklenburgcountync.gov/?pid=09312524
15302406,CHARLOTTE MECKLENBURG HOSPITAL AUTHORITY,Hospital Authority (Atrium),1627 FOUNTAIN VIEW CHARLOTTE NC,CHARLOTTE,SINGLE FAMILY RESIDENTIAL,Single-family homes,0.258,788400,5,5,https://polaris3g.mecklenburgcountync.gov/?pid=15302406
22324108,MECKLENBURG COUNTY,County government,10202 ROUGEMONT LN CHARLOTTE NC,CHARLOTTE,OTHER COUNTY PROPERTY,"Public land, ROW & utility",1.142,10900,5,2,https://polaris3g.mecklenburgcountync.gov/?pid=22324108
05114271,MECKLENBURG COUNTY,County government,DALBETH ST UNINC NC,MECKLENBURG COUNTY-UNINCORPORATED,OTHER COUNTY PROPERTY,"Public land, ROW & utility",0.565,148800,5,3,https://polaris3g.mecklenburgcountync.gov/?pid=05114271
06501501,MECKLENBURG COUNTY,County government,1540 COKER AV CHARLOTTE NC,CHARLOTTE,SINGLE FAMILY RESIDENTIAL,Single-family homes,2.490,217400,5,4,https://polaris3g.mecklenburgcountync.gov/?pid=06501501
22755347,MECKLENBURG COUNTY,County government,GRIMMERSBOROUGH LN CHARLOTTE NC,CHARLOTTE,GREENWAY TRAIL,"Public land, ROW & utility",0.477,11200,5,5,https://polaris3g.mecklenburgcountync.gov/?pid=22755347
07504229,MECKLENBURG COUNTY,County government,2013 IRMA ST CHARLOTTE NC,CHARLOTTE,REC AREA,"Public land, ROW & utility",0.182,12200,5,2,https://polaris3g.mecklenburgcountync.gov/?pid=07504229
07511305,MECKLENBURG COUNTY,County government,2214 DOUBLE OAKS RD CHARLOTTE NC,CHARLOTTE,MULTI FAMILY,Multi-family,2.631,925300,5,4,https://polaris3g.mecklenburgcountync.gov/?pid=07511305
03512124,MECKLENBURG COUNTY,County government,6845 OLD PLANK RD CHARLOTTE NC,CHARLOTTE,SINGLE FAMILY RESIDENTIAL - ACREAGE,Single-family homes,6.732,320500,5,5,https://polaris3g.mecklenburgcountync.gov/?pid=03512124
09312531,MECKLENBURG COUNTY,County government,2947 DUNLAVIN WY CHARLOTTE NC,CHARLOTTE,OTHER COUNTY PROPERTY,"Public land, ROW & utility",0.313,93500,5,0,https://polaris3g.mecklenburgcountync.gov/?pid=09312531
09908428,MECKLENBURG COUNTY,County government,1732 SHANNONHOUSE DR CHARLOTTE NC,CHARLOTTE,SINGLE FAMILY RESIDENTIAL,Single-family homes,0.237,76000,5,3,https://polaris3g.mecklenburgcountync.gov/?pid=09908428
09908113,MECKLENBURG COUNTY,County government,5213 DOLPHIN LN CHARLOTTE NC,CHARLOTTE,SINGLE FAMILY RESIDENTIAL,Single-family homes,0.348,121600,5,2,https://polaris3g.mecklenburgcountync.gov/?pid=09908113
09908131,MECKLENBURG COUNTY,County government,LAKEDELL DR CHARLOTTE NC,CHARLOTTE,SINGLE FAMILY RESIDENTIAL,Single-family homes,0.220,57600,5,3,https://polaris3g.mecklenburgcountync.gov/?pid=09908131
06114101,CHARLOTTE MECKLENBURG BOARD OF EDUCATION,CMS (Board of Education),ALLEGHANY ST CHARLOTTE NC,CHARLOTTE,MULTI FAMILY,Multi-family,4.918,1057900,5,5,https://polaris3g.mecklenburgcountync.gov/?pid=06114101
02322113,MECKLENBURG COUNTY,County government,5324 NECK RD UNINC NC,MECKLENBURG COUNTY-UNINCORPORATED,SINGLE FAMILY RESIDENTIAL,Single-family homes,7.632,364300,5,3,https://polaris3g.mecklenburgcountync.gov/?pid=02322113
00906197,COUNTY OF MECKLENBURG,County government,WYNFIELD CREEK PY HUNTERSVILLE NC,HUNTERSVILLE,100 YEAR FLOOD PLAIN - AC,"Vacant, floodplain & farm",1.507,1600,5,5,https://polaris3g.mecklenburgcountync.gov/?pid=00906197
07509306,MECKLENBURG COUNTY,County government,1023 ANDRILL TR CHARLOTTE NC,CHARLOTTE,FLUM/SWIM FLOODWAY (NO BUILD ZONE),"Vacant, floodplain & farm",0.282,24800,5,1,https://polaris3g.mecklenburgcountync.gov/?pid=07509306
02930137,MECKLENBURG COUNTY,County government,4461 RIDGE RD CHARLOTTE NC,CHARLOTTE,SINGLE FAMILY RESIDENTIAL - ACREAGE,Single-family homes,3.310,233600,5,0,https://polaris3g.mecklenburgcountync.gov/?pid=02930137
20519103,MECKLENBURG COUNTY,County government,DOWNS RD PINEVILLE NC,PINEVILLE,OTHER COUNTY PROPERTY,"Public land, ROW & utility",8.588,156800,5,5,https://polaris3g.mecklenburgcountync.gov/?pid=20519103
15303310,CHARLOTTE MECKLENBURG HOSPITAL AUTHORITY,Hospital Authority (Atrium),E MOREHEAD ST CHARLOTTE NC,CHARLOTTE,OFFICE,Commercial & office,0.567,2583600,5,2,https://polaris3g.mecklenburgcountync.gov/?pid=15303310
17517304,MECKLENBURG COUNTY,County government,3344 WESTFIELD RD CHARLOTTE NC,CHARLOTTE,GREENWAY TRAIL,"Public land, ROW & utility",0.226,630000,5,3,https://polaris3g.mecklenburgcountync.gov/?pid=17517304
17517307,MECKLENBURG COUNTY,County government,3332 WESTFIELD RD CHARLOTTE NC,CHARLOTTE,GREENWAY TRAIL,"Public land, ROW & utility",0.208,630000,5,3,https://polaris3g.mecklenburgcountync.gov/?pid=17517307
19948109,MECKLENBURG COUNTY,County government,12100 FOUR HORSE RD UNINC NC,MECKLENBURG COUNTY-UNINCORPORATED,SINGLE FAMILY RESIDENTIAL - ACREAGE,Single-family homes,45.854,2366900,5,2,https://polaris3g.mecklenburgcountync.gov/?pid=19948109
03501302,MECKLENBURG COUNTY,County government,5800 ROZZELLES FERRY RD CHARLOTTE NC,CHARLOTTE,OTHER COUNTY PROPERTY,"Public land, ROW & utility",11.202,5334500,5,5,https://polaris3g.mecklenburgcountync.gov/?pid=03501302
08108604,MECKLENBURG COUNTY,County government,902 N ALEXANDER ST CHARLOTTE NC,CHARLOTTE,REC AREA,"Public land, ROW & utility",3.871,532400,5,4,https://polaris3g.mecklenburgcountync.gov/?pid=08108604
03704102,MECKLENBURG COUNTY,County government,2240 SUNSET RD UNINC NC,MECKLENBURG COUNTY-UNINCORPORATED,SINGLE FAMILY RESIDENTIAL - ACREAGE,Single-family homes,25.447,1211800,5,3,https://polaris3g.mecklenburgcountync.gov/?pid=03704102
00336117,MECKLENBURG COUNTY,County government,14835 E ROCKY RIVER RD UNINC NC,MECKLENBURG COUNTY-UNINCORPORATED,SINGLE FAMILY RESIDENTIAL - ACREAGE,Single-family homes,4.652,327000,5,4,https://polaris3g.mecklenburgcountync.gov/?pid=00336117
00901108,MECKLENBURG COUNTY,County government,OLIVER HAGER RD HUNTERSVILLE NC,HUNTERSVILLE,OTHER COUNTY PROPERTY,"Public land, ROW & utility",43.290,708500,5,4,https://polaris3g.mecklenburgcountync.gov/?pid=00901108
09906202,MECKLENBURG COUNTY,County government,2236 PURSER DR CHARLOTTE NC,CHARLOTTE,SINGLE FAMILY RESIDENTIAL,Single-family homes,0.291,58500,5,2,https://polaris3g.mecklenburgcountync.gov/?pid=09906202
15111363,MECKLENBURG COUNTY,County government,3401 CAROWILL CR CHARLOTTE NC,CHARLOTTE,FLUM/SWIM FLOODWAY (NO BUILD ZONE),"Vacant, floodplain & farm",0.413,560000,5,5,https://polaris3g.mecklenburgcountync.gov/?pid=15111363
02302217,MECKLENBURG COUNTY,County government,11516 JOHNSON-DAVIS RD UNINC NC,MECKLENBURG COUNTY-UNINCORPORATED,SINGLE FAMILY RESIDENTIAL - ACREAGE,Single-family homes,1.495,124400,5,5,https://polaris3g.mecklenburgcountync.gov/?pid=02302217
07707604,MECKLENBURG COUNTY,County government,915 RODEY AV CHARLOTTE NC,CHARLOTTE,REC AREA,"Public land, ROW & utility",0.176,85000,5,0,https://polaris3g.mecklenburgcountync.gov/?pid=07707604
01937199,MECKLENBURG COUNTY,County government,HOLBROOKS RD UNINC NC,MECKLENBURG COUNTY-UNINCORPORATED,SINGLE FAMILY RESIDENTIAL - ACREAGE,Single-family homes,7.726,525300,5,3,https://polaris3g.mecklenburgcountync.gov/?pid=01937199
09906112,MECKLENBURG COUNTY,County government,PURSER DR CHARLOTTE NC,CHARLOTTE,SINGLE FAMILY RESIDENTIAL,Single-family homes,0.359,58500,5,3,https://polaris3g.mecklenburgcountync.gov/?pid=09906112
22110396,MECKLENBURG COUNTY,County government,STRATFIELD PLACE CR PINEVILLE NC,PINEVILLE,GREENWAY TRAIL,"Public land, ROW & utility",0.754,113400,5,3,https://polaris3g.mecklenburgcountync.gov/?pid=22110396
17517303,MECKLENBURG COUNTY,County government,3348 WESTFIELD RD CHARLOTTE NC,CHARLOTTE,GREENWAY TRAIL,"Public land, ROW & utility",0.265,630000,5,3,https://polaris3g.mecklenburgcountync.gov/?pid=17517303
17517413,MECKLENBURG COUNTY,County government,317 FIELDBROOK PL CHARLOTTE NC,CHARLOTTE,GREENWAY TRAIL,"Public land, ROW & utility",0.220,630000,5,2,https://polaris3g.mecklenburgcountync.gov/?pid=17517413
18729199,MECKLENBURG COUNTY,County government,VALLEYBROOK RD CHARLOTTE NC,CHARLOTTE,GREENWAY TRAIL,"Public land, ROW & utility",0.487,12300,5,4,https://polaris3g.mecklenburgcountync.gov/?pid=18729199
21710107,CHARLOTTE MECKLENBURG BOARD OF EDUCATION,CMS (Board of Education),15321 YORK RD UNINC NC,MECKLENBURG COUNTY-UNINCORPORATED,SCHOOL - PUBLIC,Institutional,28.363,14399300,5,4,https://polaris3g.mecklenburgcountync.gov/?pid=21710107
19354104,MECKLENBURG COUNTY,County government,E INDEPENDENCE BV CHARLOTTE NC,CHARLOTTE,OTHER COUNTY PROPERTY,"Public land, ROW & utility",0.913,98300,5,1,https://polaris3g.mecklenburgcountync.gov/?pid=19354104
00519142,MECKLENBURG COUNTY,County government,NANNIE POTTS LN CORNELIUS NC,CORNELIUS,OTHER COUNTY PROPERTY,"Public land, ROW & utility",0.522,37000,5,3,https://polaris3g.mecklenburgcountync.gov/?pid=00519142
09313431,MECKLENBURG COUNTY,County government,3216 HARROW PL CHARLOTTE NC,CHARLOTTE,SINGLE FAMILY RESIDENTIAL,Single-family homes,0.422,153000,5,2,https://polaris3g.mecklenburgcountync.gov/?pid=09313431
09906203,MECKLENBURG COUNTY,County government,2230 PURSER DR CHARLOTTE NC,CHARLOTTE,SINGLE FAMILY RESIDENTIAL,Single-family homes,0.249,58500,5,1,https://polaris3g.mecklenburgcountync.gov/?pid=09906203
17517302,MECKLENBURG COUNTY,County government,3352 WESTFIELD RD CHARLOTTE NC,CHARLOTTE,GREENWAY TRAIL,"Public land, ROW & utility",0.279,630000,5,3,https://polaris3g.mecklenburgcountync.gov/?pid=17517302
17517402,MECKLENBURG COUNTY,County government,3024 MANOR RD CHARLOTTE NC,CHARLOTTE,GREENWAY TRAIL,"Public land, ROW & utility",0.219,630000,5,0,https://polaris3g.mecklenburgcountync.gov/?pid=17517402
08310209,CHARLOTTE MECKLENBURG BOARD OF EDUCATION,CMS (Board of Education),800 EVERETT PL CHARLOTTE NC,CHARLOTTE,SCHOOL - PUBLIC,Institutional,5.248,17720000,5,4,https://polaris3g.mecklenburgcountync.gov/?pid=08310209
02760323,MECKLENBURG COUNTY,County government,BROWNE RD CHARLOTTE NC,CHARLOTTE,OTHER COUNTY PROPERTY,"Public land, ROW & utility",1.288,5100,5,4,https://polaris3g.mecklenburgcountync.gov/?pid=02760323
10509129,CHARLOTTE MECKLENBURG BOARD OF EDUCATION,CMS (Board of Education),7601 THE PLAZA CHARLOTTE NC,CHARLOTTE,SCHOOL - PUBLIC,Institutional,45.686,55950700,5,4,https://polaris3g.mecklenburgcountync.gov/?pid=10509129
11904216,MECKLENBURG COUNTY,County government,1233 SPRUCE ST CHARLOTTE NC,CHARLOTTE,SINGLE FAMILY RESIDENTIAL,Single-family homes,0.158,280000,5,4,https://polaris3g.mecklenburgcountync.gov/?pid=11904216
18507101,MECKLENBURG COUNTY,County government,5122 LYNCREST PL CHARLOTTE NC,CHARLOTTE,FLUM/SWIM FLOODWAY (NO BUILD ZONE),"Vacant, floodplain & farm",0.815,90000,5,4,https://polaris3g.mecklenburgcountync.gov/?pid=18507101
08313407,MECKLENBURG COUNTY,County government,1808 UMSTEAD ST CHARLOTTE NC,CHARLOTTE,REC AREA,"Public land, ROW & utility",0.188,380000,5,3,https://polaris3g.mecklenburgcountync.gov/?pid=08313407
21109225,MECKLENBURG COUNTY,County government,7230 LANCER DR CHARLOTTE NC,CHARLOTTE,OTHER COUNTY PROPERTY,"Public land, ROW & utility",0.298,18800,5,4,https://polaris3g.mecklenburgcountync.gov/?pid=21109225
17517306,MECKLENBURG COUNTY,County government,3336 WESTFIELD RD CHARLOTTE NC,CHARLOTTE,GREENWAY TRAIL,"Public land, ROW & utility",0.212,630000,5,3,https://polaris3g.mecklenburgcountync.gov/?pid=17517306
18729112,MECKLENBURG COUNTY,County government,7545 VALLEYBROOK RD CHARLOTTE NC,CHARLOTTE,OTHER COUNTY PROPERTY,"Public land, ROW & utility",1.621,132600,5,3,https://polaris3g.mecklenburgcountync.gov/?pid=18729112
08109919,MECKLENBURG COUNTY,County government,802 E 15TH ST CHARLOTTE NC,CHARLOTTE,REC AREA,"Public land, ROW & utility",0.171,175000,5,2,https://polaris3g.mecklenburgcountync.gov/?pid=08109919
07707515,MECKLENBURG COUNTY,County government,920 RODEY AV CHARLOTTE NC,CHARLOTTE,REC AREA,"Public land, ROW & utility",0.168,85000,5,0,https://polaris3g.mecklenburgcountync.gov/?pid=07707515
14521210,MECKLENBURG COUNTY,County government,4115 WHITEHURST RD CHARLOTTE NC,CHARLOTTE,SINGLE FAMILY RESIDENTIAL,Single-family homes,0.588,102000,5,1,https://polaris3g.mecklenburgcountync.gov/?pid=14521210
14322102,MECKLENBURG COUNTY,County government,3140 BEAM RD CHARLOTTE NC,CHARLOTTE,OTHER COUNTY PROPERTY,"Public land, ROW & utility",9.988,542400,5,4,https://polaris3g.mecklenburgcountync.gov/?pid=14322102
09906214,MECKLENBURG COUNTY,County government,2235 JENNIE LINN DR CHARLOTTE NC,CHARLOTTE,FLUM/SWIM FLOODWAY (NO BUILD ZONE),"Vacant, floodplain & farm",0.296,58500,5,2,https://polaris3g.mecklenburgcountync.gov/?pid=09906214
04307464,MECKLENBURG COUNTY,County government,5701 W SUGAR CREEK RD CHARLOTTE NC,CHARLOTTE,COMMERCIAL,Commercial & office,5.238,892500,5,5,https://polaris3g.mecklenburgcountync.gov/?pid=04307464
20517136,MECKLENBURG COUNTY,County government,E ARROWOOD RD CHARLOTTE NC,CHARLOTTE,OTHER COUNTY PROPERTY,"Public land, ROW & utility",4.509,150400,5,4,https://polaris3g.mecklenburgcountync.gov/?pid=20517136
15707237,CHARLOTTE MECKLENBURG HOSPITAL AUTHORITY,Hospital Authority (Atrium),3621 RANDOLPH RD CHARLOTTE NC,CHARLOTTE,MEDICAL OFFICE,Commercial & office,5.950,11900900,5,5,https://polaris3g.mecklenburgcountync.gov/?pid=15707237
10511105,MECKLENBURG COUNTY,County government,8201 THE PLAZA CHARLOTTE NC,CHARLOTTE,MULTI FAMILY,Multi-family,72.544,3500600,5,2,https://polaris3g.mecklenburgcountync.gov/?pid=10511105
14521211,MECKLENBURG COUNTY,County government,4108 CRESTRIDGE DR CHARLOTTE NC,CHARLOTTE,SINGLE FAMILY RESIDENTIAL,Single-family homes,0.578,102000,5,1,https://polaris3g.mecklenburgcountync.gov/?pid=14521211
17517308,MECKLENBURG COUNTY,County government,3328 WESTFIELD RD CHARLOTTE NC,CHARLOTTE,GREENWAY TRAIL,"Public land, ROW & utility",0.210,630000,5,3,https://polaris3g.mecklenburgcountync.gov/?pid=17517308
08109211,MECKLENBURG COUNTY,County government,620 E 16TH ST CHARLOTTE NC,CHARLOTTE,REC AREA,"Public land, ROW & utility",0.512,162500,5,4,https://polaris3g.mecklenburgcountync.gov/?pid=08109211
02930112,MECKLENBURG COUNTY,County government,RIDGE RD UNINC NC,MECKLENBURG COUNTY-UNINCORPORATED,SINGLE FAMILY RESIDENTIAL - ACREAGE,Single-family homes,3.375,292800,5,2,https://polaris3g.mecklenburgcountync.gov/?pid=02930112
16915111,MECKLENBURG COUNTY,County government,REYNOLDS AV CHARLOTTE NC,CHARLOTTE,OTHER COUNTY PROPERTY,"Public land, ROW & utility",0.372,21700,5,2,https://polaris3g.mecklenburgcountync.gov/?pid=16915111
02933107,MECKLENBURG COUNTY,County government,3825 JOHNSTON OEHLER RD CHARLOTTE NC,CHARLOTTE,SINGLE FAMILY RESIDENTIAL - ACREAGE,Single-family homes,57.158,44706600,5,4,https://polaris3g.mecklenburgcountync.gov/?pid=02933107
14517923,MECKLENBURG COUNTY,County government,3607 REID AV CHARLOTTE NC,CHARLOTTE,OTHER COUNTY PROPERTY,"Public land, ROW & utility",0.596,34900,5,1,https://polaris3g.mecklenburgcountync.gov/?pid=14517923
19354103,MECKLENBURG COUNTY,County government,E INDEPENDENCE BV CHARLOTTE NC,CHARLOTTE,100 YEAR FLOOD PLAIN - AC,"Vacant, floodplain & farm",3.764,129200,5,2,https://polaris3g.mecklenburgcountync.gov/?pid=19354103
07103203,MECKLENBURG COUNTY,County government,TUCKASEEGEE RD CHARLOTTE NC,CHARLOTTE,OTHER COUNTY PROPERTY,"Public land, ROW & utility",1.807,143900,5,4,https://polaris3g.mecklenburgcountync.gov/?pid=07103203
07504316,MECKLENBURG COUNTY,County government,2021 KENNESAW DR CHARLOTTE NC,CHARLOTTE,REC AREA,"Public land, ROW & utility",0.161,12200,5,3,https://polaris3g.mecklenburgcountync.gov/?pid=07504316
02930112,MECKLENBURG COUNTY,County government,4503 RIDGE RD CHARLOTTE NC,CHARLOTTE,SINGLE FAMILY RESIDENTIAL - ACREAGE,Single-family homes,3.375,121500,5,2,https://polaris3g.mecklenburgcountync.gov/?pid=02930112
09911608,MECKLENBURG COUNTY,County government,5412 KINSALE LN CHARLOTTE NC,CHARLOTTE,SINGLE FAMILY RESIDENTIAL,Single-family homes,0.333,121800,5,1,https://polaris3g.mecklenburgcountync.gov/?pid=09911608
00514228,CHARLOTTE MECKLENBURG BOARD OF EDUCATION,CMS (Board of Education),WASHAM POTTS RD CORNELIUS NC,CORNELIUS,SCHOOL - PUBLIC,Institutional,0.822,334700,5,3,https://polaris3g.mecklenburgcountync.gov/?pid=00514228
09906201,MECKLENBURG COUNTY,County government,PURSER DR CHARLOTTE NC,CHARLOTTE,SINGLE FAMILY RESIDENTIAL,Single-family homes,0.485,58500,5,3,https://polaris3g.mecklenburgcountync.gov/?pid=09906201
17518240,MECKLENBURG COUNTY,County government,ARBOR LN CHARLOTTE NC,CHARLOTTE,OTHER COUNTY PROPERTY,"Public land, ROW & utility",0.042,7400,5,2,https://polaris3g.mecklenburgcountync.gov/?pid=17518240
01546112,MECKLENBURG COUNTY,County government,MCCOY RD HUNTERSVILLE NC,HUNTERSVILLE,SINGLE FAMILY RESIDENTIAL - ACREAGE,Single-family homes,22.420,1502500,5,2,https://polaris3g.mecklenburgcountync.gov/?pid=01546112
07707518,MECKLENBURG COUNTY,County government,908 RODEY AV CHARLOTTE NC,CHARLOTTE,REC AREA,"Public land, ROW & utility",0.170,85000,5,0,https://polaris3g.mecklenburgcountync.gov/?pid=07707518
20709349,MECKLENBURG COUNTY,County government,LEITNER DR PINEVILLE NC,PINEVILLE,GREENWAY TRAIL,"Public land, ROW & utility",16.398,687100,5,2,https://polaris3g.mecklenburgcountync.gov/?pid=20709349
09906204,MECKLENBURG COUNTY,County government,2224 PURSER DR CHARLOTTE NC,CHARLOTTE,SINGLE FAMILY RESIDENTIAL,Single-family homes,0.249,58500,5,3,https://polaris3g.mecklenburgcountync.gov/?pid=09906204
22136202,MECKLENBURG COUNTY,County government,11823 JOHNSTON RD CHARLOTTE NC,CHARLOTTE,OTHER COUNTY PROPERTY,"Public land, ROW & utility",0.896,210500,5,4,https://polaris3g.mecklenburgcountync.gov/?pid=22136202
16515136,MECKLENBURG COUNTY,County government,ST PETER'S LN CHARLOTTE NC,CHARLOTTE,OTHER COUNTY PROPERTY,"Public land, ROW & utility",9.645,245100,5,4,https://polaris3g.mecklenburgcountync.gov/?pid=16515136
11507501,MECKLENBURG COUNTY,County government,4435 GOLF ACRES DR CHARLOTTE NC,CHARLOTTE,OTHER COUNTY PROPERTY,"Public land, ROW & utility",6.100,386100,5,4,https://polaris3g.mecklenburgcountync.gov/?pid=11507501
19108110,MECKLENBURG COUNTY,County government,MONROE RD CHARLOTTE NC,CHARLOTTE,OTHER COUNTY PROPERTY,"Public land, ROW & utility",1.456,129000,5,1,https://polaris3g.mecklenburgcountync.gov/?pid=19108110
04732286,MECKLENBURG COUNTY,County government,MOUNTAINWATER DR CHARLOTTE NC,CHARLOTTE,SINGLE FAMILY RESIDENTIAL - ACREAGE,Single-family homes,0.733,91000,5,4,https://polaris3g.mecklenburgcountync.gov/?pid=04732286
05531104,MECKLENBURG COUNTY,County government,1500 LITTLE ROCK RD CHARLOTTE NC,CHARLOTTE,SINGLE FAMILY RESIDENTIAL,Single-family homes,8.526,428400,5,1,https://polaris3g.mecklenburgcountync.gov/?pid=05531104
14521103,MECKLENBURG COUNTY,County government,4108 WHITEHURST RD CHARLOTTE NC,CHARLOTTE,FLUM/SWIM FLOODWAY (NO BUILD ZONE),"Vacant, floodplain & farm",0.368,84000,5,0,https://polaris3g.mecklenburgcountync.gov/?pid=14521103
07707512,MECKLENBURG COUNTY,County government,RODEY AV CHARLOTTE NC,CHARLOTTE,REC AREA,"Public land, ROW & utility",0.178,85000,5,0,https://polaris3g.mecklenburgcountync.gov/?pid=07707512
08303136,MECKLENBURG COUNTY,County government,3212 BENARD AV CHARLOTTE NC,CHARLOTTE,OTHER COUNTY PROPERTY,"Public land, ROW & utility",0.691,770200,5,2,https://polaris3g.mecklenburgcountync.gov/?pid=08303136
22917108,CHARLOTTE MECKLENBURG HOSPITAL AUTHORITY,Hospital Authority (Atrium),11504 PROVIDENCE RD CHARLOTTE NC,CHARLOTTE,COMMERCIAL,Commercial & office,10.126,19255400,5,5,https://polaris3g.mecklenburgcountync.gov/?pid=22917108
01318109,MECKLENBURG COUNTY,County government,NECK RD UNINC NC,MECKLENBURG COUNTY-UNINCORPORATED,SINGLE FAMILY RESIDENTIAL,Single-family homes,57.215,1994500,5,2,https://polaris3g.mecklenburgcountync.gov/?pid=01318109
22730248,MECKLENBURG COUNTY,County government,RETANA DR CHARLOTTE NC,CHARLOTTE,GREENWAY TRAIL,"Public land, ROW & utility",1.085,13600,5,4,https://polaris3g.mecklenburgcountync.gov/?pid=22730248
14521108,MECKLENBURG COUNTY,County government,4018 WHITEHURST RD CHARLOTTE NC,CHARLOTTE,SINGLE FAMILY RESIDENTIAL,Single-family homes,0.356,120000,5,0,https://polaris3g.mecklenburgcountync.gov/?pid=14521108
17517502,MECKLENBURG COUNTY,County government,320 FIELDBROOK PL CHARLOTTE NC,CHARLOTTE,GREENWAY TRAIL,"Public land, ROW & utility",0.264,630000,5,2,https://polaris3g.mecklenburgcountync.gov/?pid=17517502
14521209,MECKLENBURG COUNTY,County government,4109 WHITEHURST RD CHARLOTTE NC,CHARLOTTE,FLUM/SWIM FLOODWAY (NO BUILD ZONE),"Vacant, floodplain & farm",0.296,120000,5,0,https://polaris3g.mecklenburgcountync.gov/?pid=14521209
15512301,MECKLENBURG COUNTY,County government,1727 PROVIDENCE RD CHARLOTTE NC,CHARLOTTE,OTHER COUNTY PROPERTY,"Public land, ROW & utility",2.332,982700,5,4,https://polaris3g.mecklenburgcountync.gov/?pid=15512301
15111206,MECKLENBURG COUNTY,County government,3000 WESTFIELD RD CHARLOTTE NC,CHARLOTTE,FLUM/SWIM FLOODWAY (NO BUILD ZONE),"Vacant, floodplain & farm",0.804,980000,5,1,https://polaris3g.mecklenburgcountync.gov/?pid=15111206
05533119,CHARLOTTE MECKLENBURG BOARD OF EDUCATION,CMS (Board of Education),TUCKASEEGEE RD CHARLOTTE NC,CHARLOTTE,SINGLE FAMILY RESIDENTIAL - ACREAGE,Single-family homes,1.175,153600,5,5,https://polaris3g.mecklenburgcountync.gov/?pid=05533119
02307102,MECKLENBURG COUNTY,County government,6300 SAMPLE RD UNINC NC,MECKLENBURG COUNTY-UNINCORPORATED,RIGHT OF WAY,"Public land, ROW & utility",12.477,0,5,0,https://polaris3g.mecklenburgcountync.gov/?pid=02307102
11102199,MECKLENBURG COUNTY,County government,ROBINSON CHURCH RD CHARLOTTE NC,CHARLOTTE,100 YEAR FLOOD PLAIN - AC,"Vacant, floodplain & farm",1.289,12100,5,3,https://polaris3g.mecklenburgcountync.gov/?pid=11102199
10537104,MECKLENBURG COUNTY,County government,1900 BACK CREEK DR CHARLOTTE NC,CHARLOTTE,100 YEAR FLOOD PLAIN - AC,"Vacant, floodplain & farm",6.269,198200,5,5,https://polaris3g.mecklenburgcountync.gov/?pid=10537104
20303126,MECKLENBURG COUNTY,County government,FOREST POINT BV CHARLOTTE NC,CHARLOTTE,OTHER COUNTY PROPERTY,"Public land, ROW & utility",0.518,30300,5,4,https://polaris3g.mecklenburgcountync.gov/?pid=20303126
20708108,MECKLENBURG COUNTY,County government,N POLK ST PINEVILLE NC,PINEVILLE,100 YEAR FLOOD PLAIN - AC,"Vacant, floodplain & farm",6.810,356200,5,3,https://polaris3g.mecklenburgcountync.gov/?pid=20708108
00519144,MECKLENBURG COUNTY,County government,NANNIE POTTS LN CORNELIUS NC,CORNELIUS,OTHER COUNTY PROPERTY,"Public land, ROW & utility",0.668,44100,5,3,https://polaris3g.mecklenburgcountync.gov/?pid=00519144
03115222,MECKLENBURG COUNTY,County government,1104 RIVERSIDE DR CHARLOTTE NC,CHARLOTTE,SINGLE FAMILY RESIDENTIAL,Single-family homes,0.389,136500,5,1,https://polaris3g.mecklenburgcountync.gov/?pid=03115222
07504333,MECKLENBURG COUNTY,County government,2021 JENNINGS ST CHARLOTTE NC,CHARLOTTE,REC AREA,"Public land, ROW & utility",0.164,12200,5,0,https://polaris3g.mecklenburgcountync.gov/?pid=07504333
07707616,MECKLENBURG COUNTY,County government,1408 NORRIS AV CHARLOTTE NC,CHARLOTTE,REC AREA,"Public land, ROW & utility",0.158,85000,5,0,https://polaris3g.mecklenburgcountync.gov/?pid=07707616
14521104,MECKLENBURG COUNTY,County government,4100 WHITEHURST RD CHARLOTTE NC,CHARLOTTE,FLUM/SWIM FLOODWAY (NO BUILD ZONE),"Vacant, floodplain & farm",0.382,84000,5,0,https://polaris3g.mecklenburgcountync.gov/?pid=14521104
18925128,MECKLENBURG COUNTY,County government,THERMAL RD CHARLOTTE NC,CHARLOTTE,SINGLE FAMILY RESIDENTIAL,Single-family homes,0.562,185600,5,4,https://polaris3g.mecklenburgcountync.gov/?pid=18925128
01302449,MECKLENBURG COUNTY,County government,5900 PAMELA ST HUNTERSVILLE NC,HUNTERSVILLE,SINGLE FAMILY RESIDENTIAL,Single-family homes,0.902,72500,5,4,https://polaris3g.mecklenburgcountync.gov/?pid=01302449
01705112,CHARLOTTE MECKLENBURG BOARD OF EDUCATION,CMS (Board of Education),12202 HAMBRIGHT RD HUNTERSVILLE NC,HUNTERSVILLE,SCHOOL - PUBLIC,Institutional,41.644,41552300,5,4,https://polaris3g.mecklenburgcountync.gov/?pid=01705112
15301231,CHARLOTTE MECKLENBURG HOSPITAL AUTHORITY,Hospital Authority (Atrium),1356 E MOREHEAD ST CHARLOTTE NC,CHARLOTTE,OFFICE,Commercial & office,4.272,73045400,5,0,https://polaris3g.mecklenburgcountync.gov/?pid=15301231
06305358,CHARLOTTE MECKLENBURG BOARD OF EDUCATION,CMS (Board of Education),BRADFORD DR CHARLOTTE NC,CHARLOTTE,SINGLE FAMILY RESIDENTIAL,Single-family homes,0.296,50000,5,4,https://polaris3g.mecklenburgcountync.gov/?pid=06305358
18929153,MECKLENBURG COUNTY,County government,8870 MONROE RD CHARLOTTE NC,CHARLOTTE,OTHER COUNTY PROPERTY,"Public land, ROW & utility",3.983,197700,5,0,https://polaris3g.mecklenburgcountync.gov/?pid=18929153
01922329,MECKLENBURG COUNTY,County government,VENEZIA LN HUNTERSVILLE NC,HUNTERSVILLE,OTHER MUNICIPAL,"Public land, ROW & utility",3.636,177300,5,3,https://polaris3g.mecklenburgcountync.gov/?pid=01922329
11501513,MECKLENBURG COUNTY,County government,2721 MAYFAIR AV CHARLOTTE NC,CHARLOTTE,REC AREA,"Public land, ROW & utility",0.412,60000,5,0,https://polaris3g.mecklenburgcountync.gov/?pid=11501513
07707505,MECKLENBURG COUNTY,County government,HOLLAND AV CHARLOTTE NC,CHARLOTTE,REC AREA,"Public land, ROW & utility",0.173,85000,5,0,https://polaris3g.mecklenburgcountync.gov/?pid=07707505
16717211,MECKLENBURG COUNTY,County government,W ARROWOOD RD CHARLOTTE NC,CHARLOTTE,OTHER COUNTY PROPERTY,"Public land, ROW & utility",10.373,603000,5,2,https://polaris3g.mecklenburgcountync.gov/?pid=16717211
07509310,MECKLENBURG COUNTY,County government,1039 ANDRILL TR CHARLOTTE NC,CHARLOTTE,FLUM/SWIM FLOODWAY (NO BUILD ZONE),"Vacant, floodplain & farm",0.209,24800,5,1,https://polaris3g.mecklenburgcountync.gov/?pid=07509310
07707606,MECKLENBURG COUNTY,County government,921 RODEY AV CHARLOTTE NC,CHARLOTTE,REC AREA,"Public land, ROW & utility",0.333,93500,5,0,https://polaris3g.mecklenburgcountync.gov/?pid=07707606
07707517,MECKLENBURG COUNTY,County government,912 RODEY AV CHARLOTTE NC,CHARLOTTE,REC AREA,"Public land, ROW & utility",0.179,199500,5,0,https://polaris3g.mecklenburgcountync.gov/?pid=07707517
07509307,MECKLENBURG COUNTY,County government,1027 ANDRILL TR CHARLOTTE NC,CHARLOTTE,FLUM/SWIM FLOODWAY (NO BUILD ZONE),"Vacant, floodplain & farm",0.266,24800,5,1,https://polaris3g.mecklenburgcountync.gov/?pid=07509307
20520365,MECKLENBURG COUNTY,County government,BLU HERON RD CHARLOTTE NC,CHARLOTTE,COS NO AV10,HOA common area,1.226,7300,5,4,https://polaris3g.mecklenburgcountync.gov/?pid=20520365
19915107,MECKLENBURG COUNTY,County government,WINGET RD CHARLOTTE NC,CHARLOTTE,SINGLE FAMILY RESIDENTIAL,Single-family homes,22.784,1161200,5,1,https://polaris3g.mecklenburgcountync.gov/?pid=19915107
14521109,MECKLENBURG COUNTY,County government,4012 WHITEHURST RD CHARLOTTE NC,CHARLOTTE,SINGLE FAMILY RESIDENTIAL,Single-family homes,0.371,84000,5,0,https://polaris3g.mecklenburgcountync.gov/?pid=14521109
07509309,MECKLENBURG COUNTY,County government,1035 ANDRILL TR CHARLOTTE NC,CHARLOTTE,FLUM/SWIM FLOODWAY (NO BUILD ZONE),"Vacant, floodplain & farm",0.224,24800,5,1,https://polaris3g.mecklenburgcountync.gov/?pid=07509309
07707504,MECKLENBURG COUNTY,County government,913 HOLLAND AV CHARLOTTE NC,CHARLOTTE,REC AREA,"Public land, ROW & utility",0.176,85000,5,0,https://polaris3g.mecklenburgcountync.gov/?pid=07707504
07707615,MECKLENBURG COUNTY,County government,1412 NORRIS AV CHARLOTTE NC,CHARLOTTE,REC AREA,"Public land, ROW & utility",0.177,85000,5,0,https://polaris3g.mecklenburgcountync.gov/?pid=07707615
08303107,MECKLENBURG COUNTY,County government,3200 CULLMAN AV CHARLOTTE NC,CHARLOTTE,OTHER COUNTY PROPERTY,"Public land, ROW & utility",0.920,503800,5,4,https://polaris3g.mecklenburgcountync.gov/?pid=08303107
09313125,MECKLENBURG COUNTY,County government,2964 DUNLAVIN WY CHARLOTTE NC,CHARLOTTE,OTHER COUNTY PROPERTY,"Public land, ROW & utility",0.316,93500,5,5,https://polaris3g.mecklenburgcountync.gov/?pid=09313125
07707614,MECKLENBURG COUNTY,County government,1416 NORRIS AV CHARLOTTE NC,CHARLOTTE,REC AREA,"Public land, ROW & utility",0.338,93500,5,0,https://polaris3g.mecklenburgcountync.gov/?pid=07707614
10507106,MECKLENBURG COUNTY,County government,2986 ROCKY RIVER RD CHARLOTTE NC,CHARLOTTE,MULTI FAMILY,Multi-family,76.468,4660100,5,0,https://polaris3g.mecklenburgcountync.gov/?pid=10507106
22904102,MECKLENBURG COUNTY,County government,BLAKENEY HEATH RD CHARLOTTE NC,CHARLOTTE,REC AREA,"Public land, ROW & utility",15.823,834500,5,3,https://polaris3g.mecklenburgcountync.gov/?pid=22904102
03516205,CHARLOTTE MECKLENBURG BOARD OF EDUCATION,CMS (Board of Education),1825 OAKDALE RD CHARLOTTE NC,CHARLOTTE,SCHOOL - PUBLIC,Institutional,8.809,7229900,5,3,https://polaris3g.mecklenburgcountync.gov/?pid=03516205
04725218,PUBLIC LIBRARY OF CHARLOTTE AND MECKLENBURG COUNTY,Library / ABC / Landmarks,5528 WATERS EDGE VILLAGE DR CHARLOTTE NC,CHARLOTTE,COMMERCIAL,Commercial & office,0.905,8617500,5,5,https://polaris3g.mecklenburgcountync.gov/?pid=04725218
10537130,MECKLENBURG COUNTY,County government,BACK CREEK DR CHARLOTTE NC,CHARLOTTE,100 YEAR FLOOD PLAIN - AC,"Vacant, floodplain & farm",2.089,86600,5,4,https://polaris3g.mecklenburgcountync.gov/?pid=10537130
17517311,MECKLENBURG COUNTY,County government,3316 WESTFIELD RD CHARLOTTE NC,CHARLOTTE,GREENWAY TRAIL,"Public land, ROW & utility",0.200,630000,5,3,https://polaris3g.mecklenburgcountync.gov/?pid=17517311
01522310,MECKLENBURG COUNTY,County government,MCCOY RD HUNTERSVILLE NC,HUNTERSVILLE,SINGLE FAMILY RESIDENTIAL - ACREAGE,Single-family homes,3.671,224600,5,4,https://polaris3g.mecklenburgcountync.gov/?pid=01522310
01908109,MECKLENBURG COUNTY,County government,DELLWOOD DR HUNTERSVILLE NC,HUNTERSVILLE,OTHER MUNICIPAL,"Public land, ROW & utility",0.165,22500,5,4,https://polaris3g.mecklenburgcountync.gov/?pid=01908109
07707506,MECKLENBURG COUNTY,County government,921 HOLLAND AV CHARLOTTE NC,CHARLOTTE,REC AREA,"Public land, ROW & utility",0.168,85000,5,0,https://polaris3g.mecklenburgcountync.gov/?pid=07707506
07707507,MECKLENBURG COUNTY,County government,925 HOLLAND AV CHARLOTTE NC,CHARLOTTE,REC AREA,"Public land, ROW & utility",0.172,85000,5,0,https://polaris3g.mecklenburgcountync.gov/?pid=07707507
01313103,MECKLENBURG COUNTY,County government,BEATTIES FORD RD HUNTERSVILLE NC,HUNTERSVILLE,SINGLE FAMILY RESIDENTIAL - ACREAGE,Single-family homes,21.600,849400,5,4,https://polaris3g.mecklenburgcountync.gov/?pid=01313103
16712104,CHARLOTTE MECKLENBURG BOARD OF EDUCATION,CMS (Board of Education),7030 NATIONS FORD RD CHARLOTTE NC,CHARLOTTE,SCHOOL - PUBLIC,Institutional,10.838,39721300,5,1,https://polaris3g.mecklenburgcountync.gov/?pid=16712104
22109397,MECKLENBURG COUNTY,County government,PINEVILLE FOREST DR PINEVILLE NC,PINEVILLE,FLUM/SWIM FLOODWAY (NO BUILD ZONE),"Vacant, floodplain & farm",2.386,57100,5,4,https://polaris3g.mecklenburgcountync.gov/?pid=22109397
16516113,MECKLENBURG COUNTY,County government,WALLACE RD CHARLOTTE NC,CHARLOTTE,100 YEAR FLOOD PLAIN - AC,"Vacant, floodplain & farm",0.711,41500,5,3,https://polaris3g.mecklenburgcountync.gov/?pid=16516113
14108306,MECKLENBURG COUNTY,County government,EAGLE LAKE DR CHARLOTTE NC,CHARLOTTE,100 YEAR FLOOD PLAIN - AC,"Vacant, floodplain & farm",4.364,51000,5,3,https://polaris3g.mecklenburgcountync.gov/?pid=14108306
02304216,MECKLENBURG COUNTY,County government,BEATTIES FORD RD UNINC NC,MECKLENBURG COUNTY-UNINCORPORATED,SINGLE FAMILY RESIDENTIAL - ACREAGE,Single-family homes,17.903,620000,5,1,https://polaris3g.mecklenburgcountync.gov/?pid=02304216
20710221,CHARLOTTE MECKLENBURG HOSPITAL AUTHORITY,Hospital Authority (Atrium),WILLOW RIDGE RD PINEVILLE NC,PINEVILLE,COMMERCIAL,Commercial & office,1.838,1961300,5,4,https://polaris3g.mecklenburgcountync.gov/?pid=20710221
14517311,MECKLENBURG COUNTY,County government,AMAY JAMES AV CHARLOTTE NC,CHARLOTTE,REC AREA,"Public land, ROW & utility",2.798,164500,5,1,https://polaris3g.mecklenburgcountync.gov/?pid=14517311
03142197,MECKLENBURG COUNTY,County government,LAWING SCHOOL RD CHARLOTTE NC,CHARLOTTE,SINGLE FAMILY RESIDENTIAL - ACREAGE,Single-family homes,3.407,176500,5,3,https://polaris3g.mecklenburgcountync.gov/?pid=03142197
07707519,MECKLENBURG COUNTY,County government,RODEY AV CHARLOTTE NC,CHARLOTTE,REC AREA,"Public land, ROW & utility",0.175,85000,5,0,https://polaris3g.mecklenburgcountync.gov/?pid=07707519
07707503,MECKLENBURG COUNTY,County government,HOLLAND AV CHARLOTTE NC,CHARLOTTE,REC AREA,"Public land, ROW & utility",0.163,85000,5,0,https://polaris3g.mecklenburgcountync.gov/?pid=07707503
05301199,MECKLENBURG COUNTY,County government,BETHANY DALLAS DR UNINC NC,MECKLENBURG COUNTY-UNINCORPORATED,"WASTELAND, SLIVERS, GULLIES, ROCK OUTCROP","Vacant, floodplain & farm",0.167,400,5,5,https://polaris3g.mecklenburgcountync.gov/?pid=05301199
08002304,MECKLENBURG COUNTY,County government,345 N COLLEGE ST CHARLOTTE NC,CHARLOTTE,COMMERCIAL,Commercial & office,0.806,12595600,5,0,https://polaris3g.mecklenburgcountync.gov/?pid=08002304
10507107,MECKLENBURG COUNTY,County government,GRIER RD CHARLOTTE NC,CHARLOTTE,REC AREA,"Public land, ROW & utility",33.620,2405400,5,0,https://polaris3g.mecklenburgcountync.gov/?pid=10507107
18921108,MECKLENBURG COUNTY,County government,MONROE RD CHARLOTTE NC,CHARLOTTE,OTHER COUNTY PROPERTY,"Public land, ROW & utility",2.317,160200,5,2,https://polaris3g.mecklenburgcountync.gov/?pid=18921108
04704312,CHARLOTTE MECKLENBURG BOARD OF EDUCATION,CMS (Board of Education),6115 RUMPLE RD CHARLOTTE NC,CHARLOTTE,SINGLE FAMILY RESIDENTIAL,Single-family homes,0.948,347700,5,5,https://polaris3g.mecklenburgcountync.gov/?pid=04704312
04928103,MECKLENBURG COUNTY,County government,CHANCELLOR PARK DR CHARLOTTE NC,CHARLOTTE,100 YEAR FLOOD PLAIN - AC,"Vacant, floodplain & farm",4.162,115600,5,2,https://polaris3g.mecklenburgcountync.gov/?pid=04928103
08109918,MECKLENBURG COUNTY,County government,804 E 15TH ST CHARLOTTE NC,CHARLOTTE,REC AREA,"Public land, ROW & utility",0.180,175000,5,3,https://polaris3g.mecklenburgcountync.gov/?pid=08109918
08110214,MECKLENBURG COUNTY,County government,612 E 19TH ST CHARLOTTE NC,CHARLOTTE,REC AREA,"Public land, ROW & utility",0.161,175000,5,2,https://polaris3g.mecklenburgcountync.gov/?pid=08110214
14521107,MECKLENBURG COUNTY,County government,4024 WHITEHURST RD CHARLOTTE NC,CHARLOTTE,SINGLE FAMILY RESIDENTIAL,Single-family homes,0.360,84000,5,0,https://polaris3g.mecklenburgcountync.gov/?pid=14521107
11501512,MECKLENBURG COUNTY,County government,2707 MAYFAIR AV CHARLOTTE NC,CHARLOTTE,REC AREA,"Public land, ROW & utility",0.267,35000,5,1,https://polaris3g.mecklenburgcountync.gov/?pid=11501512
15111303,MECKLENBURG COUNTY,County government,1630 GENEVA CT CHARLOTTE NC,CHARLOTTE,FLUM/SWIM FLOODWAY (NO BUILD ZONE),"Vacant, floodplain & farm",0.350,490000,5,4,https://polaris3g.mecklenburgcountync.gov/?pid=15111303
19308116,MECKLENBURG COUNTY,County government,7650 E INDEPENDENCE BV CHARLOTTE NC,CHARLOTTE,100 YEAR FLOOD PLAIN - AC,"Vacant, floodplain & farm",2.363,76400,5,3,https://polaris3g.mecklenburgcountync.gov/?pid=19308116
08109905,MECKLENBURG COUNTY,County government,829 BELMONT AV CHARLOTTE NC,CHARLOTTE,REC AREA,"Public land, ROW & utility",0.173,175000,5,2,https://polaris3g.mecklenburgcountync.gov/?pid=08109905
09911619,MECKLENBURG COUNTY,County government,5337 DOLPHIN LN CHARLOTTE NC,CHARLOTTE,SINGLE FAMILY RESIDENTIAL,Single-family homes,0.328,121600,5,3,https://polaris3g.mecklenburgcountync.gov/?pid=09911619
14521105,MECKLENBURG COUNTY,County government,4036 WHITEHURST RD CHARLOTTE NC,CHARLOTTE,FLUM/SWIM FLOODWAY (NO BUILD ZONE),"Vacant, floodplain & farm",0.365,84000,5,0,https://polaris3g.mecklenburgcountync.gov/?pid=14521105
00519140,MECKLENBURG COUNTY,County government,21055 NANNIE POTTS LN CORNELIUS NC,CORNELIUS,OTHER COUNTY PROPERTY,"Public land, ROW & utility",0.667,44000,5,4,https://polaris3g.mecklenburgcountync.gov/?pid=00519140
17517309,MECKLENBURG COUNTY,County government,3324 WESTFIELD RD CHARLOTTE NC,CHARLOTTE,GREENWAY TRAIL,"Public land, ROW & utility",0.208,630000,5,3,https://polaris3g.mecklenburgcountync.gov/?pid=17517309
09911627,MECKLENBURG COUNTY,County government,5516 RUTH DR CHARLOTTE NC,CHARLOTTE,SINGLE FAMILY RESIDENTIAL,Single-family homes,0.440,104000,5,5,https://polaris3g.mecklenburgcountync.gov/?pid=09911627
01905281,MECKLENBURG COUNTY,County government,10015 VANGUARD PY HUNTERSVILLE NC,HUNTERSVILLE,OTHER COUNTY PROPERTY,"Public land, ROW & utility",3.476,555200,4,4,https://polaris3g.mecklenburgcountync.gov/?pid=01905281
09312530,MECKLENBURG COUNTY,County government,2941 DUNLAVIN WY CHARLOTTE NC,CHARLOTTE,OTHER COUNTY PROPERTY,"Public land, ROW & utility",0.293,93500,4,0,https://polaris3g.mecklenburgcountync.gov/?pid=09312530
01909502,MECKLENBURG COUNTY,County government,OLD STATESVILLE RD HUNTERSVILLE NC,HUNTERSVILLE,SINGLE FAMILY RESIDENTIAL - ACREAGE,Single-family homes,2.548,160400,4,4,https://polaris3g.mecklenburgcountync.gov/?pid=01909502
22943199,MECKLENBURG COUNTY,County government,WADE ARDREY RD CHARLOTTE NC,CHARLOTTE,OTHER COUNTY PROPERTY,"Public land, ROW & utility",21.102,670800,4,3,https://polaris3g.mecklenburgcountync.gov/?pid=22943199
16722195,MECKLENBURG COUNTY,County government,2632 S TRYON ST CHARLOTTE NC,CHARLOTTE,"WASTELAND, SLIVERS, GULLIES, ROCK OUTCROP","Vacant, floodplain & farm",0.013,700,4,1,https://polaris3g.mecklenburgcountync.gov/?pid=16722195
07110604,CHARLOTTE MECKLENBURG HOSPITAL AUTHORITY,Hospital Authority (Atrium),1821 ROZZELLES FERRY RD CHARLOTTE NC,CHARLOTTE,COMMERCIAL,Commercial & office,0.163,212000,4,3,https://polaris3g.mecklenburgcountync.gov/?pid=07110604
07504215,MECKLENBURG COUNTY,County government,HAINES ST CHARLOTTE NC,CHARLOTTE,REC AREA,"Public land, ROW & utility",0.087,14400,4,0,https://polaris3g.mecklenburgcountync.gov/?pid=07504215
06905112,MECKLENBURG COUNTY,County government,808 SELDON DR CHARLOTTE NC,CHARLOTTE,FLUM/SWIM FLOODWAY (NO BUILD ZONE),"Vacant, floodplain & farm",0.217,121900,4,2,https://polaris3g.mecklenburgcountync.gov/?pid=06905112
07512302,MECKLENBURG COUNTY,County government,2605 DOUBLE OAKS RD CHARLOTTE NC,CHARLOTTE,MULTI FAMILY,Multi-family,15.679,1548500,4,4,https://polaris3g.mecklenburgcountync.gov/?pid=07512302
20911208,MECKLENBURG COUNTY,County government,3505 JOHNNY CAKE LN CHARLOTTE NC,CHARLOTTE,SINGLE FAMILY RESIDENTIAL,Single-family homes,0.844,277500,4,3,https://polaris3g.mecklenburgcountync.gov/?pid=20911208
17517511,MECKLENBURG COUNTY,County government,319 ROCKLYN PL CHARLOTTE NC,CHARLOTTE,GREENWAY TRAIL,"Public land, ROW & utility",0.172,595000,4,2,https://polaris3g.mecklenburgcountync.gov/?pid=17517511
18510336,MECKLENBURG COUNTY,County government,5126 ADDISON DR CHARLOTTE NC,CHARLOTTE,FLUM/SWIM FLOODWAY (NO BUILD ZONE),"Vacant, floodplain & farm",0.426,313500,4,2,https://polaris3g.mecklenburgcountync.gov/?pid=18510336
22905799,MECKLENBURG COUNTY,County government,9506 COMMUNITY HOUSE RD CHARLOTTE NC,CHARLOTTE,OTHER COUNTY PROPERTY,"Public land, ROW & utility",2.445,74200,4,2,https://polaris3g.mecklenburgcountync.gov/?pid=22905799
11501504,MECKLENBURG COUNTY,County government,1628 DODGE AV CHARLOTTE NC,CHARLOTTE,REC AREA,"Public land, ROW & utility",0.200,64300,4,0,https://polaris3g.mecklenburgcountync.gov/?pid=11501504
00537162,MECKLENBURG COUNTY,County government,CRANLYN RD HUNTERSVILLE NC,HUNTERSVILLE,OTHER COUNTY PROPERTY,"Public land, ROW & utility",2.258,68500,4,4,https://polaris3g.mecklenburgcountync.gov/?pid=00537162
17108215,MECKLENBURG COUNTY,County government,1009 MOCKINGBIRD LN CHARLOTTE NC,CHARLOTTE,SINGLE FAMILY RESIDENTIAL,Single-family homes,0.283,261300,4,2,https://polaris3g.mecklenburgcountync.gov/?pid=17108215
06514302,MECKLENBURG COUNTY,County government,4024 BARLOWE RD CHARLOTTE NC,CHARLOTTE,SINGLE FAMILY RESIDENTIAL,Single-family homes,0.203,11300,4,2,https://polaris3g.mecklenburgcountync.gov/?pid=06514302
07813105,CHARLOTTE MECKLENBURG BOARD OF EDUCATION,CMS (Board of Education),329 N IRWIN AV CHARLOTTE NC,CHARLOTTE,SCHOOL - PUBLIC,Institutional,15.064,71744600,4,4,https://polaris3g.mecklenburgcountync.gov/?pid=07813105
07707613,MECKLENBURG COUNTY,County government,1424 NORRIS AV CHARLOTTE NC,CHARLOTTE,REC AREA,"Public land, ROW & utility",0.173,85000,4,0,https://polaris3g.mecklenburgcountync.gov/?pid=07707613
08303122,MECKLENBURG COUNTY,County government,3157 CULLMAN AV CHARLOTTE NC,CHARLOTTE,OTHER COUNTY PROPERTY,"Public land, ROW & utility",0.447,510400,4,1,https://polaris3g.mecklenburgcountync.gov/?pid=08303122
20926207,MECKLENBURG COUNTY,County government,4011 CARMEL ACRES DR CHARLOTTE NC,CHARLOTTE,SINGLE FAMILY RESIDENTIAL,Single-family homes,1.686,301000,4,4,https://polaris3g.mecklenburgcountync.gov/?pid=20926207
18511115,MECKLENBURG COUNTY,County government,1130 WILLHAVEN DR CHARLOTTE NC,CHARLOTTE,FLUM/SWIM FLOODWAY (NO BUILD ZONE),"Vacant, floodplain & farm",0.979,219800,4,2,https://polaris3g.mecklenburgcountync.gov/?pid=18511115
09911617,MECKLENBURG COUNTY,County government,5325 DOLPHIN LN CHARLOTTE NC,CHARLOTTE,SINGLE FAMILY RESIDENTIAL,Single-family homes,0.276,121600,4,2,https://polaris3g.mecklenburgcountync.gov/?pid=09911617
09911624,MECKLENBURG COUNTY,County government,5427 DOLPHIN LN CHARLOTTE NC,CHARLOTTE,SINGLE FAMILY RESIDENTIAL,Single-family homes,0.379,121600,4,2,https://polaris3g.mecklenburgcountync.gov/?pid=09911624
21309109,MECKLENBURG COUNTY,County government,OLD BELL RD CHARLOTTE NC,CHARLOTTE,GREENWAY TRAIL,"Public land, ROW & utility",2.614,79600,4,2,https://polaris3g.mecklenburgcountync.gov/?pid=21309109
06513416,MECKLENBURG COUNTY,County government,LANDER ST CHARLOTTE NC,CHARLOTTE,SINGLE FAMILY RESIDENTIAL,Single-family homes,0.178,50000,4,3,https://polaris3g.mecklenburgcountync.gov/?pid=06513416
06701405,MECKLENBURG COUNTY,County government,FREEDOM DR CHARLOTTE NC,CHARLOTTE,FLUM/SWIM FLOODWAY (NO BUILD ZONE),"Vacant, floodplain & farm",4.158,1215300,4,2,https://polaris3g.mecklenburgcountync.gov/?pid=06701405
01304211,MECKLENBURG COUNTY,County government,ALLISON FERRY RD HUNTERSVILLE NC,HUNTERSVILLE,SINGLE FAMILY RESIDENTIAL - WATERFRONT,Single-family homes,0.488,67200,4,3,https://polaris3g.mecklenburgcountync.gov/?pid=01304211
09510222,MECKLENBURG COUNTY,County government,1640 MASONIC DR CHARLOTTE NC,CHARLOTTE,GREENWAY TRAIL,"Public land, ROW & utility",0.438,180000,4,2,https://polaris3g.mecklenburgcountync.gov/?pid=09510222
12312410,CHARLOTTE MECKLENBURG HOSPITAL AUTHORITY,Hospital Authority (Atrium),1412 SCOTT AV CHARLOTTE NC,CHARLOTTE,OFFICE,Commercial & office,0.245,1113500,4,2,https://polaris3g.mecklenburgcountync.gov/?pid=12312410
07323114,MECKLENBURG COUNTY,County government,LITAKER AV CHARLOTTE NC,CHARLOTTE,OTHER COUNTY PROPERTY,"Public land, ROW & utility",1.030,1659200,4,2,https://polaris3g.mecklenburgcountync.gov/?pid=07323114
17509401,MECKLENBURG COUNTY,County government,2818 ARCADIA AV CHARLOTTE NC,CHARLOTTE,FLUM/SWIM FLOODWAY (NO BUILD ZONE),"Vacant, floodplain & farm",0.369,262500,4,3,https://polaris3g.mecklenburgcountync.gov/?pid=17509401
07509313,MECKLENBURG COUNTY,County government,1052 ANDRILL TR CHARLOTTE NC,CHARLOTTE,FLUM/SWIM FLOODWAY (NO BUILD ZONE),"Vacant, floodplain & farm",0.379,24800,4,1,https://polaris3g.mecklenburgcountync.gov/?pid=07509313
08003205,MECKLENBURG COUNTY,County government,615 N COLLEGE ST CHARLOTTE NC,CHARLOTTE,COMMERCIAL,Commercial & office,0.486,3921400,4,3,https://polaris3g.mecklenburgcountync.gov/?pid=08003205
09911605,MECKLENBURG COUNTY,County government,5430 KINSALE LN CHARLOTTE NC,CHARLOTTE,SINGLE FAMILY RESIDENTIAL,Single-family homes,0.266,121600,4,3,https://polaris3g.mecklenburgcountync.gov/?pid=09911605
04301139,MECKLENBURG COUNTY,County government,6501 ROCKWELL CHURCH RD CHARLOTTE NC,CHARLOTTE,MULTI FAMILY,Multi-family,0.782,124100,4,2,https://polaris3g.mecklenburgcountync.gov/?pid=04301139
16308309,MECKLENBURG COUNTY,County government,4743 EMORY LN CHARLOTTE NC,CHARLOTTE,SINGLE FAMILY RESIDENTIAL,Single-family homes,0.377,285000,4,3,https://polaris3g.mecklenburgcountync.gov/?pid=16308309
03107706,MECKLENBURG COUNTY,County government,221 FIELDING RD CHARLOTTE NC,CHARLOTTE,SINGLE FAMILY RESIDENTIAL,Single-family homes,0.979,35000,4,4,https://polaris3g.mecklenburgcountync.gov/?pid=03107706
03516208,CHARLOTTE MECKLENBURG BOARD OF EDUCATION,CMS (Board of Education),PLEASANT GROVE RD CHARLOTTE NC,CHARLOTTE,SINGLE FAMILY RESIDENTIAL,Single-family homes,0.437,69300,4,1,https://polaris3g.mecklenburgcountync.gov/?pid=03516208
07707611,MECKLENBURG COUNTY,County government,1432 NORRIS AV CHARLOTTE NC,CHARLOTTE,REC AREA,"Public land, ROW & utility",0.168,85000,4,0,https://polaris3g.mecklenburgcountync.gov/?pid=07707611
16308312,MECKLENBURG COUNTY,County government,4833 STAFFORD CR CHARLOTTE NC,CHARLOTTE,FLUM/SWIM FLOODWAY (NO BUILD ZONE),"Vacant, floodplain & farm",0.417,285000,4,2,https://polaris3g.mecklenburgcountync.gov/?pid=16308312
03728311,MECKLENBURG COUNTY,County government,5722 SOUTHMINSTER LN CHARLOTTE NC,CHARLOTTE,SINGLE FAMILY RESIDENTIAL,Single-family homes,0.235,65000,4,3,https://polaris3g.mecklenburgcountync.gov/?pid=03728311
19354107,MECKLENBURG COUNTY,County government,E INDEPENDENCE BV CHARLOTTE NC,CHARLOTTE,100 YEAR FLOOD PLAIN - AC,"Vacant, floodplain & farm",1.144,117100,4,2,https://polaris3g.mecklenburgcountync.gov/?pid=19354107
09711122,MECKLENBURG COUNTY,County government,510 STITT RD CHARLOTTE NC,CHARLOTTE,OTHER COUNTY PROPERTY,"Public land, ROW & utility",3.838,1905300,4,2,https://polaris3g.mecklenburgcountync.gov/?pid=09711122
09313406,MECKLENBURG COUNTY,County government,3029 DUNLAVIN WY CHARLOTTE NC,CHARLOTTE,OTHER COUNTY PROPERTY,"Public land, ROW & utility",0.408,99000,4,2,https://polaris3g.mecklenburgcountync.gov/?pid=09313406
18507102,MECKLENBURG COUNTY,County government,5114 LINCREST PL CHARLOTTE NC,CHARLOTTE,FLUM/SWIM FLOODWAY (NO BUILD ZONE),"Vacant, floodplain & farm",0.734,285000,4,2,https://polaris3g.mecklenburgcountync.gov/?pid=18507102
10326111,CHARLOTTE MECKLENBURG BOARD OF EDUCATION,CMS (Board of Education),6600 AAA DR CHARLOTTE NC,CHARLOTTE,OFFICE,Commercial & office,7.243,10943900,4,4,https://polaris3g.mecklenburgcountync.gov/?pid=10326111
04542109,MECKLENBURG COUNTY,County government,STATESVILLE RD CHARLOTTE NC,CHARLOTTE,SINGLE FAMILY RESIDENTIAL,Single-family homes,3.785,256600,4,1,https://polaris3g.mecklenburgcountync.gov/?pid=04542109
16722196,MECKLENBURG COUNTY,County government,2632 S TRYON ST CHARLOTTE NC,CHARLOTTE,INDUSTRIAL,Industrial & warehouse,0.901,53300,4,0,https://polaris3g.mecklenburgcountync.gov/?pid=16722196
03707909,MECKLENBURG COUNTY,County government,MANDY PLACE CT CHARLOTTE NC,CHARLOTTE,SINGLE FAMILY RESIDENTIAL,Single-family homes,0.090,70000,4,3,https://polaris3g.mecklenburgcountync.gov/?pid=03707909
17517316,MECKLENBURG COUNTY,County government,3252 WESTFIELD RD CHARLOTTE NC,CHARLOTTE,GREENWAY TRAIL,"Public land, ROW & utility",0.188,595000,4,1,https://polaris3g.mecklenburgcountync.gov/?pid=17517316
07512140,CHARLOTTE MECKLENBURG BOARD OF EDUCATION,CMS (Board of Education),NEWCASTLE ST CHARLOTTE NC,CHARLOTTE,SINGLE FAMILY RESIDENTIAL,Single-family homes,1.430,3300,4,3,https://polaris3g.mecklenburgcountync.gov/?pid=07512140
05717257,MECKLENBURG COUNTY,County government,1204 EAGLES LANDING DR CHARLOTTE NC,CHARLOTTE,SINGLE FAMILY RESIDENTIAL,Single-family homes,0.224,45000,4,3,https://polaris3g.mecklenburgcountync.gov/?pid=05717257
06911308,MECKLENBURG COUNTY,County government,CELIA AV CHARLOTTE NC,CHARLOTTE,SINGLE FAMILY RESIDENTIAL,Single-family homes,0.210,6800,4,2,https://polaris3g.mecklenburgcountync.gov/?pid=06911308
06911305,MECKLENBURG COUNTY,County government,3125 CELIA AV CHARLOTTE NC,CHARLOTTE,SINGLE FAMILY RESIDENTIAL,Single-family homes,0.453,18200,4,0,https://polaris3g.mecklenburgcountync.gov/?pid=06911305
02322104,MECKLENBURG COUNTY,County government,ARTHUR AUTEN RD UNINC NC,MECKLENBURG COUNTY-UNINCORPORATED,SINGLE FAMILY RESIDENTIAL - WATERFRONT,Single-family homes,54.121,6184600,4,1,https://polaris3g.mecklenburgcountync.gov/?pid=02322104
09908111,MECKLENBURG COUNTY,County government,5201 DOLPHIN LN CHARLOTTE NC,CHARLOTTE,SINGLE FAMILY RESIDENTIAL,Single-family homes,0.338,121600,4,2,https://polaris3g.mecklenburgcountync.gov/?pid=09908111
12902102,MECKLENBURG COUNTY,County government,2136 CENTRAL AV CHARLOTTE NC,CHARLOTTE,OTHER COUNTY PROPERTY,"Public land, ROW & utility",16.393,22393300,4,3,https://polaris3g.mecklenburgcountync.gov/?pid=12902102
14512510,MECKLENBURG COUNTY,County government,1520 CLANTON RD CHARLOTTE NC,CHARLOTTE,REC AREA,"Public land, ROW & utility",11.907,3389000,4,1,https://polaris3g.mecklenburgcountync.gov/?pid=14512510
17109158,MECKLENBURG COUNTY,County government,1200 MOCKINGBIRD LN CHARLOTTE NC,CHARLOTTE,SINGLE FAMILY RESIDENTIAL,Single-family homes,0.272,261300,4,3,https://polaris3g.mecklenburgcountync.gov/?pid=17109158
17517301,MECKLENBURG COUNTY,County government,3356 WESTFIELD RD CHARLOTTE NC,CHARLOTTE,GREENWAY TRAIL,"Public land, ROW & utility",0.246,630000,4,3,https://polaris3g.mecklenburgcountync.gov/?pid=17517301
07707602,MECKLENBURG COUNTY,County government,905 RODEY AV CHARLOTTE NC,CHARLOTTE,REC AREA,"Public land, ROW & utility",0.170,85000,4,0,https://polaris3g.mecklenburgcountync.gov/?pid=07707602
12904137,MECKLENBURG COUNTY,County government,1544 ST GEORGE ST CHARLOTTE NC,CHARLOTTE,COMMERCIAL,Commercial & office,0.567,464400,4,1,https://polaris3g.mecklenburgcountync.gov/?pid=12904137
00906106,COUNTY OF MECKLENBURG,County government,WYNFIELD CREEK PY HUNTERSVILLE NC,HUNTERSVILLE,100 YEAR FLOOD PLAIN - AC,"Vacant, floodplain & farm",1.224,600,4,4,https://polaris3g.mecklenburgcountync.gov/?pid=00906106
04524111,MECKLENBURG COUNTY,County government,3416 FINCHER BV CHARLOTTE NC,CHARLOTTE,SINGLE FAMILY RESIDENTIAL,Single-family homes,1.766,135500,4,2,https://polaris3g.mecklenburgcountync.gov/?pid=04524111
00519141,MECKLENBURG COUNTY,County government,NANNIE POTTS LN CORNELIUS NC,CORNELIUS,OTHER COUNTY PROPERTY,"Public land, ROW & utility",0.444,33300,4,2,https://polaris3g.mecklenburgcountync.gov/?pid=00519141
14517927,MECKLENBURG COUNTY,County government,3601 REID AV CHARLOTTE NC,CHARLOTTE,OTHER COUNTY PROPERTY,"Public land, ROW & utility",0.177,10300,4,1,https://polaris3g.mecklenburgcountync.gov/?pid=14517927
06514305,MECKLENBURG COUNTY,County government,4012 BARLOWE RD CHARLOTTE NC,CHARLOTTE,SINGLE FAMILY RESIDENTIAL,Single-family homes,0.235,20300,4,2,https://polaris3g.mecklenburgcountync.gov/?pid=06514305
14117123,MECKLENBURG COUNTY,County government,DIXIE RIVER RD CHARLOTTE NC,CHARLOTTE,COMMERCIAL,Commercial & office,9.145,1795600,4,4,https://polaris3g.mecklenburgcountync.gov/?pid=14117123
07504236,MECKLENBURG COUNTY,County government,1811 CATHERINE SIMMONS AV CHARLOTTE NC,CHARLOTTE,REC AREA,"Public land, ROW & utility",0.173,22200,4,0,https://polaris3g.mecklenburgcountync.gov/?pid=07504236
19316110,MECKLENBURG COUNTY,County government,10816 IDLEWILD RD MATTHEWS NC,MATTHEWS,GREENWAY TRAIL,"Public land, ROW & utility",1.001,53500,4,3,https://polaris3g.mecklenburgcountync.gov/?pid=19316110
02531297,MECKLENBURG COUNTY,County government,TREYBURN DR CHARLOTTE NC,CHARLOTTE,100 YEAR FLOOD PLAIN - AC,"Vacant, floodplain & farm",1.118,8800,4,2,https://polaris3g.mecklenburgcountync.gov/?pid=02531297
03311112,MECKLENBURG COUNTY,County government,6322 MT HOLLY-HUNTERSVILLE RD UNINC NC,MECKLENBURG COUNTY-UNINCORPORATED,SINGLE FAMILY RESIDENTIAL - ACREAGE,Single-family homes,3.575,147400,4,0,https://polaris3g.mecklenburgcountync.gov/?pid=03311112
06911301,MECKLENBURG COUNTY,County government,PHELPS ST CHARLOTTE NC,CHARLOTTE,OTHER COUNTY PROPERTY,"Public land, ROW & utility",0.079,10200,4,0,https://polaris3g.mecklenburgcountync.gov/?pid=06911301
03711606,MECKLENBURG COUNTY,County government,5817 BEATTIES FORD RD CHARLOTTE NC,CHARLOTTE,SINGLE FAMILY RESIDENTIAL,Single-family homes,0.593,73700,4,3,https://polaris3g.mecklenburgcountync.gov/?pid=03711606
22904131,MECKLENBURG COUNTY,County government,9728 COMMUNITY HOUSE RD CHARLOTTE NC,CHARLOTTE,REC AREA,"Public land, ROW & utility",5.367,354900,4,0,https://polaris3g.mecklenburgcountync.gov/?pid=22904131
09908423,MECKLENBURG COUNTY,County government,1806 SHANNONHOUSE DR CHARLOTTE NC,CHARLOTTE,SINGLE FAMILY RESIDENTIAL,Single-family homes,0.396,76000,4,2,https://polaris3g.mecklenburgcountync.gov/?pid=09908423
17108216,MECKLENBURG COUNTY,County government,1015 MOCKINGBIRD LN CHARLOTTE NC,CHARLOTTE,SINGLE FAMILY RESIDENTIAL,Single-family homes,0.296,261300,4,2,https://polaris3g.mecklenburgcountync.gov/?pid=17108216
16915108,MECKLENBURG COUNTY,County government,REYNOLDS AV CHARLOTTE NC,CHARLOTTE,OTHER COUNTY PROPERTY,"Public land, ROW & utility",0.311,18200,4,0,https://polaris3g.mecklenburgcountync.gov/?pid=16915108
16915526,MECKLENBURG COUNTY,County government,REYNOLDS AV CHARLOTTE NC,CHARLOTTE,OTHER COUNTY PROPERTY,"Public land, ROW & utility",0.825,48200,4,0,https://polaris3g.mecklenburgcountync.gov/?pid=16915526
05707299,MECKLENBURG COUNTY,County government,BROOKTREE DR CHARLOTTE NC,CHARLOTTE,MULTI FAMILY,Multi-family,0.135,34000,4,2,https://polaris3g.mecklenburgcountync.gov/?pid=05707299
11334106,MECKLENBURG COUNTY,County government,9909 WILKINSON BV UNINC NC,MECKLENBURG COUNTY-UNINCORPORATED,OTHER COUNTY PROPERTY,"Public land, ROW & utility",14.236,4493100,4,0,https://polaris3g.mecklenburgcountync.gov/?pid=11334106
07504218,MECKLENBURG COUNTY,County government,2024 HAINES ST CHARLOTTE NC,CHARLOTTE,REC AREA,"Public land, ROW & utility",0.080,10400,4,0,https://polaris3g.mecklenburgcountync.gov/?pid=07504218
15303402,CHARLOTTE MECKLENBURG HOSPITAL AUTHORITY,Hospital Authority (Atrium),S KINGS DR CHARLOTTE NC,CHARLOTTE,OFFICE,Commercial & office,0.916,4377500,4,0,https://polaris3g.mecklenburgcountync.gov/?pid=15303402
01127108,MECKLENBURG COUNTY,County government,RAMAH CHURCH RD UNINC NC,MECKLENBURG COUNTY-UNINCORPORATED,SINGLE FAMILY RESIDENTIAL,Single-family homes,9.648,497400,4,2,https://polaris3g.mecklenburgcountync.gov/?pid=01127108
04713108,MECKLENBURG COUNTY,County government,J N PEASE PL CHARLOTTE NC,CHARLOTTE,100 YEAR FLOOD PLAIN - AC,"Vacant, floodplain & farm",3.859,83000,4,3,https://polaris3g.mecklenburgcountync.gov/?pid=04713108
07504304,MECKLENBURG COUNTY,County government,IRMA ST CHARLOTTE NC,CHARLOTTE,REC AREA,"Public land, ROW & utility",0.331,46600,4,1,https://polaris3g.mecklenburgcountync.gov/?pid=07504304
11501505,MECKLENBURG COUNTY,County government,1624 DODGE AV CHARLOTTE NC,CHARLOTTE,REC AREA,"Public land, ROW & utility",0.193,50000,4,0,https://polaris3g.mecklenburgcountync.gov/?pid=11501505
05522337,MECKLENBURG COUNTY,County government,PAW VILLAGE RD CHARLOTTE NC,CHARLOTTE,SINGLE FAMILY RESIDENTIAL - COMMON,HOA common area,1.527,0,4,3,https://polaris3g.mecklenburgcountync.gov/?pid=05522337
05322117,MECKLENBURG COUNTY,County government,3010 OVERBROOK TR UNINC NC,MECKLENBURG COUNTY-UNINCORPORATED,SINGLE FAMILY RESIDENTIAL - ACREAGE,Single-family homes,2.153,139000,4,3,https://polaris3g.mecklenburgcountync.gov/?pid=05322117
17517406,MECKLENBURG COUNTY,County government,3008 MANOR RD CHARLOTTE NC,CHARLOTTE,GREENWAY TRAIL,"Public land, ROW & utility",0.180,595000,4,2,https://polaris3g.mecklenburgcountync.gov/?pid=17517406
07504213,MECKLENBURG COUNTY,County government,HAINES ST CHARLOTTE NC,CHARLOTTE,REC AREA,"Public land, ROW & utility",0.086,10400,4,1,https://polaris3g.mecklenburgcountync.gov/?pid=07504213
02522118,MECKLENBURG COUNTY,County government,NORTHLAKE WEST DR CHARLOTTE NC,CHARLOTTE,100 YEAR FLOOD PLAIN - AC,"Vacant, floodplain & farm",1.418,25200,4,2,https://polaris3g.mecklenburgcountync.gov/?pid=02522118
02747108,MECKLENBURG COUNTY,County government,FRENCH WOODS RD CHARLOTTE NC,CHARLOTTE,GREENWAY TRAIL,"Public land, ROW & utility",0.329,115000,4,3,https://polaris3g.mecklenburgcountync.gov/?pid=02747108
14501303,MECKLENBURG COUNTY,County government,CHICAGO AV CHARLOTTE NC,CHARLOTTE,REC AREA,"Public land, ROW & utility",0.128,55300,4,1,https://polaris3g.mecklenburgcountync.gov/?pid=14501303
16508122,MECKLENBURG COUNTY,County government,EAST LANE DR CHARLOTTE NC,CHARLOTTE,SINGLE FAMILY RESIDENTIAL,Single-family homes,0.514,74800,4,4,https://polaris3g.mecklenburgcountync.gov/?pid=16508122
07504340,MECKLENBURG COUNTY,County government,JENNINGS ST CHARLOTTE NC,CHARLOTTE,REC AREA,"Public land, ROW & utility",0.333,46600,4,1,https://polaris3g.mecklenburgcountync.gov/?pid=07504340
07504336,MECKLENBURG COUNTY,County government,1709 CATHERINE SIMMONS AV CHARLOTTE NC,CHARLOTTE,REC AREA,"Public land, ROW & utility",0.180,22200,4,0,https://polaris3g.mecklenburgcountync.gov/?pid=07504336
17109105,MECKLENBURG COUNTY,County government,5721 WEDGEWOOD DR CHARLOTTE NC,CHARLOTTE,FLUM/SWIM FLOODWAY (NO BUILD ZONE),"Vacant, floodplain & farm",0.414,261300,4,2,https://polaris3g.mecklenburgcountync.gov/?pid=17109105
09104201,MECKLENBURG COUNTY,County government,BEARWOOD AV CHARLOTTE NC,CHARLOTTE,REC AREA,"Public land, ROW & utility",0.230,156700,4,2,https://polaris3g.mecklenburgcountync.gov/?pid=09104201
13926254,MECKLENBURG COUNTY,County government,SURREY RD UNINC NC,MECKLENBURG COUNTY-UNINCORPORATED,SINGLE FAMILY RESIDENTIAL - ACREAGE,Single-family homes,1.953,105900,4,2,https://polaris3g.mecklenburgcountync.gov/?pid=13926254
07107317,MECKLENBURG COUNTY,County government,526 S BRUNS AV CHARLOTTE NC,CHARLOTTE,SINGLE FAMILY RESIDENTIAL,Single-family homes,0.147,200000,4,3,https://polaris3g.mecklenburgcountync.gov/?pid=07107317
01127101,MECKLENBURG COUNTY,County government,17005 DAVIDSON-CONCORD RD HUNTERSVILLE NC,HUNTERSVILLE,SINGLE FAMILY RESIDENTIAL - ACREAGE,Single-family homes,34.118,2479200,4,2,https://polaris3g.mecklenburgcountync.gov/?pid=01127101
19934101,MECKLENBURG COUNTY,County government,14651 SOLDIER RD UNINC NC,MECKLENBURG COUNTY-UNINCORPORATED,SINGLE FAMILY RESIDENTIAL - ACREAGE,Single-family homes,46.833,2527000,4,1,https://polaris3g.mecklenburgcountync.gov/?pid=19934101
01521503,MECKLENBURG COUNTY,County government,9914 AMAZONA DR HUNTERSVILLE NC,HUNTERSVILLE,SINGLE FAMILY RESIDENTIAL,Single-family homes,0.732,57500,4,3,https://polaris3g.mecklenburgcountync.gov/?pid=01521503
11334110,MECKLENBURG COUNTY,County government,BRICKYARD RD UNINC NC,MECKLENBURG COUNTY-UNINCORPORATED,OTHER COUNTY PROPERTY,"Public land, ROW & utility",0.979,139700,4,3,https://polaris3g.mecklenburgcountync.gov/?pid=11334110
11503218,MECKLENBURG COUNTY,County government,HUMPHREY ST CHARLOTTE NC,CHARLOTTE,SINGLE FAMILY RESIDENTIAL,Single-family homes,1.219,105300,4,3,https://polaris3g.mecklenburgcountync.gov/?pid=11503218
05119107,MECKLENBURG COUNTY,County government,3343 BACK CREEK CHURCH RD CHARLOTTE NC,CHARLOTTE,RURAL HOMESITE,Single-family homes,1.785,119900,4,2,https://polaris3g.mecklenburgcountync.gov/?pid=05119107
02320101,MECKLENBURG COUNTY,County government,6201 SAMPLE RD UNINC NC,MECKLENBURG COUNTY-UNINCORPORATED,SINGLE FAMILY RESIDENTIAL - ACREAGE,Single-family homes,67.653,3332900,4,0,https://polaris3g.mecklenburgcountync.gov/?pid=02320101
01546114,MECKLENBURG COUNTY,County government,MCCOY RD HUNTERSVILLE NC,HUNTERSVILLE,SINGLE FAMILY RESIDENTIAL - ACREAGE,Single-family homes,4.534,193900,4,1,https://polaris3g.mecklenburgcountync.gov/?pid=01546114
22307101,MECKLENBURG COUNTY,County government,17700 MARVIN RD UNINC NC,MECKLENBURG COUNTY-UNINCORPORATED,OTHER COUNTY PROPERTY,"Public land, ROW & utility",156.978,11992100,4,2,https://polaris3g.mecklenburgcountync.gov/?pid=22307101
06514303,MECKLENBURG COUNTY,County government,4020 BARLOWE RD CHARLOTTE NC,CHARLOTTE,SINGLE FAMILY RESIDENTIAL,Single-family homes,0.221,11300,4,2,https://polaris3g.mecklenburgcountync.gov/?pid=06514303
15509401,CHARLOTTE MECKLENBURG BOARD OF EDUCATION,CMS (Board of Education),CHEROKEE RD CHARLOTTE NC,CHARLOTTE,SCHOOL - PUBLIC,Institutional,1.652,4020100,4,4,https://polaris3g.mecklenburgcountync.gov/?pid=15509401
15111204,MECKLENBURG COUNTY,County government,3020 WESTFIELD RD CHARLOTTE NC,CHARLOTTE,FLUM/SWIM FLOODWAY (NO BUILD ZONE),"Vacant, floodplain & farm",0.375,525000,4,0,https://polaris3g.mecklenburgcountync.gov/?pid=15111204
09908215,MECKLENBURG COUNTY,County government,5212 DOLPHIN LN CHARLOTTE NC,CHARLOTTE,SINGLE FAMILY RESIDENTIAL,Single-family homes,0.243,121600,4,3,https://polaris3g.mecklenburgcountync.gov/?pid=09908215
06909639,MECKLENBURG COUNTY,County government,1407 BEATTIES FORD RD CHARLOTTE NC,CHARLOTTE,OFFICE,Commercial & office,0.154,124500,4,2,https://polaris3g.mecklenburgcountync.gov/?pid=06909639
14521101,MECKLENBURG COUNTY,County government,WHITEHURST RD CHARLOTTE NC,CHARLOTTE,FLUM/SWIM FLOODWAY (NO BUILD ZONE),"Vacant, floodplain & farm",0.877,114000,4,1,https://polaris3g.mecklenburgcountync.gov/?pid=14521101
03305149,MECKLENBURG COUNTY,County government,KELLY RD CHARLOTTE NC,CHARLOTTE,TOWN HOUSE SFR,Condo & townhouse,2.892,95000,4,4,https://polaris3g.mecklenburgcountync.gov/?pid=03305149
17108219,MECKLENBURG COUNTY,County government,1109 MOCKINGBIRD LN CHARLOTTE NC,CHARLOTTE,SINGLE FAMILY RESIDENTIAL,Single-family homes,0.273,261300,4,2,https://polaris3g.mecklenburgcountync.gov/?pid=17108219
06909405,MECKLENBURG COUNTY,County government,CELIA AV CHARLOTTE NC,CHARLOTTE,SINGLE FAMILY RESIDENTIAL,Single-family homes,0.154,7000,4,3,https://polaris3g.mecklenburgcountync.gov/?pid=06909405
06909407,MECKLENBURG COUNTY,County government,CELIA AV CHARLOTTE NC,CHARLOTTE,SINGLE FAMILY RESIDENTIAL,Single-family homes,0.151,14000,4,3,https://polaris3g.mecklenburgcountync.gov/?pid=06909407
14521212,MECKLENBURG COUNTY,County government,4100 CRESTRIDGE DR CHARLOTTE NC,CHARLOTTE,SINGLE FAMILY RESIDENTIAL,Single-family homes,0.258,84000,4,0,https://polaris3g.mecklenburgcountync.gov/?pid=14521212
07509817,MECKLENBURG COUNTY,County government,2213 RUSH WIND DR CHARLOTTE NC,CHARLOTTE,SINGLE FAMILY RESIDENTIAL,Single-family homes,0.141,83400,4,3,https://polaris3g.mecklenburgcountync.gov/?pid=07509817
09908218,MECKLENBURG COUNTY,County government,5130 DOLPHIN LN CHARLOTTE NC,CHARLOTTE,SINGLE FAMILY RESIDENTIAL,Single-family homes,0.213,121600,4,1,https://polaris3g.mecklenburgcountync.gov/?pid=09908218
17124101,CHARLOTTE MECKLENBURG HISTORICAL LANDMARKS COMMISION,Library / ABC / Landmarks,TYVOLA RD CHARLOTTE NC,CHARLOTTE,OTHER COUNTY PROPERTY,"Public land, ROW & utility",1.719,198500,4,1,https://polaris3g.mecklenburgcountync.gov/?pid=17124101
09510219,MECKLENBURG COUNTY,County government,1708 MASONIC DR CHARLOTTE NC,CHARLOTTE,GREENWAY TRAIL,"Public land, ROW & utility",0.479,180000,4,2,https://polaris3g.mecklenburgcountync.gov/?pid=09510219
04540101,MECKLENBURG COUNTY,County government,4299 PERKINS RD CHARLOTTE NC,CHARLOTTE,SINGLE FAMILY RESIDENTIAL,Single-family homes,11.881,412300,4,1,https://polaris3g.mecklenburgcountync.gov/?pid=04540101
16516126,MECKLENBURG COUNTY,County government,E INDEPENDENCE BV CHARLOTTE NC,CHARLOTTE,GREENWAY TRAIL,"Public land, ROW & utility",0.793,297900,4,2,https://polaris3g.mecklenburgcountync.gov/?pid=16516126
16717203,MECKLENBURG COUNTY,County government,W ARROWOOD RD CHARLOTTE NC,CHARLOTTE,INDUSTRIAL,Industrial & warehouse,0.443,27600,4,1,https://polaris3g.mecklenburgcountync.gov/?pid=16717203
09911607,MECKLENBURG COUNTY,County government,5418 KINSALE LN CHARLOTTE NC,CHARLOTTE,FLUM/SWIM FLOODWAY (NO BUILD ZONE),"Vacant, floodplain & farm",0.270,121600,4,1,https://polaris3g.mecklenburgcountync.gov/?pid=09911607
22110498,MECKLENBURG COUNTY,County government,STONEACRE CT PINEVILLE NC,PINEVILLE,100 YEAR FLOOD PLAIN - AC,"Vacant, floodplain & farm",0.881,19200,4,1,https://polaris3g.mecklenburgcountync.gov/?pid=22110498
07844304,MECKLENBURG COUNTY,County government,1330 SPRING ST CHARLOTTE NC,CHARLOTTE,OTHER COUNTY PROPERTY,"Public land, ROW & utility",2.448,3194100,4,3,https://polaris3g.mecklenburgcountync.gov/?pid=07844304
09103301,MECKLENBURG COUNTY,County government,TREMBETH DR CHARLOTTE NC,CHARLOTTE,REC AREA,"Public land, ROW & utility",0.124,82100,4,2,https://polaris3g.mecklenburgcountync.gov/?pid=09103301
09911623,MECKLENBURG COUNTY,County government,5421 DOLPHIN LN CHARLOTTE NC,CHARLOTTE,SINGLE FAMILY RESIDENTIAL,Single-family homes,0.350,121600,4,1,https://polaris3g.mecklenburgcountync.gov/?pid=09911623
09510220,MECKLENBURG COUNTY,County government,1700 MASONIC DR CHARLOTTE NC,CHARLOTTE,GREENWAY TRAIL,"Public land, ROW & utility",0.461,180000,4,2,https://polaris3g.mecklenburgcountync.gov/?pid=09510220
11501506,MECKLENBURG COUNTY,County government,1620 DODGE AV CHARLOTTE NC,CHARLOTTE,REC AREA,"Public land, ROW & utility",0.198,50000,4,1,https://polaris3g.mecklenburgcountync.gov/?pid=11501506
11509102,MECKLENBURG COUNTY,County government,4403 WILKINSON BV CHARLOTTE NC,CHARLOTTE,OTHER COUNTY PROPERTY,"Public land, ROW & utility",3.169,1118600,4,0,https://polaris3g.mecklenburgcountync.gov/?pid=11509102
07845439,MECKLENBURG COUNTY,County government,500 SPRATT ST CHARLOTTE NC,CHARLOTTE,OTHER COUNTY PROPERTY,"Public land, ROW & utility",3.928,10667100,4,3,https://polaris3g.mecklenburgcountync.gov/?pid=07845439
17517324,MECKLENBURG COUNTY,County government,3220 WESTFIELD RD CHARLOTTE NC,CHARLOTTE,GREENWAY TRAIL,"Public land, ROW & utility",0.219,630000,4,0,https://polaris3g.mecklenburgcountync.gov/?pid=17517324
10501240,MECKLENBURG COUNTY,County government,1830 ROCKY RIVER RD CHARLOTTE NC,CHARLOTTE,MULTI FAMILY,Multi-family,1.362,232500,4,3,https://polaris3g.mecklenburgcountync.gov/?pid=10501240
06301305,MECKLENBURG COUNTY,County government,GOSSETT AV CHARLOTTE NC,CHARLOTTE,OTHER MUNICIPAL,"Public land, ROW & utility",10.303,360800,4,0,https://polaris3g.mecklenburgcountync.gov/?pid=06301305
16722121,MECKLENBURG COUNTY,County government,6519 MOUNTING ROCK RD CHARLOTTE NC,CHARLOTTE,SINGLE FAMILY RESIDENTIAL,Single-family homes,0.212,333800,4,1,https://polaris3g.mecklenburgcountync.gov/?pid=16722121
17108217,MECKLENBURG COUNTY,County government,1021 MOCKINGBIRD LN CHARLOTTE NC,CHARLOTTE,FLUM/SWIM FLOODWAY (NO BUILD ZONE),"Vacant, floodplain & farm",0.267,261300,4,2,https://polaris3g.mecklenburgcountync.gov/?pid=17108217
14322105,MECKLENBURG COUNTY,County government,6302 S TRYON ST CHARLOTTE NC,CHARLOTTE,OTHER COUNTY PROPERTY,"Public land, ROW & utility",7.082,288300,4,4,https://polaris3g.mecklenburgcountync.gov/?pid=14322105
17104223,MECKLENBURG COUNTY,County government,4521 WENTWORTH PL CHARLOTTE NC,CHARLOTTE,SINGLE FAMILY RESIDENTIAL,Single-family homes,0.295,261300,4,4,https://polaris3g.mecklenburgcountync.gov/?pid=17104223
02912894,MECKLENBURG COUNTY,County government,GARRISON RD CHARLOTTE NC,CHARLOTTE,GREENWAY TRAIL,"Public land, ROW & utility",0.817,4800,4,3,https://polaris3g.mecklenburgcountync.gov/?pid=02912894
20911205,MECKLENBURG COUNTY,County government,3421 JOHNNY CAKE LN CHARLOTTE NC,CHARLOTTE,SINGLE FAMILY RESIDENTIAL,Single-family homes,0.762,277500,4,3,https://polaris3g.mecklenburgcountync.gov/?pid=20911205
09513183,MECKLENBURG COUNTY,County government,MERRY OAKS RD CHARLOTTE NC,CHARLOTTE,SINGLE FAMILY RESIDENTIAL,Single-family homes,0.547,210000,4,3,https://polaris3g.mecklenburgcountync.gov/?pid=09513183
07302602,MECKLENBURG COUNTY,County government,316 S POPLAR ST CHARLOTTE NC,CHARLOTTE,REC AREA,"Public land, ROW & utility",0.623,7387500,4,0,https://polaris3g.mecklenburgcountync.gov/?pid=07302602
01919121,MECKLENBURG COUNTY,County government,HOLBROOKS RD UNINC NC,MECKLENBURG COUNTY-UNINCORPORATED,OTHER COUNTY PROPERTY,"Public land, ROW & utility",5.740,260600,4,3,https://polaris3g.mecklenburgcountync.gov/?pid=01919121
18511129,MECKLENBURG COUNTY,County government,1110 WILLHAVEN DR CHARLOTTE NC,CHARLOTTE,FLUM/SWIM FLOODWAY (NO BUILD ZONE),"Vacant, floodplain & farm",0.573,128500,4,2,https://polaris3g.mecklenburgcountync.gov/?pid=18511129
05101121,CHARLOTTE MECKLENBURG BOARD OF EDUCATION,CMS (Board of Education),1600 PAVILION BV CHARLOTTE NC,CHARLOTTE,SCHOOL - PUBLIC,Institutional,20.597,16410500,4,3,https://polaris3g.mecklenburgcountync.gov/?pid=05101121
08002311,MECKLENBURG COUNTY,County government,317 N COLLEGE ST CHARLOTTE NC,CHARLOTTE,OTHER COUNTY PROPERTY,"Public land, ROW & utility",0.401,4627300,4,0,https://polaris3g.mecklenburgcountync.gov/?pid=08002311
09103336,MECKLENBURG COUNTY,County government,HOWIE CR CHARLOTTE NC,CHARLOTTE,REC AREA,"Public land, ROW & utility",0.214,123500,4,2,https://polaris3g.mecklenburgcountync.gov/?pid=09103336
09908429,MECKLENBURG COUNTY,County government,1726 SHANNONHOUSE DR CHARLOTTE NC,CHARLOTTE,SINGLE FAMILY RESIDENTIAL,Single-family homes,0.231,76000,4,3,https://polaris3g.mecklenburgcountync.gov/?pid=09908429
13111515,MECKLENBURG COUNTY,County government,TARRINGTON AV CHARLOTTE NC,CHARLOTTE,"WASTELAND, SLIVERS, GULLIES, ROCK OUTCROP","Vacant, floodplain & farm",0.067,1500,4,1,https://polaris3g.mecklenburgcountync.gov/?pid=13111515
16303249,MECKLENBURG COUNTY ABC BOARD,Library / ABC / Landmarks,4047 CONNECTION POINT BV CHARLOTTE NC,CHARLOTTE,COMMERCIAL,Commercial & office,0.838,2156900,4,4,https://polaris3g.mecklenburgcountync.gov/?pid=16303249
21309235,MECKLENBURG COUNTY,County government,SARDIS RD CHARLOTTE NC,CHARLOTTE,GREENWAY TRAIL,"Public land, ROW & utility",0.276,16000,4,1,https://polaris3g.mecklenburgcountync.gov/?pid=21309235
06108104,CHARLOTTE MECKLENBURG BOARD OF EDUCATION,CMS (Board of Education),DENVER AV CHARLOTTE NC,CHARLOTTE,INDUSTRIAL,Industrial & warehouse,0.116,22500,4,1,https://polaris3g.mecklenburgcountync.gov/?pid=06108104
07707612,MECKLENBURG COUNTY,County government,1428 NORRIS AV CHARLOTTE NC,CHARLOTTE,REC AREA,"Public land, ROW & utility",0.182,85000,4,0,https://polaris3g.mecklenburgcountync.gov/?pid=07707612
00745107,MECKLENBURG COUNTY,County government,DAVIDSON-CONCORD RD UNINC NC,MECKLENBURG COUNTY-UNINCORPORATED,SINGLE FAMILY RESIDENTIAL - ACREAGE,Single-family homes,27.967,2570200,4,3,https://polaris3g.mecklenburgcountync.gov/?pid=00745107
09313407,MECKLENBURG COUNTY,County government,3035 DUNLAVIN WY CHARLOTTE NC,CHARLOTTE,OTHER COUNTY PROPERTY,"Public land, ROW & utility",0.344,0,4,2,https://polaris3g.mecklenburgcountync.gov/?pid=09313407
11326101,CHARLOTTE MECKLENBURG BOARD OF EDUCATION,CMS (Board of Education),10501 WINDY GROVE RD UNINC NC,MECKLENBURG COUNTY-UNINCORPORATED,SCHOOL - PUBLIC,Institutional,14.825,61207900,4,4,https://polaris3g.mecklenburgcountync.gov/?pid=11326101
19902102,MECKLENBURG COUNTY,County government,14816 YORK RD UNINC NC,MECKLENBURG COUNTY-UNINCORPORATED,REC AREA,"Public land, ROW & utility",229.551,22906600,4,1,https://polaris3g.mecklenburgcountync.gov/?pid=19902102
19945214,MECKLENBURG COUNTY,County government,15416 YORK RD UNINC NC,MECKLENBURG COUNTY-UNINCORPORATED,SINGLE FAMILY RESIDENTIAL - ACREAGE,Single-family homes,9.432,530900,4,2,https://polaris3g.mecklenburgcountync.gov/?pid=19945214
14109101,MECKLENBURG COUNTY,County government,7801 DOUGLAS DR CHARLOTTE NC,CHARLOTTE,FLUM/SWIM FLOODWAY (NO BUILD ZONE),"Vacant, floodplain & farm",1.287,45500,4,2,https://polaris3g.mecklenburgcountync.gov/?pid=14109101
22110397,MECKLENBURG COUNTY,County government,STRATFIELD PLACE CR PINEVILLE NC,PINEVILLE,GREENWAY TRAIL,"Public land, ROW & utility",0.143,20000,4,3,https://polaris3g.mecklenburgcountync.gov/?pid=22110397
04927128,MECKLENBURG COUNTY,County government,E W T HARRIS BV CHARLOTTE NC,CHARLOTTE,OTHER COUNTY PROPERTY,"Public land, ROW & utility",1.821,748300,4,2,https://polaris3g.mecklenburgcountync.gov/?pid=04927128
02703214,MECKLENBURG COUNTY,County government,O'SHANTA CT CHARLOTTE NC,CHARLOTTE,100 YEAR FLOOD PLAIN - AC,"Vacant, floodplain & farm",2.999,41000,4,2,https://polaris3g.mecklenburgcountync.gov/?pid=02703214
00519143,MECKLENBURG COUNTY,County government,NANNIE POTTS LN CORNELIUS NC,CORNELIUS,OTHER COUNTY PROPERTY,"Public land, ROW & utility",0.595,40600,4,2,https://polaris3g.mecklenburgcountync.gov/?pid=00519143
15719219,MECKLENBURG COUNTY,County government,833 N SHARON AMITY RD CHARLOTTE NC,CHARLOTTE,SINGLE FAMILY RESIDENTIAL,Single-family homes,0.589,168000,4,4,https://polaris3g.mecklenburgcountync.gov/?pid=15719219
17517328,MECKLENBURG COUNTY,County government,3204 WESTFIELD RD CHARLOTTE NC,CHARLOTTE,GREENWAY TRAIL,"Public land, ROW & utility",0.212,630000,4,2,https://polaris3g.mecklenburgcountync.gov/?pid=17517328
06910438,MECKLENBURG COUNTY,County government,3299 VENICE ST CHARLOTTE NC,CHARLOTTE,SINGLE FAMILY RESIDENTIAL,Single-family homes,0.317,66000,4,3,https://polaris3g.mecklenburgcountync.gov/?pid=06910438
06911304,MECKLENBURG COUNTY,County government,CELIA AV CHARLOTTE NC,CHARLOTTE,SINGLE FAMILY RESIDENTIAL,Single-family homes,0.153,6800,4,0,https://polaris3g.mecklenburgcountync.gov/?pid=06911304
06909409,MECKLENBURG COUNTY,County government,CELIA AV CHARLOTTE NC,CHARLOTTE,SINGLE FAMILY RESIDENTIAL,Single-family homes,0.186,19300,4,2,https://polaris3g.mecklenburgcountync.gov/?pid=06909409
07501220,PUBLIC LIBRARY OF CHARLOTTE & MECKLENBURG COUNTY,Library / ABC / Landmarks,2213 GILBERT ST CHARLOTTE NC,CHARLOTTE,SINGLE FAMILY RESIDENTIAL,Single-family homes,0.343,99900,4,3,https://polaris3g.mecklenburgcountync.gov/?pid=07501220
08002308,PUBLIC LIBRARY OF CHARLOTTE & MECK COUNTY,Library / ABC / Landmarks,313 N COLLEGE ST CHARLOTTE NC,CHARLOTTE,COMMERCIAL,Commercial & office,0.578,6634400,4,0,https://polaris3g.mecklenburgcountync.gov/?pid=08002308
08110206,MECKLENBURG COUNTY,County government,617 E 18TH ST CHARLOTTE NC,CHARLOTTE,GREENWAY TRAIL,"Public land, ROW & utility",0.174,175000,4,1,https://polaris3g.mecklenburgcountync.gov/?pid=08110206
09908328,MECKLENBURG COUNTY,County government,5128 KILDARE DR CHARLOTTE NC,CHARLOTTE,SINGLE FAMILY RESIDENTIAL,Single-family homes,0.300,121600,4,2,https://polaris3g.mecklenburgcountync.gov/?pid=09908328
02912184,MECKLENBURG COUNTY,County government,CHRUDAN DR CHARLOTTE NC,CHARLOTTE,GREENWAY TRAIL,"Public land, ROW & utility",0.326,2000,4,3,https://polaris3g.mecklenburgcountync.gov/?pid=02912184
12521326,MECKLENBURG COUNTY,County government,800 S KINGS DR CHARLOTTE NC,CHARLOTTE,OTHER COUNTY PROPERTY,"Public land, ROW & utility",0.708,767400,4,0,https://polaris3g.mecklenburgcountync.gov/?pid=12521326
01919105,MECKLENBURG COUNTY,County government,15514 HOLBROOKS RD UNINC NC,MECKLENBURG COUNTY-UNINCORPORATED,OTHER COUNTY PROPERTY,"Public land, ROW & utility",7.477,473900,4,1,https://polaris3g.mecklenburgcountync.gov/?pid=01919105
06907708,MECKLENBURG COUNTY,County government,3035 CELIA AV CHARLOTTE NC,CHARLOTTE,OTHER COUNTY PROPERTY,"Public land, ROW & utility",0.379,36200,4,1,https://polaris3g.mecklenburgcountync.gov/?pid=06907708
07504235,MECKLENBURG COUNTY,County government,1809 CATHERINE SIMMONS AV CHARLOTTE NC,CHARLOTTE,REC AREA,"Public land, ROW & utility",0.176,22200,4,0,https://polaris3g.mecklenburgcountync.gov/?pid=07504235
07509318,MECKLENBURG COUNTY,County government,1032 ANDRILL TR CHARLOTTE NC,CHARLOTTE,FLUM/SWIM FLOODWAY (NO BUILD ZONE),"Vacant, floodplain & farm",0.167,0,4,0,https://polaris3g.mecklenburgcountync.gov/?pid=07509318
01935103,MECKLENBURG COUNTY,County government,11508 TRAILS END LN UNINC NC,MECKLENBURG COUNTY-UNINCORPORATED,SINGLE FAMILY RESIDENTIAL - ACREAGE,Single-family homes,3.338,528400,4,2,https://polaris3g.mecklenburgcountync.gov/?pid=01935103
02710590,MECKLENBURG COUNTY,County government,SUTTONVIEW DR CHARLOTTE NC,CHARLOTTE,100 YEAR FLOOD PLAIN - AC,"Vacant, floodplain & farm",0.701,61100,4,2,https://polaris3g.mecklenburgcountync.gov/?pid=02710590
11501503,MECKLENBURG COUNTY,County government,1636 DODGE AV CHARLOTTE NC,CHARLOTTE,REC AREA,"Public land, ROW & utility",0.202,50000,4,0,https://polaris3g.mecklenburgcountync.gov/?pid=11501503
06909408,MECKLENBURG COUNTY,County government,CELIA AV CHARLOTTE NC,CHARLOTTE,SINGLE FAMILY RESIDENTIAL,Single-family homes,0.163,15800,4,2,https://polaris3g.mecklenburgcountync.gov/?pid=06909408
19354106,MECKLENBURG COUNTY,County government,8413 E INDEPENDENCE BV CHARLOTTE NC,CHARLOTTE,100 YEAR FLOOD PLAIN - AC,"Vacant, floodplain & farm",4.104,264500,4,2,https://polaris3g.mecklenburgcountync.gov/?pid=19354106
21310122,MECKLENBURG COUNTY,County government,CORNWALLIS LN CHARLOTTE NC,CHARLOTTE,OTHER COUNTY PROPERTY,"Public land, ROW & utility",1.054,115600,4,2,https://polaris3g.mecklenburgcountync.gov/?pid=21310122
21909105,CHARLOTTE MECKLENBURG BOARD OF EDUCATION,CMS (Board of Education),16012 STEELE CREEK RD CHARLOTTE NC,CHARLOTTE,SCHOOL - PUBLIC,Institutional,10.004,660900,4,2,https://polaris3g.mecklenburgcountync.gov/?pid=21909105
18511114,MECKLENBURG COUNTY,County government,1142 WILLHAVEN DR CHARLOTTE NC,CHARLOTTE,FLUM/SWIM FLOODWAY (NO BUILD ZONE),"Vacant, floodplain & farm",0.942,211500,4,3,https://polaris3g.mecklenburgcountync.gov/?pid=18511114
14129106,MECKLENBURG COUNTY,County government,GARRISON RD CHARLOTTE NC,CHARLOTTE,INDUSTRIAL,Industrial & warehouse,4.593,429400,4,2,https://polaris3g.mecklenburgcountync.gov/?pid=14129106
20304649,MECKLENBURG COUNTY,County government,NATIONS FORD RD CHARLOTTE NC,CHARLOTTE,OTHER COUNTY PROPERTY,"Public land, ROW & utility",11.782,607500,4,2,https://polaris3g.mecklenburgcountync.gov/?pid=20304649
09908327,MECKLENBURG COUNTY,County government,5134 KILDARE DR CHARLOTTE NC,CHARLOTTE,SINGLE FAMILY RESIDENTIAL,Single-family homes,0.259,121600,4,3,https://polaris3g.mecklenburgcountync.gov/?pid=09908327
01308105,CHARLOTTE MECKLENBURG BOARD OF EDUCATION,CMS (Board of Education),13345 BEATTIES FORD RD HUNTERSVILLE NC,HUNTERSVILLE,SCHOOL - PUBLIC,Institutional,58.513,26929700,4,2,https://polaris3g.mecklenburgcountync.gov/?pid=01308105
11501516,MECKLENBURG COUNTY,County government,2713 MAYFAIR AV CHARLOTTE NC,CHARLOTTE,REC AREA,"Public land, ROW & utility",0.208,35000,4,0,https://polaris3g.mecklenburgcountync.gov/?pid=11501516
22708103,MECKLENBURG COUNTY,County government,HIGH RIDGE RD CHARLOTTE NC,CHARLOTTE,GREENWAY TRAIL,"Public land, ROW & utility",10.757,118900,4,4,https://polaris3g.mecklenburgcountync.gov/?pid=22708103
13314119,MECKLENBURG COUNTY,County government,EXECUTIVE CENTER DR CHARLOTTE NC,CHARLOTTE,100 YEAR FLOOD PLAIN - AC,"Vacant, floodplain & farm",2.560,79100,4,2,https://polaris3g.mecklenburgcountync.gov/?pid=13314119
06708418,MECKLENBURG COUNTY,County government,2811 ROYSTON RD CHARLOTTE NC,CHARLOTTE,SINGLE FAMILY RESIDENTIAL,Single-family homes,0.274,92500,4,2,https://polaris3g.mecklenburgcountync.gov/?pid=06708418
07504231,MECKLENBURG COUNTY,County government,IRMA ST CHARLOTTE NC,CHARLOTTE,REC AREA,"Public land, ROW & utility",0.104,25900,4,0,https://polaris3g.mecklenburgcountync.gov/?pid=07504231
07509320,MECKLENBURG COUNTY,County government,1024 ANDRILL TR CHARLOTTE NC,CHARLOTTE,FLUM/SWIM FLOODWAY (NO BUILD ZONE),"Vacant, floodplain & farm",0.147,0,4,0,https://polaris3g.mecklenburgcountync.gov/?pid=07509320
01943755,MECKLENBURG COUNTY,County government,13721 FERRELLTOWN PY HUNTERSVILLE NC,HUNTERSVILLE,SINGLE FAMILY RESIDENTIAL - ACREAGE,Single-family homes,10.647,438200,4,3,https://polaris3g.mecklenburgcountync.gov/?pid=01943755
09908424,MECKLENBURG COUNTY,County government,1800 SHANNONHOUSE DR CHARLOTTE NC,CHARLOTTE,SINGLE FAMILY RESIDENTIAL,Single-family homes,0.337,76000,4,2,https://polaris3g.mecklenburgcountync.gov/?pid=09908424
07504337,MECKLENBURG COUNTY,County government,1713 CATHERINE SIMMONS AV CHARLOTTE NC,CHARLOTTE,REC AREA,"Public land, ROW & utility",0.174,25100,4,0,https://polaris3g.mecklenburgcountync.gov/?pid=07504337
15111209,MECKLENBURG COUNTY,County government,2932 WESTFIELD RD CHARLOTTE NC,CHARLOTTE,FLUM/SWIM FLOODWAY (NO BUILD ZONE),"Vacant, floodplain & farm",0.558,700000,4,1,https://polaris3g.mecklenburgcountync.gov/?pid=15111209
08704115,MECKLENBURG COUNTY,County government,3901 PINE GROVE CR CHARLOTTE NC,CHARLOTTE,OTHER COUNTY PROPERTY,"Public land, ROW & utility",4.272,2303000,4,3,https://polaris3g.mecklenburgcountync.gov/?pid=08704115
09908329,MECKLENBURG COUNTY,County government,5122 KILDARE DR CHARLOTTE NC,CHARLOTTE,SINGLE FAMILY RESIDENTIAL,Single-family homes,0.293,121600,4,3,https://polaris3g.mecklenburgcountync.gov/?pid=09908329
05907201,MECKLENBURG COUNTY,County government,5912 YAHTZEE LN CHARLOTTE NC,CHARLOTTE,SINGLE FAMILY RESIDENTIAL - ACREAGE,Single-family homes,2.127,139200,4,3,https://polaris3g.mecklenburgcountync.gov/?pid=05907201
12312405,CHARLOTTE MECKLENBURG HOSPITAL AUTHORITY,Hospital Authority (Atrium),SCOTT AV CHARLOTTE NC,CHARLOTTE,OFFICE,Commercial & office,0.484,1367100,4,1,https://polaris3g.mecklenburgcountync.gov/?pid=12312405
18929154,MECKLENBURG COUNTY,County government,8860 MONROE RD CHARLOTTE NC,CHARLOTTE,OTHER COUNTY PROPERTY,"Public land, ROW & utility",5.897,251800,4,0,https://polaris3g.mecklenburgcountync.gov/?pid=18929154
17517323,MECKLENBURG COUNTY,County government,3224 WESTFIELD RD CHARLOTTE NC,CHARLOTTE,GREENWAY TRAIL,"Public land, ROW & utility",0.217,630000,4,1,https://polaris3g.mecklenburgcountync.gov/?pid=17517323
05706125,MECKLENBURG COUNTY,County government,TANGLEBRIAR DR CHARLOTTE NC,CHARLOTTE,100 YEAR FLOOD PLAIN - AC,"Vacant, floodplain & farm",0.454,3300,4,3,https://polaris3g.mecklenburgcountync.gov/?pid=05706125
22120122,MECKLENBURG COUNTY,County government,BANNINGTON RD CHARLOTTE NC,CHARLOTTE,OTHER COUNTY PROPERTY,"Public land, ROW & utility",2.340,150600,4,1,https://polaris3g.mecklenburgcountync.gov/?pid=22120122
17517321,MECKLENBURG COUNTY,County government,3232 WESTFIELD RD CHARLOTTE NC,CHARLOTTE,GREENWAY TRAIL,"Public land, ROW & utility",0.217,630000,4,2,https://polaris3g.mecklenburgcountync.gov/?pid=17517321
17109104,MECKLENBURG COUNTY,County government,5715 WEDGEWOOD DR CHARLOTTE NC,CHARLOTTE,FLUM/SWIM FLOODWAY (NO BUILD ZONE),"Vacant, floodplain & farm",0.413,261300,4,2,https://polaris3g.mecklenburgcountync.gov/?pid=17109104
14109402,MECKLENBURG COUNTY,County government,DOUGLAS DR CHARLOTTE NC,CHARLOTTE,100 YEAR FLOOD PLAIN - AC,"Vacant, floodplain & farm",3.482,44800,4,1,https://polaris3g.mecklenburgcountync.gov/?pid=14109402
07508348,MECKLENBURG COUNTY,County government,1505 WADDELL ST CHARLOTTE NC,CHARLOTTE,OTHER MUNICIPAL,"Public land, ROW & utility",4.881,225800,4,4,https://polaris3g.mecklenburgcountync.gov/?pid=07508348
08911117,MECKLENBURG COUNTY,County government,LAMBETH DR CHARLOTTE NC,CHARLOTTE,SINGLE FAMILY RESIDENTIAL,Single-family homes,0.260,53800,4,0,https://polaris3g.mecklenburgcountync.gov/?pid=08911117
08303126,MECKLENBURG COUNTY,County government,3215 CULLMAN AV CHARLOTTE NC,CHARLOTTE,OTHER COUNTY PROPERTY,"Public land, ROW & utility",0.413,520400,4,2,https://polaris3g.mecklenburgcountync.gov/?pid=08303126
17517407,MECKLENBURG COUNTY,County government,3004 MANOR RD CHARLOTTE NC,CHARLOTTE,GREENWAY TRAIL,"Public land, ROW & utility",0.183,595000,4,3,https://polaris3g.mecklenburgcountync.gov/?pid=17517407
09911622,MECKLENBURG COUNTY,County government,5415 DOLPHIN LN CHARLOTTE NC,CHARLOTTE,SINGLE FAMILY RESIDENTIAL,Single-family homes,0.349,121600,4,0,https://polaris3g.mecklenburgcountync.gov/?pid=09911622
16915115,MECKLENBURG COUNTY,County government,REYNOLDS AV CHARLOTTE NC,CHARLOTTE,OTHER COUNTY PROPERTY,"Public land, ROW & utility",0.341,19900,4,2,https://polaris3g.mecklenburgcountync.gov/?pid=16915115
14521111,MECKLENBURG COUNTY,County government,WHITEHURST RD CHARLOTTE NC,CHARLOTTE,FLUM/SWIM FLOODWAY (NO BUILD ZONE),"Vacant, floodplain & farm",0.207,84000,4,0,https://polaris3g.mecklenburgcountync.gov/?pid=14521111
19356104,MECKLENBURG COUNTY,County government,7630 E INDEPENDENCE BV CHARLOTTE NC,CHARLOTTE,GREENWAY TRAIL,"Public land, ROW & utility",11.957,428200,4,0,https://polaris3g.mecklenburgcountync.gov/?pid=19356104
01323103,MECKLENBURG COUNTY,County government,NECK RD HUNTERSVILLE NC,HUNTERSVILLE,SINGLE FAMILY RESIDENTIAL - ACREAGE,Single-family homes,42.757,1591400,4,2,https://polaris3g.mecklenburgcountync.gov/?pid=01323103
09510263,MECKLENBURG COUNTY,County government,3020 HARBINGER CT CHARLOTTE NC,CHARLOTTE,SINGLE FAMILY RESIDENTIAL,Single-family homes,0.226,180000,4,2,https://polaris3g.mecklenburgcountync.gov/?pid=09510263
09313403,MECKLENBURG COUNTY,County government,3015 DUNLAVIN WY CHARLOTTE NC,CHARLOTTE,OTHER COUNTY PROPERTY,"Public land, ROW & utility",0.367,93500,4,1,https://polaris3g.mecklenburgcountync.gov/?pid=09313403
07504323,MECKLENBURG COUNTY,County government,1609 CATHERINE SIMMONS AV CHARLOTTE NC,CHARLOTTE,REC AREA,"Public land, ROW & utility",0.183,22200,4,0,https://polaris3g.mecklenburgcountync.gov/?pid=07504323
07707605,MECKLENBURG COUNTY,County government,917 RODEY AV CHARLOTTE NC,CHARLOTTE,REC AREA,"Public land, ROW & utility",0.176,85000,4,0,https://polaris3g.mecklenburgcountync.gov/?pid=07707605
09103308,MECKLENBURG COUNTY,County government,1001 TREMBETH DR CHARLOTTE NC,CHARLOTTE,REC AREA,"Public land, ROW & utility",0.452,287100,4,1,https://polaris3g.mecklenburgcountync.gov/?pid=09103308
09908203,MECKLENBURG COUNTY,County government,5215 KILDARE DR CHARLOTTE NC,CHARLOTTE,SINGLE FAMILY RESIDENTIAL,Single-family homes,0.245,310700,4,1,https://polaris3g.mecklenburgcountync.gov/?pid=09908203
20301128,MECKLENBURG COUNTY,County government,2632 S TRYON ST CHARLOTTE NC,CHARLOTTE,OTHER COUNTY PROPERTY,"Public land, ROW & utility",6.394,2923000,4,3,https://polaris3g.mecklenburgcountync.gov/?pid=20301128
02524196,MECKLENBURG COUNTY PARKS AND RECREATION DEPARTMENT,County government,AMBLESIDE DR CHARLOTTE NC,CHARLOTTE,SINGLE FAMILY RESIDENTIAL - COMMON,HOA common area,0.094,0,4,3,https://polaris3g.mecklenburgcountync.gov/?pid=02524196
09510216,MECKLENBURG COUNTY,County government,1726 MASONIC DR CHARLOTTE NC,CHARLOTTE,GREENWAY TRAIL,"Public land, ROW & utility",0.547,191300,4,2,https://polaris3g.mecklenburgcountync.gov/?pid=09510216
09313405,MECKLENBURG COUNTY,County government,3025 DUNLAVIN WY CHARLOTTE NC,CHARLOTTE,OTHER COUNTY PROPERTY,"Public land, ROW & utility",0.451,99000,4,2,https://polaris3g.mecklenburgcountync.gov/?pid=09313405
16522146,MECKLENBURG COUNTY,County government,6801 IDLEWILD BROOK LN CHARLOTTE NC,CHARLOTTE,SINGLE FAMILY RESIDENTIAL,Single-family homes,0.331,70000,4,3,https://polaris3g.mecklenburgcountync.gov/?pid=16522146
09910233,MECKLENBURG COUNTY,County government,5521 RUTH DR CHARLOTTE NC,CHARLOTTE,SINGLE FAMILY RESIDENTIAL,Single-family homes,0.403,128000,4,3,https://polaris3g.mecklenburgcountync.gov/?pid=09910233
16722301,MECKLENBURG COUNTY,County government,6611 MOUNTING ROCK RD CHARLOTTE NC,CHARLOTTE,SINGLE FAMILY RESIDENTIAL,Single-family homes,0.244,65000,4,1,https://polaris3g.mecklenburgcountync.gov/?pid=16722301
16521402,MECKLENBURG COUNTY,County government,E W T HARRIS BV CHARLOTTE NC,CHARLOTTE,OTHER COUNTY PROPERTY,"Public land, ROW & utility",0.236,13800,4,0,https://polaris3g.mecklenburgcountync.gov/?pid=16521402
06902711,MECKLENBURG COUNTY,County government,2525 ROSLYN AV CHARLOTTE NC,CHARLOTTE,FLUM/SWIM FLOODWAY (NO BUILD ZONE),"Vacant, floodplain & farm",0.273,130000,4,0,https://polaris3g.mecklenburgcountync.gov/?pid=06902711
06909636,MECKLENBURG COUNTY,County government,2212 CELIA AV CHARLOTTE NC,CHARLOTTE,SINGLE FAMILY RESIDENTIAL,Single-family homes,0.092,195600,4,1,https://polaris3g.mecklenburgcountync.gov/?pid=06909636
07509319,MECKLENBURG COUNTY,County government,1028 ANDRILL TR CHARLOTTE NC,CHARLOTTE,FLUM/SWIM FLOODWAY (NO BUILD ZONE),"Vacant, floodplain & farm",0.157,0,4,0,https://polaris3g.mecklenburgcountync.gov/?pid=07509319
08501425,MECKLENBURG COUNTY,County government,220 W 30TH ST CHARLOTTE NC,CHARLOTTE,REC AREA,"Public land, ROW & utility",1.910,1763200,4,4,https://polaris3g.mecklenburgcountync.gov/?pid=08501425
16915106,MECKLENBURG COUNTY,County government,REYNOLDS AV CHARLOTTE NC,CHARLOTTE,OTHER COUNTY PROPERTY,"Public land, ROW & utility",0.265,15500,4,0,https://polaris3g.mecklenburgcountync.gov/?pid=16915106
17517414,MECKLENBURG COUNTY,County government,321 FIELDBROOK PL CHARLOTTE NC,CHARLOTTE,GREENWAY TRAIL,"Public land, ROW & utility",0.205,630000,4,0,https://polaris3g.mecklenburgcountync.gov/?pid=17517414
21313542,MECKLENBURG COUNTY,County government,RIVERWOOD RD CHARLOTTE NC,CHARLOTTE,GREENWAY TRAIL,"Public land, ROW & utility",0.080,1200,4,3,https://polaris3g.mecklenburgcountync.gov/?pid=21313542
17104236,MECKLENBURG COUNTY,County government,1230 E WOODLAWN RD CHARLOTTE NC,CHARLOTTE,FLUM/SWIM FLOODWAY (NO BUILD ZONE),"Vacant, floodplain & farm",0.417,178800,4,4,https://polaris3g.mecklenburgcountync.gov/?pid=17104236
15303403,MECKLENBURG COUNTY,County government,BRUNSWICK AV CHARLOTTE NC,CHARLOTTE,100 YEAR FLOOD PLAIN - AC,"Vacant, floodplain & farm",0.441,139100,4,0,https://polaris3g.mecklenburgcountync.gov/?pid=15303403
20911206,MECKLENBURG COUNTY,County government,3425 JOHNNY CAKE LN CHARLOTTE NC,CHARLOTTE,SINGLE FAMILY RESIDENTIAL,Single-family homes,0.601,277500,4,2,https://polaris3g.mecklenburgcountync.gov/?pid=20911206
17512185,MECKLENBURG COUNTY,County government,PARK RD CHARLOTTE NC,CHARLOTTE,GREENWAY TRAIL,"Public land, ROW & utility",0.310,54600,4,2,https://polaris3g.mecklenburgcountync.gov/?pid=17512185
14118101,MECKLENBURG COUNTY,County government,GARRISON RD CHARLOTTE NC,CHARLOTTE,INDUSTRIAL,Industrial & warehouse,9.946,1100900,4,3,https://polaris3g.mecklenburgcountync.gov/?pid=14118101
15704153,CHARLOTTE MECKLENBURG HOSPITAL AUTHORITY,Hospital Authority (Atrium),501 BILLINGSLEY RD CHARLOTTE NC,CHARLOTTE,OFFICE,Commercial & office,8.188,15495400,4,0,https://polaris3g.mecklenburgcountync.gov/?pid=15704153
17108221,MECKLENBURG COUNTY,County government,1121 MOCKINGBIRD LN CHARLOTTE NC,CHARLOTTE,SINGLE FAMILY RESIDENTIAL,Single-family homes,0.257,261300,4,2,https://polaris3g.mecklenburgcountync.gov/?pid=17108221
09510215,MECKLENBURG COUNTY,County government,1732 MASONIC DR CHARLOTTE NC,CHARLOTTE,GREENWAY TRAIL,"Public land, ROW & utility",0.534,191300,4,1,https://polaris3g.mecklenburgcountync.gov/?pid=09510215
09908425,MECKLENBURG COUNTY,County government,1750 SHANNONHOUSE DR CHARLOTTE NC,CHARLOTTE,SINGLE FAMILY RESIDENTIAL,Single-family homes,0.327,76000,4,2,https://polaris3g.mecklenburgcountync.gov/?pid=09908425
11703111,MECKLENBURG COUNTY,County government,1910 WEST BV CHARLOTTE NC,CHARLOTTE,MULTI FAMILY,Multi-family,0.891,252000,4,3,https://polaris3g.mecklenburgcountync.gov/?pid=11703111
09510218,MECKLENBURG COUNTY,County government,1714 MASONIC DR CHARLOTTE NC,CHARLOTTE,GREENWAY TRAIL,"Public land, ROW & utility",0.502,191300,4,2,https://polaris3g.mecklenburgcountync.gov/?pid=09510218
16717547,MECKLENBURG COUNTY,County government,706 SHERYL CR CHARLOTTE NC,CHARLOTTE,SINGLE FAMILY RESIDENTIAL,Single-family homes,0.565,36000,4,2,https://polaris3g.mecklenburgcountync.gov/?pid=16717547
02930195,MECKLENBURG COUNTY,County government,4403 RIDGE RD CHARLOTTE NC,CHARLOTTE,USE VALUE HOMESITE,Single-family homes,3.443,341100,4,0,https://polaris3g.mecklenburgcountync.gov/?pid=02930195
02326112,MECKLENBURG COUNTY ABC BOARD,Library / ABC / Landmarks,9737 CALLABRIDGE CT UNINC NC,MECKLENBURG COUNTY-UNINCORPORATED,COMMERCIAL,Commercial & office,1.451,1658300,4,4,https://polaris3g.mecklenburgcountync.gov/?pid=02326112
11505116,MECKLENBURG COUNTY,County government,BROOKSVALE ST CHARLOTTE NC,CHARLOTTE,INDUSTRIAL,Industrial & warehouse,2.553,659200,4,3,https://polaris3g.mecklenburgcountync.gov/?pid=11505116
00744109,CHARLOTTE MECKLENBURG HOSPITAL AUTHORITY,Hospital Authority (Atrium),14432 GRUNDYS WY DAVIDSON NC,DAVIDSON,HOSPITALS - PUBLIC,Institutional,0.501,102100,4,3,https://polaris3g.mecklenburgcountync.gov/?pid=00744109
19354583,MECKLENBURG COUNTY,County government,BIG CREEK CT CHARLOTTE NC,CHARLOTTE,OTHER COUNTY PROPERTY,"Public land, ROW & utility",1.057,46700,4,2,https://polaris3g.mecklenburgcountync.gov/?pid=19354583
10704101,MECKLENBURG COUNTY,County government,6320 BARRINGTON DR CHARLOTTE NC,CHARLOTTE,OTHER COUNTY PROPERTY,"Public land, ROW & utility",1.485,91000,4,3,https://polaris3g.mecklenburgcountync.gov/?pid=10704101
16308313,MECKLENBURG COUNTY,County government,4841 STAFFORD CR CHARLOTTE NC,CHARLOTTE,FLUM/SWIM FLOODWAY (NO BUILD ZONE),"Vacant, floodplain & farm",0.421,285000,4,2,https://polaris3g.mecklenburgcountync.gov/?pid=16308313
16915532,MECKLENBURG COUNTY,County government,REYNOLDS AV CHARLOTTE NC,CHARLOTTE,OTHER COUNTY PROPERTY,"Public land, ROW & utility",0.244,14300,4,2,https://polaris3g.mecklenburgcountync.gov/?pid=16915532
17318165,MECKLENBURG COUNTY,County government,RED BARN LN CHARLOTTE NC,CHARLOTTE,OTHER COUNTY PROPERTY,"Public land, ROW & utility",0.068,11900,4,3,https://polaris3g.mecklenburgcountync.gov/?pid=17318165
07504324,MECKLENBURG COUNTY,County government,1613 CATHERINE SIMMONS AV CHARLOTTE NC,CHARLOTTE,REC AREA,"Public land, ROW & utility",0.179,22200,4,0,https://polaris3g.mecklenburgcountync.gov/?pid=07504324
21906146,MECKLENBURG COUNTY,County government,WALKER BRANCH DR CHARLOTTE NC,CHARLOTTE,MULTI FAMILY,Multi-family,1.010,22000,4,3,https://polaris3g.mecklenburgcountync.gov/?pid=21906146
13731104,CHARLOTTE MECKLENBURG HOSPITAL AUTHORITY,Hospital Authority (Atrium),10545 TRUELIGHT CHURCH RD MINT HILL NC,MINT HILL,HOSPITALS - PUBLIC,Institutional,6.873,619400,4,3,https://polaris3g.mecklenburgcountync.gov/?pid=13731104
14517205,MECKLENBURG COUNTY,County government,AMAY JAMES AV CHARLOTTE NC,CHARLOTTE,SINGLE FAMILY RESIDENTIAL,Single-family homes,0.168,100000,4,0,https://polaris3g.mecklenburgcountync.gov/?pid=14517205
03522105,MECKLENBURG COUNTY,County government,6830 OLD PLANK RD CHARLOTTE NC,CHARLOTTE,SINGLE FAMILY RESIDENTIAL - ACREAGE,Single-family homes,1.107,157500,4,0,https://polaris3g.mecklenburgcountync.gov/?pid=03522105
16915113,MECKLENBURG COUNTY,County government,REYNOLDS AV CHARLOTTE NC,CHARLOTTE,OTHER COUNTY PROPERTY,"Public land, ROW & utility",0.358,20900,4,2,https://polaris3g.mecklenburgcountync.gov/?pid=16915113
00519145,MECKLENBURG COUNTY,County government,NANNIE POTTS LN CORNELIUS NC,CORNELIUS,OTHER COUNTY PROPERTY,"Public land, ROW & utility",0.736,47400,4,2,https://polaris3g.mecklenburgcountync.gov/?pid=00519145
09312527,MECKLENBURG COUNTY,County government,2923 DUNLAVIN WY CHARLOTTE NC,CHARLOTTE,OTHER COUNTY PROPERTY,"Public land, ROW & utility",0.288,93500,4,1,https://polaris3g.mecklenburgcountync.gov/?pid=09312527
13324137,MECKLENBURG COUNTY,County government,4911 E W T HARRIS BV CHARLOTTE NC,CHARLOTTE,SINGLE FAMILY RESIDENTIAL,Single-family homes,2.692,136800,4,0,https://polaris3g.mecklenburgcountync.gov/?pid=13324137
04303218,MECKLENBURG COUNTY,County government,5612 GREENE ST CHARLOTTE NC,CHARLOTTE,SINGLE FAMILY RESIDENTIAL,Single-family homes,0.107,45000,4,4,https://polaris3g.mecklenburgcountync.gov/?pid=04303218
17517320,MECKLENBURG COUNTY,County government,3236 WESTFIELD RD CHARLOTTE NC,CHARLOTTE,GREENWAY TRAIL,"Public land, ROW & utility",0.220,630000,4,1,https://polaris3g.mecklenburgcountync.gov/?pid=17517320
17517405,MECKLENBURG COUNTY,County government,3012 MANOR RD CHARLOTTE NC,CHARLOTTE,GREENWAY TRAIL,"Public land, ROW & utility",0.203,630000,4,3,https://polaris3g.mecklenburgcountync.gov/?pid=17517405
21309127,MECKLENBURG COUNTY,County government,OLD BELL RD CHARLOTTE NC,CHARLOTTE,GREENWAY TRAIL,"Public land, ROW & utility",0.975,56700,4,0,https://polaris3g.mecklenburgcountync.gov/?pid=21309127
01322101,MECKLENBURG COUNTY,County government,CASHION RD HUNTERSVILLE NC,HUNTERSVILLE,SINGLE FAMILY RESIDENTIAL - ACREAGE,Single-family homes,40.113,1516400,4,1,https://polaris3g.mecklenburgcountync.gov/?pid=01322101
16915102,MECKLENBURG COUNTY,County government,REYNOLDS AV CHARLOTTE NC,CHARLOTTE,OTHER COUNTY PROPERTY,"Public land, ROW & utility",0.272,15900,4,0,https://polaris3g.mecklenburgcountync.gov/?pid=16915102
11503257,MECKLENBURG COUNTY,County government,2953 CAPITOL DR CHARLOTTE NC,CHARLOTTE,OTHER COUNTY PROPERTY,"Public land, ROW & utility",2.110,348300,4,2,https://polaris3g.mecklenburgcountync.gov/?pid=11503257
08303123,MECKLENBURG COUNTY,County government,3201 CULLMAN AV CHARLOTTE NC,CHARLOTTE,OTHER COUNTY PROPERTY,"Public land, ROW & utility",0.411,501600,4,1,https://polaris3g.mecklenburgcountync.gov/?pid=08303123
21309124,MECKLENBURG COUNTY,County government,224 OLD BELL RD CHARLOTTE NC,CHARLOTTE,GREENWAY TRAIL,"Public land, ROW & utility",0.790,46100,4,1,https://polaris3g.mecklenburgcountync.gov/?pid=21309124
09908219,MECKLENBURG COUNTY,County government,5124 DOLPHIN LN CHARLOTTE NC,CHARLOTTE,FLUM/SWIM FLOODWAY (NO BUILD ZONE),"Vacant, floodplain & farm",0.209,121600,4,0,https://polaris3g.mecklenburgcountync.gov/?pid=09908219
06514306,MECKLENBURG COUNTY,County government,BARLOWE RD CHARLOTTE NC,CHARLOTTE,SINGLE FAMILY RESIDENTIAL,Single-family homes,0.378,20300,4,2,https://polaris3g.mecklenburgcountync.gov/?pid=06514306
06708408,MECKLENBURG COUNTY,County government,2601 ROYSTON RD CHARLOTTE NC,CHARLOTTE,OTHER COUNTY PROPERTY,"Public land, ROW & utility",2.365,172400,4,2,https://polaris3g.mecklenburgcountync.gov/?pid=06708408
07703115,CHARLOTTE MECKLENBURG BOARD OF EDUCATION,CMS (Board of Education),TIPTON DR CHARLOTTE NC,CHARLOTTE,COMMERCIAL,Commercial & office,0.096,48000,4,3,https://polaris3g.mecklenburgcountync.gov/?pid=07703115
08108608,MECKLENBURG COUNTY,County government,E 12TH ST CHARLOTTE NC,CHARLOTTE,REC AREA,"Public land, ROW & utility",0.567,118400,4,3,https://polaris3g.mecklenburgcountync.gov/?pid=08108608
04931121,MECKLENBURG COUNTY,County government,N TRYON ST CHARLOTTE NC,CHARLOTTE,GREENWAY TRAIL,"Public land, ROW & utility",3.668,111600,4,3,https://polaris3g.mecklenburgcountync.gov/?pid=04931121
07509321,MECKLENBURG COUNTY,County government,1020 ANDRILL TR CHARLOTTE NC,CHARLOTTE,FLUM/SWIM FLOODWAY (NO BUILD ZONE),"Vacant, floodplain & farm",0.656,57800,4,0,https://polaris3g.mecklenburgcountync.gov/?pid=07509321
01302421,MECKLENBURG COUNTY,County government,5700 PAMELA ST HUNTERSVILLE NC,HUNTERSVILLE,OTHER COUNTY PROPERTY,"Public land, ROW & utility",1.164,16800,4,0,https://polaris3g.mecklenburgcountync.gov/?pid=01302421
08303121,MECKLENBURG COUNTY,County government,3147 CULLMAN AV CHARLOTTE NC,CHARLOTTE,OTHER COUNTY PROPERTY,"Public land, ROW & utility",0.438,503800,4,1,https://polaris3g.mecklenburgcountync.gov/?pid=08303121
19309106,MECKLENBURG COUNTY,County government,8925 MONROE RD CHARLOTTE NC,CHARLOTTE,GREENWAY TRAIL,"Public land, ROW & utility",0.662,155300,4,2,https://polaris3g.mecklenburgcountync.gov/?pid=19309106
17517615,MECKLENBURG COUNTY,County government,3243 WESTFIELD RD CHARLOTTE NC,CHARLOTTE,GREENWAY TRAIL,"Public land, ROW & utility",0.192,595000,4,1,https://polaris3g.mecklenburgcountync.gov/?pid=17517615
12521343,MECKLENBURG COUNTY,County government,HARDING PL CHARLOTTE NC,CHARLOTTE,OTHER COUNTY PROPERTY,"Public land, ROW & utility",0.217,211700,4,1,https://polaris3g.mecklenburgcountync.gov/?pid=12521343
14511101,MECKLENBURG COUNTY,County government,CLANTON RD CHARLOTTE NC,CHARLOTTE,SINGLE FAMILY RESIDENTIAL,Single-family homes,0.426,102000,4,3,https://polaris3g.mecklenburgcountync.gov/?pid=14511101
18507103,MECKLENBURG COUNTY,County government,5028 ADDISON DR CHARLOTTE NC,CHARLOTTE,SINGLE FAMILY RESIDENTIAL,Single-family homes,0.587,90000,4,2,https://polaris3g.mecklenburgcountync.gov/?pid=18507103
06108103,CHARLOTTE MECKLENBURG BOARD OF EDUCATION,CMS (Board of Education),DENVER AV CHARLOTTE NC,CHARLOTTE,INDUSTRIAL,Industrial & warehouse,0.116,22500,4,2,https://polaris3g.mecklenburgcountync.gov/?pid=06108103
07107316,MECKLENBURG COUNTY,County government,530 S BRUNS AV CHARLOTTE NC,CHARLOTTE,SINGLE FAMILY RESIDENTIAL,Single-family homes,0.269,200000,4,2,https://polaris3g.mecklenburgcountync.gov/?pid=07107316
06909410,MECKLENBURG COUNTY,County government,CELIA AV CHARLOTTE NC,CHARLOTTE,SINGLE FAMILY RESIDENTIAL,Single-family homes,0.251,31500,4,2,https://polaris3g.mecklenburgcountync.gov/?pid=06909410
06907116,MECKLENBURG COUNTY,County government,PRINCE ST CHARLOTTE NC,CHARLOTTE,SINGLE FAMILY RESIDENTIAL,Single-family homes,2.184,31900,4,1,https://polaris3g.mecklenburgcountync.gov/?pid=06907116
14501304,MECKLENBURG COUNTY,County government,2629 CHICAGO AV CHARLOTTE NC,CHARLOTTE,REC AREA,"Public land, ROW & utility",0.130,56200,4,1,https://polaris3g.mecklenburgcountync.gov/?pid=14501304
09510212,MECKLENBURG COUNTY,County government,1810 MASONIC DR CHARLOTTE NC,CHARLOTTE,GREENWAY TRAIL,"Public land, ROW & utility",0.631,191300,4,0,https://polaris3g.mecklenburgcountync.gov/?pid=09510212
00712206,CHARLOTTE MECKLENBURG BOARD OF EDUCATION,CMS (Board of Education),12354 BAILEY RD CORNELIUS NC,CORNELIUS,SINGLE FAMILY RESIDENTIAL - ACREAGE,Single-family homes,0.955,258600,4,0,https://polaris3g.mecklenburgcountync.gov/?pid=00712206
00712207,CHARLOTTE MECKLENBURG BOARD OF EDUCATION,CMS (Board of Education),BAILEY RD CORNELIUS NC,CORNELIUS,SINGLE FAMILY RESIDENTIAL - ACREAGE,Single-family homes,6.699,758100,4,1,https://polaris3g.mecklenburgcountync.gov/?pid=00712207
04301119,MECKLENBURG COUNTY,County government,6100 CARVER BV CHARLOTTE NC,CHARLOTTE,SINGLE FAMILY RESIDENTIAL,Single-family homes,0.752,57800,4,2,https://polaris3g.mecklenburgcountync.gov/?pid=04301119
09908202,MECKLENBURG COUNTY,County government,5209 KILDARE DR CHARLOTTE NC,CHARLOTTE,SINGLE FAMILY RESIDENTIAL,Single-family homes,0.238,121600,4,0,https://polaris3g.mecklenburgcountync.gov/?pid=09908202
16722156,MECKLENBURG COUNTY,County government,6425 MOUNTING ROCK RD CHARLOTTE NC,CHARLOTTE,SINGLE FAMILY RESIDENTIAL,Single-family homes,0.254,65000,4,1,https://polaris3g.mecklenburgcountync.gov/?pid=16722156
04941101,MECKLENBURG COUNTY,County government,E W T HARRIS BV CHARLOTTE NC,CHARLOTTE,REC AREA,"Public land, ROW & utility",2.906,133200,4,3,https://polaris3g.mecklenburgcountync.gov/?pid=04941101
01546110,MECKLENBURG COUNTY,County government,MCCOY RD HUNTERSVILLE NC,HUNTERSVILLE,SINGLE FAMILY RESIDENTIAL,Single-family homes,13.133,865800,4,2,https://polaris3g.mecklenburgcountync.gov/?pid=01546110
19307306,MECKLENBURG COUNTY,County government,KREFELD DR CHARLOTTE NC,CHARLOTTE,100 YEAR FLOOD PLAIN - AC,"Vacant, floodplain & farm",0.087,13000,4,1,https://polaris3g.mecklenburgcountync.gov/?pid=19307306
09510213,MECKLENBURG COUNTY,County government,1808 MASONIC DR CHARLOTTE NC,CHARLOTTE,GREENWAY TRAIL,"Public land, ROW & utility",0.623,191300,4,0,https://polaris3g.mecklenburgcountync.gov/?pid=09510213
09911620,MECKLENBURG COUNTY,County government,5401 DOLPHIN LN CHARLOTTE NC,CHARLOTTE,SINGLE FAMILY RESIDENTIAL,Single-family homes,0.333,121600,4,1,https://polaris3g.mecklenburgcountync.gov/?pid=09911620
02529133,MECKLENBURG COUNTY,County government,MADISON SQUARE PL CHARLOTTE NC,CHARLOTTE,MULTI FAMILY,Multi-family,4.850,50900,4,1,https://polaris3g.mecklenburgcountync.gov/?pid=02529133
08002208,MECKLENBURG COUNTY,County government,129 E 7TH ST CHARLOTTE NC,CHARLOTTE,COMMERCIAL,Commercial & office,0.145,2005800,4,3,https://polaris3g.mecklenburgcountync.gov/?pid=08002208
01301809,MECKLENBURG COUNTY,County government,12137 FLATBUSH DR HUNTERSVILLE NC,HUNTERSVILLE,SINGLE FAMILY RESIDENTIAL,Single-family homes,0.179,50000,4,3,https://polaris3g.mecklenburgcountync.gov/?pid=01301809
03115236,MECKLENBURG COUNTY,County government,RIVERSIDE DR CHARLOTTE NC,CHARLOTTE,SINGLE FAMILY RESIDENTIAL,Single-family homes,0.079,14400,4,2,https://polaris3g.mecklenburgcountync.gov/?pid=03115236
00305113,MECKLENBURG COUNTY,County government,21531 SHEARER RD UNINC NC,MECKLENBURG COUNTY-UNINCORPORATED,SINGLE FAMILY RESIDENTIAL - ACREAGE,Single-family homes,4.038,468000,4,2,https://polaris3g.mecklenburgcountync.gov/?pid=00305113
15310520,MECKLENBURG COUNTY,County government,2323 SHARON RD CHARLOTTE NC,CHARLOTTE,SINGLE FAMILY RESIDENTIAL,Single-family homes,0.349,412500,4,3,https://polaris3g.mecklenburgcountync.gov/?pid=15310520
16717528,MECKLENBURG COUNTY,County government,666 SHERYL CR CHARLOTTE NC,CHARLOTTE,SINGLE FAMILY RESIDENTIAL,Single-family homes,1.114,42000,4,1,https://polaris3g.mecklenburgcountync.gov/?pid=16717528
03116210,MECKLENBURG COUNTY,County government,1216 RIVERSIDE DR CHARLOTTE NC,CHARLOTTE,SINGLE FAMILY RESIDENTIAL,Single-family homes,0.423,180500,4,1,https://polaris3g.mecklenburgcountync.gov/?pid=03116210
20130116,MECKLENBURG COUNTY ABC BOARD,Library / ABC / Landmarks,8130 S TRYON ST CHARLOTTE NC,CHARLOTTE,COMMERCIAL,Commercial & office,0.835,1587000,4,4,https://polaris3g.mecklenburgcountync.gov/?pid=20130116
14517312,MECKLENBURG COUNTY,County government,SUDAN ST CHARLOTTE NC,CHARLOTTE,SINGLE FAMILY RESIDENTIAL,Single-family homes,0.161,100000,4,2,https://polaris3g.mecklenburgcountync.gov/?pid=14517312
08109506,MECKLENBURG COUNTY,County government,709 E 15TH ST CHARLOTTE NC,CHARLOTTE,REC AREA,"Public land, ROW & utility",0.165,175000,4,0,https://polaris3g.mecklenburgcountync.gov/?pid=08109506
00911120,MECKLENBURG COUNTY,County government,16047 OLD STATESVILLE RD HUNTERSVILLE NC,HUNTERSVILLE,OTHER COUNTY PROPERTY,"Public land, ROW & utility",2.015,97600,4,1,https://polaris3g.mecklenburgcountync.gov/?pid=00911120
09510221,MECKLENBURG COUNTY,County government,1646 MASONIC DR CHARLOTTE NC,CHARLOTTE,GREENWAY TRAIL,"Public land, ROW & utility",0.445,180000,4,2,https://polaris3g.mecklenburgcountync.gov/?pid=09510221
00901132,MECKLENBURG COUNTY,County government,OLIVER HAGER RD HUNTERSVILLE NC,HUNTERSVILLE,GREENWAY TRAIL,"Public land, ROW & utility",1.917,78200,4,4,https://polaris3g.mecklenburgcountync.gov/?pid=00901132
20924141,MECKLENBURG COUNTY,County government,WALSH BV CHARLOTTE NC,CHARLOTTE,GREENWAY TRAIL,"Public land, ROW & utility",2.744,106900,4,4,https://polaris3g.mecklenburgcountync.gov/?pid=20924141
04505429,COUNTY OF MECKLENBURG DERITA ESTATES,County government,4725 WOODSTONE DR CHARLOTTE NC,CHARLOTTE,SINGLE FAMILY RESIDENTIAL,Single-family homes,0.349,156500,4,4,https://polaris3g.mecklenburgcountync.gov/?pid=04505429
21309126,MECKLENBURG COUNTY,County government,OLD BELL RD CHARLOTTE NC,CHARLOTTE,GREENWAY TRAIL,"Public land, ROW & utility",0.935,54600,4,1,https://polaris3g.mecklenburgcountync.gov/?pid=21309126
11904217,MECKLENBURG COUNTY,County government,1237 SPRUCE ST CHARLOTTE NC,CHARLOTTE,SINGLE FAMILY RESIDENTIAL,Single-family homes,0.130,297500,4,2,https://polaris3g.mecklenburgcountync.gov/?pid=11904217
06514304,MECKLENBURG COUNTY,County government,4016 BARLOWE RD CHARLOTTE NC,CHARLOTTE,SINGLE FAMILY RESIDENTIAL,Single-family homes,0.225,20300,4,2,https://polaris3g.mecklenburgcountync.gov/?pid=06514304
07509316,MECKLENBURG COUNTY,County government,1040 ANDRILL TR CHARLOTTE NC,CHARLOTTE,FLUM/SWIM FLOODWAY (NO BUILD ZONE),"Vacant, floodplain & farm",0.189,0,4,0,https://polaris3g.mecklenburgcountync.gov/?pid=07509316
07707617,MECKLENBURG COUNTY,County government,2701 POINSETT ST CHARLOTTE NC,CHARLOTTE,REC AREA,"Public land, ROW & utility",0.336,93500,4,0,https://polaris3g.mecklenburgcountync.gov/?pid=07707617
16712109,CHARLOTTE MECKLENBURG BOARD OF EDUCATION,CMS (Board of Education),NATIONS FORD RD CHARLOTTE NC,CHARLOTTE,SCHOOL - PUBLIC,Institutional,17.989,3064000,4,1,https://polaris3g.mecklenburgcountync.gov/?pid=16712109
09510225,MECKLENBURG COUNTY,County government,1600 MASONIC DR CHARLOTTE NC,CHARLOTTE,OFFICE,Commercial & office,0.427,81900,4,3,https://polaris3g.mecklenburgcountync.gov/?pid=09510225
03147235,MECKLENBURG COUNTY,County government,10710 HARWOOD LN UNINC NC,MECKLENBURG COUNTY-UNINCORPORATED,SINGLE FAMILY RESIDENTIAL - RIVER,Single-family homes,1.492,334000,4,3,https://polaris3g.mecklenburgcountync.gov/?pid=03147235
09908426,MECKLENBURG COUNTY,County government,1744 SHANNONHOUSE DR CHARLOTTE NC,CHARLOTTE,SINGLE FAMILY RESIDENTIAL,Single-family homes,0.246,76000,4,2,https://polaris3g.mecklenburgcountync.gov/?pid=09908426
10506110,MECKLENBURG COUNTY,County government,3050 ROCKY RIVER RD UNINC NC,MECKLENBURG COUNTY-UNINCORPORATED,REC AREA,"Public land, ROW & utility",0.997,27500,4,1,https://polaris3g.mecklenburgcountync.gov/?pid=10506110
10511102,MECKLENBURG COUNTY,County government,8601 PLAZA RD CHARLOTTE NC,CHARLOTTE,MULTI FAMILY,Multi-family,112.045,4812500,4,0,https://polaris3g.mecklenburgcountync.gov/?pid=10511102
14518605,MECKLENBURG COUNTY,County government,MORNING DR CHARLOTTE NC,CHARLOTTE,REC AREA,"Public land, ROW & utility",0.085,4400,4,2,https://polaris3g.mecklenburgcountync.gov/?pid=14518605
21309117,MECKLENBURG COUNTY,County government,OLD BELL RD CHARLOTTE NC,CHARLOTTE,GREENWAY TRAIL,"Public land, ROW & utility",1.317,61500,4,1,https://polaris3g.mecklenburgcountync.gov/?pid=21309117
03115214,MECKLENBURG COUNTY,County government,932 RIVERSIDE DR CHARLOTTE NC,CHARLOTTE,SINGLE FAMILY RESIDENTIAL,Single-family homes,0.210,87900,4,1,https://polaris3g.mecklenburgcountync.gov/?pid=03115214
16722157,MECKLENBURG COUNTY,County government,6429 MOUNTING ROCK RD CHARLOTTE NC,CHARLOTTE,SINGLE FAMILY RESIDENTIAL,Single-family homes,0.277,65000,4,0,https://polaris3g.mecklenburgcountync.gov/?pid=16722157
07509317,MECKLENBURG COUNTY,County government,1036 ANDRILL TR CHARLOTTE NC,CHARLOTTE,FLUM/SWIM FLOODWAY (NO BUILD ZONE),"Vacant, floodplain & farm",0.177,0,4,0,https://polaris3g.mecklenburgcountync.gov/?pid=07509317
09908101,MECKLENBURG COUNTY,County government,KILDARE DR CHARLOTTE NC,CHARLOTTE,SINGLE FAMILY RESIDENTIAL,Single-family homes,0.645,121600,4,3,https://polaris3g.mecklenburgcountync.gov/?pid=09908101
06707202,MECKLENBURG COUNTY,County government,CAMP GREENE ST CHARLOTTE NC,CHARLOTTE,COMMERCIAL,Commercial & office,4.481,257800,4,4,https://polaris3g.mecklenburgcountync.gov/?pid=06707202
09510224,MECKLENBURG COUNTY,County government,MASONIC DR CHARLOTTE NC,CHARLOTTE,OFFICE,Commercial & office,0.497,96000,4,2,https://polaris3g.mecklenburgcountync.gov/?pid=09510224
22303198,MECKLENBURG COUNTY,County government,LANCASTER HY CHARLOTTE NC,CHARLOTTE,OTHER COUNTY PROPERTY,"Public land, ROW & utility",2.244,75400,4,3,https://polaris3g.mecklenburgcountync.gov/?pid=22303198
10501398,MECKLENBURG COUNTY,County government,SHORTHORN ST CHARLOTTE NC,CHARLOTTE,SINGLE FAMILY RESIDENTIAL - COMMON,HOA common area,0.890,0,4,2,https://polaris3g.mecklenburgcountync.gov/?pid=10501398
07302204,MECKLENBURG COUNTY,County government,300 S CHURCH ST CHARLOTTE NC,CHARLOTTE,REC AREA,"Public land, ROW & utility",2.734,32304400,4,0,https://polaris3g.mecklenburgcountync.gov/?pid=07302204
22352104,MECKLENBURG COUNTY,County government,ARDREY KELL RD CHARLOTTE NC,CHARLOTTE,OTHER COUNTY PROPERTY,"Public land, ROW & utility",2.778,433400,4,2,https://polaris3g.mecklenburgcountync.gov/?pid=22352104
09720199,CHARLOTTE-MECKLENBURG BOARD OF EDUCATION,CMS (Board of Education),BANFSHIRE RD CHARLOTTE NC,CHARLOTTE,"WASTELAND, SLIVERS, GULLIES, ROCK OUTCROP","Vacant, floodplain & farm",0.013,100,4,3,https://polaris3g.mecklenburgcountync.gov/?pid=09720199
08901407,MECKLENBURG COUNTY,County government,213 WELLINGFORD ST CHARLOTTE NC,CHARLOTTE,SINGLE FAMILY RESIDENTIAL,Single-family homes,0.172,47500,4,0,https://polaris3g.mecklenburgcountync.gov/?pid=08901407
17517403,MECKLENBURG COUNTY,County government,3020 MANOR RD CHARLOTTE NC,CHARLOTTE,GREENWAY TRAIL,"Public land, ROW & utility",0.190,595000,4,1,https://polaris3g.mecklenburgcountync.gov/?pid=17517403
20911207,MECKLENBURG COUNTY,County government,3501 JOHNNY CAKE LN CHARLOTTE NC,CHARLOTTE,SINGLE FAMILY RESIDENTIAL,Single-family homes,0.728,277500,4,2,https://polaris3g.mecklenburgcountync.gov/?pid=20911207
19315131,MECKLENBURG COUNTY,County government,SAM NEWELL RD MATTHEWS NC,MATTHEWS,OTHER COUNTY PROPERTY,"Public land, ROW & utility",1.498,64200,4,3,https://polaris3g.mecklenburgcountync.gov/?pid=19315131
22730209,MECKLENBURG COUNTY,County government,RETANA DR CHARLOTTE NC,CHARLOTTE,GREENWAY TRAIL,"Public land, ROW & utility",0.385,9300,4,3,https://polaris3g.mecklenburgcountync.gov/?pid=22730209
02701119,MECKLENBURG COUNTY,County government,WADE E MORGAN RD CHARLOTTE NC,CHARLOTTE,100 YEAR FLOOD PLAIN - AC,"Vacant, floodplain & farm",0.880,5700,4,2,https://polaris3g.mecklenburgcountync.gov/?pid=02701119
13324204,MECKLENBURG COUNTY,County government,5027 IDLEWILD RD CHARLOTTE NC,CHARLOTTE,"CLUB, LODGES, UNION HALL, SWIM CLUB","Vacant, floodplain & farm",4.451,2546300,4,1,https://polaris3g.mecklenburgcountync.gov/?pid=13324204
14518603,MECKLENBURG COUNTY,County government,MORNINGSIDE DR CHARLOTTE NC,CHARLOTTE,SINGLE FAMILY RESIDENTIAL,Single-family homes,0.086,85000,4,3,https://polaris3g.mecklenburgcountync.gov/?pid=14518603
16308310,MECKLENBURG COUNTY,County government,4751 EMORY LN CHARLOTTE NC,CHARLOTTE,SINGLE FAMILY RESIDENTIAL,Single-family homes,0.475,285000,4,2,https://polaris3g.mecklenburgcountync.gov/?pid=16308310
14303199,MECKLENBURG COUNTY,County government,WESTMONT DR CHARLOTTE NC,CHARLOTTE,100 YEAR FLOOD PLAIN - AC,"Vacant, floodplain & farm",11.816,169100,4,3,https://polaris3g.mecklenburgcountync.gov/?pid=14303199
07104115,MECKLENBURG COUNTY,County government,WESLEY VILLAGE RD CHARLOTTE NC,CHARLOTTE,100 YEAR FLOOD PLAIN - AC,"Vacant, floodplain & farm",1.008,43900,4,3,https://polaris3g.mecklenburgcountync.gov/?pid=07104115
11703110,MECKLENBURG COUNTY,County government,1918 WEST BV CHARLOTTE NC,CHARLOTTE,MULTI FAMILY,Multi-family,1.218,344300,4,3,https://polaris3g.mecklenburgcountync.gov/?pid=11703110
17517322,MECKLENBURG COUNTY,County government,3228 WESTFIELD RD CHARLOTTE NC,CHARLOTTE,GREENWAY TRAIL,"Public land, ROW & utility",0.204,595000,4,2,https://polaris3g.mecklenburgcountync.gov/?pid=17517322
06514307,MECKLENBURG COUNTY,County government,3946 BARLOWE RD CHARLOTTE NC,CHARLOTTE,SINGLE FAMILY RESIDENTIAL,Single-family homes,0.379,20300,4,3,https://polaris3g.mecklenburgcountync.gov/?pid=06514307
17307107,MECKLENBURG COUNTY,County government,6220 COLCHESTER PL CHARLOTTE NC,CHARLOTTE,SINGLE FAMILY RESIDENTIAL,Single-family homes,0.339,209000,4,3,https://polaris3g.mecklenburgcountync.gov/?pid=17307107
10927334,MECKLENBURG COUNTY,County government,OTTAWA LN CHARLOTTE NC,CHARLOTTE,OTHER COUNTY PROPERTY,"Public land, ROW & utility",0.500,29300,4,3,https://polaris3g.mecklenburgcountync.gov/?pid=10927334
03516207,CHARLOTTE MECKLENBURG BOARD OF EDUCATION,CMS (Board of Education),5923 PLEASANT GROVE RD CHARLOTTE NC,CHARLOTTE,SINGLE FAMILY RESIDENTIAL,Single-family homes,1.087,173700,4,2,https://polaris3g.mecklenburgcountync.gov/?pid=03516207
07504221,MECKLENBURG COUNTY,County government,2014 HAINES ST CHARLOTTE NC,CHARLOTTE,REC AREA,"Public land, ROW & utility",0.083,4400,4,0,https://polaris3g.mecklenburgcountync.gov/?pid=07504221
07904303,MECKLENBURG COUNTY,County government,2014 STATESVILLE AV CHARLOTTE NC,CHARLOTTE,COMMERCIAL,Commercial & office,2.487,2953900,4,4,https://polaris3g.mecklenburgcountync.gov/?pid=07904303
07509305,MECKLENBURG COUNTY,County government,1017 ANDRILL TR CHARLOTTE NC,CHARLOTTE,SINGLE FAMILY RESIDENTIAL,Single-family homes,0.278,82500,4,1,https://polaris3g.mecklenburgcountync.gov/?pid=07509305
08704108,MECKLENBURG COUNTY,County government,926 W CRAIGHEAD RD CHARLOTTE NC,CHARLOTTE,OTHER COUNTY PROPERTY,"Public land, ROW & utility",1.037,399300,4,3,https://polaris3g.mecklenburgcountync.gov/?pid=08704108
13901204,MECKLENBURG COUNTY,County government,8519 FAIRVIEW RD MINT HILL NC,MINT HILL,SINGLE FAMILY RESIDENTIAL - ACREAGE,Single-family homes,2.544,155200,4,3,https://polaris3g.mecklenburgcountync.gov/?pid=13901204
19523107,COUNTY OF MECKLENBURG,County government,S I-485 INNER HY UNINC NC,MECKLENBURG COUNTY-UNINCORPORATED,SINGLE FAMILY RESIDENTIAL - ACREAGE,Single-family homes,0.777,73700,4,1,https://polaris3g.mecklenburgcountync.gov/?pid=19523107
04928302,MECKLENBURG COUNTY,County government,CHANCELLOR PARK DR CHARLOTTE NC,CHARLOTTE,100 YEAR FLOOD PLAIN - AC,"Vacant, floodplain & farm",2.194,133400,4,3,https://polaris3g.mecklenburgcountync.gov/?pid=04928302
14521213,MECKLENBURG COUNTY,County government,4034 CRESTRIDGE DR CHARLOTTE NC,CHARLOTTE,SINGLE FAMILY RESIDENTIAL,Single-family homes,0.237,120000,4,1,https://polaris3g.mecklenburgcountync.gov/?pid=14521213
12520153,MECKLENBURG COUNTY,County government,PEARL PARK WY CHARLOTTE NC,CHARLOTTE,OTHER COUNTY PROPERTY,"Public land, ROW & utility",3.030,18703000,4,3,https://polaris3g.mecklenburgcountync.gov/?pid=12520153
09312619,MECKLENBURG COUNTY,County government,3204 BRIXTON CT CHARLOTTE NC,CHARLOTTE,SINGLE FAMILY RESIDENTIAL,Single-family homes,0.273,144500,4,1,https://polaris3g.mecklenburgcountync.gov/?pid=09312619
01715808,MECKLENBURG COUNTY,County government,TRIBUTE PLACE DR HUNTERSVILLE NC,HUNTERSVILLE,OTHER COUNTY PROPERTY,"Public land, ROW & utility",3.388,91600,4,2,https://polaris3g.mecklenburgcountync.gov/?pid=01715808
00307104,MECKLENBURG COUNTY,County government,20524 SHEARER RD UNINC NC,MECKLENBURG COUNTY-UNINCORPORATED,OTHER COUNTY PROPERTY,"Public land, ROW & utility",4.758,341800,4,1,https://polaris3g.mecklenburgcountync.gov/?pid=00307104
00926194,MECKLENBURG COUNTY,County government,STUMPTOWN RD HUNTERSVILLE NC,HUNTERSVILLE,OTHER COUNTY PROPERTY,"Public land, ROW & utility",0.183,8100,4,2,https://polaris3g.mecklenburgcountync.gov/?pid=00926194
02304207,MECKLENBURG COUNTY,County government,10725 BEATTIES FORD RD UNINC NC,MECKLENBURG COUNTY-UNINCORPORATED,SINGLE FAMILY RESIDENTIAL - ACREAGE,Single-family homes,4.986,496000,4,2,https://polaris3g.mecklenburgcountync.gov/?pid=02304207
07504328,MECKLENBURG COUNTY,County government,2024 JENNINGS ST CHARLOTTE NC,CHARLOTTE,REC AREA,"Public land, ROW & utility",0.168,12200,4,2,https://polaris3g.mecklenburgcountync.gov/?pid=07504328
09908427,MECKLENBURG COUNTY,County government,1738 SHANNONHOUSE DR CHARLOTTE NC,CHARLOTTE,SINGLE FAMILY RESIDENTIAL,Single-family homes,0.229,76000,4,2,https://polaris3g.mecklenburgcountync.gov/?pid=09908427
14517308,MECKLENBURG COUNTY,County government,3153 AMAY JAMES AV CHARLOTTE NC,CHARLOTTE,SINGLE FAMILY RESIDENTIAL,Single-family homes,0.232,115000,4,1,https://polaris3g.mecklenburgcountync.gov/?pid=14517308
11121869,MECKLENBURG COUNTY,County government,FESTIVAL WY CHARLOTTE NC,CHARLOTTE,SINGLE FAMILY RESIDENTIAL - COMMON,HOA common area,2.708,0,4,3,https://polaris3g.mecklenburgcountync.gov/?pid=11121869
17517319,MECKLENBURG COUNTY,County government,3240 WESTFIELD RD CHARLOTTE NC,CHARLOTTE,GREENWAY TRAIL,"Public land, ROW & utility",0.218,630000,4,0,https://polaris3g.mecklenburgcountync.gov/?pid=17517319
06911405,MECKLENBURG COUNTY,County government,CELIA AV CHARLOTTE NC,CHARLOTTE,SINGLE FAMILY RESIDENTIAL,Single-family homes,0.149,14200,4,4,https://polaris3g.mecklenburgcountync.gov/?pid=06911405
13110206,MECKLENBURG COUNTY,County government,3815 WINFIELD DR CHARLOTTE NC,CHARLOTTE,FLUM/SWIM FLOODWAY (NO BUILD ZONE),"Vacant, floodplain & farm",0.311,127500,4,0,https://polaris3g.mecklenburgcountync.gov/?pid=13110206
07704615,CHARLOTTE MECKLENBURG BOARD OF EDUCATION,CMS (Board of Education),1505 ODESSA AV CHARLOTTE NC,CHARLOTTE,MULTI FAMILY,Multi-family,0.495,69300,4,4,https://polaris3g.mecklenburgcountync.gov/?pid=07704615
07504303,MECKLENBURG COUNTY,County government,IRMA ST CHARLOTTE NC,CHARLOTTE,REC AREA,"Public land, ROW & utility",0.080,10400,4,0,https://polaris3g.mecklenburgcountync.gov/?pid=07504303
07509312,MECKLENBURG COUNTY,County government,1058 ANDRILL TR CHARLOTTE NC,CHARLOTTE,FLUM/SWIM FLOODWAY (NO BUILD ZONE),"Vacant, floodplain & farm",0.287,24800,4,2,https://polaris3g.mecklenburgcountync.gov/?pid=07509312
17108218,MECKLENBURG COUNTY,County government,1101 MOCKINGBIRD LN CHARLOTTE NC,CHARLOTTE,SINGLE FAMILY RESIDENTIAL,Single-family homes,0.270,261300,4,2,https://polaris3g.mecklenburgcountync.gov/?pid=17108218
08111421,CHARLOTTE MECKLENBURG BOARD OF EDUCATION,CMS (Board of Education),1409 E 10TH ST CHARLOTTE NC,CHARLOTTE,COMMERCIAL,Commercial & office,0.248,677800,4,2,https://polaris3g.mecklenburgcountync.gov/?pid=08111421
09908108,MECKLENBURG COUNTY,County government,5125 DOLPHIN LN CHARLOTTE NC,CHARLOTTE,SINGLE FAMILY RESIDENTIAL,Single-family homes,0.395,121600,4,2,https://polaris3g.mecklenburgcountync.gov/?pid=09908108
18507109,MECKLENBURG COUNTY,County government,ADDISON DR CHARLOTTE NC,CHARLOTTE,FLUM/SWIM FLOODWAY (NO BUILD ZONE),"Vacant, floodplain & farm",0.451,90000,4,3,https://polaris3g.mecklenburgcountync.gov/?pid=18507109
19110337,MECKLENBURG COUNTY ABC BOARD,Library / ABC / Landmarks,7212 E INDEPENDENCE BV CHARLOTTE NC,CHARLOTTE,COMMERCIAL,Commercial & office,1.021,1985300,4,3,https://polaris3g.mecklenburgcountync.gov/?pid=19110337
06907101,MECKLENBURG COUNTY,County government,PRINCE ST CHARLOTTE NC,CHARLOTTE,SINGLE FAMILY RESIDENTIAL,Single-family homes,0.376,55000,4,3,https://polaris3g.mecklenburgcountync.gov/?pid=06907101
12507125,MECKLENBURG COUNTY,County government,800 E 3RD ST CHARLOTTE NC,CHARLOTTE,OTHER COUNTY PROPERTY,"Public land, ROW & utility",5.499,31162800,3,2,https://polaris3g.mecklenburgcountync.gov/?pid=12507125
06905109,MECKLENBURG COUNTY,County government,826 SELDON DR CHARLOTTE NC,CHARLOTTE,SINGLE FAMILY RESIDENTIAL,Single-family homes,0.188,113800,3,1,https://polaris3g.mecklenburgcountync.gov/?pid=06905109
06514104,MECKLENBURG COUNTY,County government,620 DEWOLFE ST CHARLOTTE NC,CHARLOTTE,SINGLE FAMILY RESIDENTIAL,Single-family homes,0.192,13500,3,2,https://polaris3g.mecklenburgcountync.gov/?pid=06514104
06902713,MECKLENBURG COUNTY,County government,2533 ROSLYN AV CHARLOTTE NC,CHARLOTTE,SINGLE FAMILY RESIDENTIAL,Single-family homes,0.224,121900,3,0,https://polaris3g.mecklenburgcountync.gov/?pid=06902713
06902716,MECKLENBURG COUNTY,County government,2605 ROSLYN AV CHARLOTTE NC,CHARLOTTE,SINGLE FAMILY RESIDENTIAL,Single-family homes,0.240,121900,3,0,https://polaris3g.mecklenburgcountync.gov/?pid=06902716
06907617,MECKLENBURG COUNTY,County government,LAKEWOOD AV CHARLOTTE NC,CHARLOTTE,OTHER COUNTY PROPERTY,"Public land, ROW & utility",0.053,0,3,1,https://polaris3g.mecklenburgcountync.gov/?pid=06907617
06909635,MECKLENBURG COUNTY,County government,2214 CELIA AV CHARLOTTE NC,CHARLOTTE,SINGLE FAMILY RESIDENTIAL,Single-family homes,0.084,206600,3,0,https://polaris3g.mecklenburgcountync.gov/?pid=06909635
08313409,MECKLENBURG COUNTY,County government,1309 PARKWOOD AV CHARLOTTE NC,CHARLOTTE,REC AREA,"Public land, ROW & utility",0.354,342000,3,1,https://polaris3g.mecklenburgcountync.gov/?pid=08313409
01318101,MECKLENBURG COUNTY,County government,4598 NECK RD UNINC NC,MECKLENBURG COUNTY-UNINCORPORATED,SINGLE FAMILY RESIDENTIAL - ACREAGE,Single-family homes,72.547,2390700,3,0,https://polaris3g.mecklenburgcountync.gov/?pid=01318101
07504335,MECKLENBURG COUNTY,County government,1705 CATHERINE SIMMONS AV CHARLOTTE NC,CHARLOTTE,REC AREA,"Public land, ROW & utility",0.176,22200,3,0,https://polaris3g.mecklenburgcountync.gov/?pid=07504335
02726498,MECKLENBURG COUNTY,County government,LAMPKIN PARK DR CHARLOTTE NC,CHARLOTTE,"WASTELAND, SLIVERS, GULLIES, ROCK OUTCROP","Vacant, floodplain & farm",0.027,100,3,2,https://polaris3g.mecklenburgcountync.gov/?pid=02726498
12509306,MECKLENBURG COUNTY,County government,CHARLOTTETOWNE AV CHARLOTTE NC,CHARLOTTE,OTHER COUNTY PROPERTY,"Public land, ROW & utility",2.255,1819200,3,3,https://polaris3g.mecklenburgcountync.gov/?pid=12509306
08902203,MECKLENBURG COUNTY,County government,220 MELLOW DR CHARLOTTE NC,CHARLOTTE,SINGLE FAMILY RESIDENTIAL,Single-family homes,0.174,157800,3,1,https://polaris3g.mecklenburgcountync.gov/?pid=08902203
21136324,CHARLOTTE MECKLENBURG BOARD OF EDUCATION,CMS (Board of Education),FERNBANK DR CHARLOTTE NC,CHARLOTTE,SCHOOL - PUBLIC,Institutional,0.203,213800,3,2,https://polaris3g.mecklenburgcountync.gov/?pid=21136324
16915530,MECKLENBURG COUNTY,County government,REYNOLDS AV CHARLOTTE NC,CHARLOTTE,OTHER COUNTY PROPERTY,"Public land, ROW & utility",0.271,15800,3,0,https://polaris3g.mecklenburgcountync.gov/?pid=16915530
21309110,MECKLENBURG COUNTY,County government,600 OLD BELL RD CHARLOTTE NC,CHARLOTTE,GREENWAY TRAIL,"Public land, ROW & utility",2.802,82300,3,2,https://polaris3g.mecklenburgcountync.gov/?pid=21309110
17307104,MECKLENBURG COUNTY,County government,2811 SPRING VALLEY RD CHARLOTTE NC,CHARLOTTE,SINGLE FAMILY RESIDENTIAL,Single-family homes,0.332,209000,3,2,https://polaris3g.mecklenburgcountync.gov/?pid=17307104
21120145,MECKLENBURG COUNTY,County government,6819 PINEVILLE-MATTHEWS RD CHARLOTTE NC,CHARLOTTE,OTHER COUNTY PROPERTY,"Public land, ROW & utility",2.870,71800,3,0,https://polaris3g.mecklenburgcountync.gov/?pid=21120145
03115219,MECKLENBURG COUNTY,County government,1120 RIVERSIDE DR CHARLOTTE NC,CHARLOTTE,SINGLE FAMILY RESIDENTIAL,Single-family homes,0.141,58600,3,1,https://polaris3g.mecklenburgcountync.gov/?pid=03115219
15111216,MECKLENBURG COUNTY,County government,2836 WESTFIELD RD CHARLOTTE NC,CHARLOTTE,FLUM/SWIM FLOODWAY (NO BUILD ZONE),"Vacant, floodplain & farm",0.372,525000,3,1,https://polaris3g.mecklenburgcountync.gov/?pid=15111216
07302601,MECKLENBURG COUNTY,County government,S POPLAR ST CHARLOTTE NC,CHARLOTTE,REC AREA,"Public land, ROW & utility",0.051,7495100,3,0,https://polaris3g.mecklenburgcountync.gov/?pid=07302601
06905111,MECKLENBURG COUNTY,County government,814 SELDON DR CHARLOTTE NC,CHARLOTTE,FLUM/SWIM FLOODWAY (NO BUILD ZONE),"Vacant, floodplain & farm",0.215,121900,3,1,https://polaris3g.mecklenburgcountync.gov/?pid=06905111
21309118,MECKLENBURG COUNTY,County government,OLD BELL RD CHARLOTTE NC,CHARLOTTE,GREENWAY TRAIL,"Public land, ROW & utility",1.055,57500,3,0,https://polaris3g.mecklenburgcountync.gov/?pid=21309118
08303118,MECKLENBURG COUNTY,County government,3123 CULLMAN AV CHARLOTTE NC,CHARLOTTE,OTHER COUNTY PROPERTY,"Public land, ROW & utility",0.443,505100,3,1,https://polaris3g.mecklenburgcountync.gov/?pid=08303118
08312102,CHARLOTTE MECKLENBURG BOARD OF EDUCATION,CMS (Board of Education),921 CHARLES AV CHARLOTTE NC,CHARLOTTE,SINGLE FAMILY RESIDENTIAL,Single-family homes,0.218,325000,3,0,https://polaris3g.mecklenburgcountync.gov/?pid=08312102
04719115,MECKLENBURG COUNTY,County government,N TRYON ST CHARLOTTE NC,CHARLOTTE,GREENWAY TRAIL,"Public land, ROW & utility",1.474,0,3,3,https://polaris3g.mecklenburgcountync.gov/?pid=04719115
01302414,MECKLENBURG COUNTY,County government,5724 PAMELA ST HUNTERSVILLE NC,HUNTERSVILLE,OTHER COUNTY PROPERTY,"Public land, ROW & utility",0.229,25000,3,0,https://polaris3g.mecklenburgcountync.gov/?pid=01302414
01302423,MECKLENBURG COUNTY,County government,5705 PAMELA ST HUNTERSVILLE NC,HUNTERSVILLE,OTHER COUNTY PROPERTY,"Public land, ROW & utility",0.213,22500,3,0,https://polaris3g.mecklenburgcountync.gov/?pid=01302423
01302425,MECKLENBURG COUNTY,County government,5713 PAMELA ST HUNTERSVILLE NC,HUNTERSVILLE,OTHER COUNTY PROPERTY,"Public land, ROW & utility",0.272,22500,3,0,https://polaris3g.mecklenburgcountync.gov/?pid=01302425
06902719,MECKLENBURG COUNTY,County government,2617 ROSLYN AV CHARLOTTE NC,CHARLOTTE,SINGLE FAMILY RESIDENTIAL,Single-family homes,0.227,121900,3,0,https://polaris3g.mecklenburgcountync.gov/?pid=06902719
01302410,MECKLENBURG COUNTY,County government,5806 PAMELA ST HUNTERSVILLE NC,HUNTERSVILLE,OTHER COUNTY PROPERTY,"Public land, ROW & utility",0.228,25000,3,0,https://polaris3g.mecklenburgcountync.gov/?pid=01302410
06907108,MECKLENBURG COUNTY,County government,PRINCE ST CHARLOTTE NC,CHARLOTTE,SINGLE FAMILY RESIDENTIAL,Single-family homes,0.423,49500,3,1,https://polaris3g.mecklenburgcountync.gov/?pid=06907108
06907624,MECKLENBURG COUNTY,County government,LAKEWOOD AV CHARLOTTE NC,CHARLOTTE,OTHER COUNTY PROPERTY,"Public land, ROW & utility",0.083,6300,3,1,https://polaris3g.mecklenburgcountync.gov/?pid=06907624
01302417,MECKLENBURG COUNTY,County government,5712 PAMELA ST HUNTERSVILLE NC,HUNTERSVILLE,OTHER COUNTY PROPERTY,"Public land, ROW & utility",0.230,25000,3,0,https://polaris3g.mecklenburgcountync.gov/?pid=01302417
14508120,MECKLENBURG COUNTY,County government,3018 REVOLUTION PARK DR CHARLOTTE NC,CHARLOTTE,REC AREA,"Public land, ROW & utility",1.359,373000,3,0,https://polaris3g.mecklenburgcountync.gov/?pid=14508120
12910149,MECKLENBURG COUNTY,County government,3404 COMMONWEALTH AV CHARLOTTE NC,CHARLOTTE,COMMERCIAL,Commercial & office,0.308,328500,3,2,https://polaris3g.mecklenburgcountync.gov/?pid=12910149
18101105,MECKLENBURG COUNTY,County government,116 PLACID PL CHARLOTTE NC,CHARLOTTE,SINGLE FAMILY RESIDENTIAL,Single-family homes,0.310,460000,3,2,https://polaris3g.mecklenburgcountync.gov/?pid=18101105
12522502,CHARLOTTE MECKLENBURG BOARD OF EDUCATION,CMS (Board of Education),510 S TORRENCE ST CHARLOTTE NC,CHARLOTTE,MULTI FAMILY,Multi-family,1.180,2414200,3,3,https://polaris3g.mecklenburgcountync.gov/?pid=12522502
07321105,MECKLENBURG COUNTY,County government,124 S SYCAMORE ST CHARLOTTE NC,CHARLOTTE,FLUM/SWIM FLOODWAY (NO BUILD ZONE),"Vacant, floodplain & farm",0.520,384800,3,0,https://polaris3g.mecklenburgcountync.gov/?pid=07321105
05102108,MECKLENBURG COUNTY,County government,10618 N TRYON ST CHARLOTTE NC,CHARLOTTE,OTHER COUNTY PROPERTY,"Public land, ROW & utility",3.088,397800,3,3,https://polaris3g.mecklenburgcountync.gov/?pid=05102108
05108209,MECKLENBURG COUNTY,County government,13625 CIRCLE DR CHARLOTTE NC,CHARLOTTE,SINGLE FAMILY RESIDENTIAL,Single-family homes,0.879,67500,3,2,https://polaris3g.mecklenburgcountync.gov/?pid=05108209
19932101,MECKLENBURG COUNTY,County government,12201 FOUR HORSE RD UNINC NC,MECKLENBURG COUNTY-UNINCORPORATED,SINGLE FAMILY RESIDENTIAL - WATERFRONT,Single-family homes,138.925,14382100,3,1,https://polaris3g.mecklenburgcountync.gov/?pid=19932101
21510203,CHARLOTTE MECKLENBURG BOARD OF EDUCATION,CMS (Board of Education),1810 MATTHEWS-MINT HILL RD MATTHEWS NC,MATTHEWS,SCHOOL - PUBLIC,Institutional,11.545,3521000,3,0,https://polaris3g.mecklenburgcountync.gov/?pid=21510203
15111212,MECKLENBURG COUNTY,County government,2914 WESTFIELD RD CHARLOTTE NC,CHARLOTTE,FLUM/SWIM FLOODWAY (NO BUILD ZONE),"Vacant, floodplain & farm",0.327,490000,3,1,https://polaris3g.mecklenburgcountync.gov/?pid=15111212
05916103,MECKLENBURG COUNTY,County government,5829 FREEDOM DR CHARLOTTE NC,CHARLOTTE,SINGLE FAMILY RESIDENTIAL - ACREAGE,Single-family homes,1.450,60600,3,1,https://polaris3g.mecklenburgcountync.gov/?pid=05916103
06108105,CHARLOTTE MECKLENBURG BOARD OF EDUCATION,CMS (Board of Education),4430 DENVER AV CHARLOTTE NC,CHARLOTTE,INDUSTRIAL,Industrial & warehouse,0.350,54000,3,0,https://polaris3g.mecklenburgcountync.gov/?pid=06108105
16722307,MECKLENBURG COUNTY,County government,6711 MOUNTING ROCK RD CHARLOTTE NC,CHARLOTTE,FLUM/SWIM FLOODWAY (NO BUILD ZONE),"Vacant, floodplain & farm",0.238,65000,3,2,https://polaris3g.mecklenburgcountync.gov/?pid=16722307
09908109,MECKLENBURG COUNTY,County government,5129 DOLPHIN LN CHARLOTTE NC,CHARLOTTE,SINGLE FAMILY RESIDENTIAL,Single-family homes,0.347,121600,3,1,https://polaris3g.mecklenburgcountync.gov/?pid=09908109
21508115,MECKLENBURG COUNTY,County government,2224 SPORTS PY MATTHEWS NC,MATTHEWS,REC AREA,"Public land, ROW & utility",104.956,31913300,3,3,https://polaris3g.mecklenburgcountync.gov/?pid=21508115
08111420,CHARLOTTE MECKLENBURG BOARD OF EDUCATION,CMS (Board of Education),1407 E 10TH ST CHARLOTTE NC,CHARLOTTE,COMMERCIAL,Commercial & office,0.287,762900,3,1,https://polaris3g.mecklenburgcountync.gov/?pid=08111420
14501319,MECKLENBURG COUNTY,County government,2616 BALTIMORE AV CHARLOTTE NC,CHARLOTTE,REC AREA,"Public land, ROW & utility",0.132,57100,3,1,https://polaris3g.mecklenburgcountync.gov/?pid=14501319
14501321,MECKLENBURG COUNTY,County government,2608 BALTIMORE AV CHARLOTTE NC,CHARLOTTE,REC AREA,"Public land, ROW & utility",0.139,60500,3,0,https://polaris3g.mecklenburgcountync.gov/?pid=14501321
08312103,CHARLOTTE MECKLENBURG BOARD OF EDUCATION,CMS (Board of Education),1001 CHARLES AV CHARLOTTE NC,CHARLOTTE,SINGLE FAMILY RESIDENTIAL,Single-family homes,0.229,325000,3,0,https://polaris3g.mecklenburgcountync.gov/?pid=08312103
19110338,MECKLENBURG COUNTY ABC BOARD,Library / ABC / Landmarks,7206 E INDEPENDENCE BV CHARLOTTE NC,CHARLOTTE,CELL TOWER,"Public land, ROW & utility",0.275,285400,3,2,https://polaris3g.mecklenburgcountync.gov/?pid=19110338
02522110,MECKLENBURG COUNTY,County government,W W T HARRIS BV CHARLOTTE NC,CHARLOTTE,GREENWAY TRAIL,"Public land, ROW & utility",7.597,114000,3,2,https://polaris3g.mecklenburgcountync.gov/?pid=02522110
17517415,MECKLENBURG COUNTY,County government,3325 WESTFIELD RD CHARLOTTE NC,CHARLOTTE,GREENWAY TRAIL,"Public land, ROW & utility",0.215,630000,3,0,https://polaris3g.mecklenburgcountync.gov/?pid=17517415
06908210,MECKLENBURG COUNTY,County government,CELIA AV CHARLOTTE NC,CHARLOTTE,SINGLE FAMILY RESIDENTIAL,Single-family homes,0.149,7900,3,1,https://polaris3g.mecklenburgcountync.gov/?pid=06908210
01747550,MECKLENBURG COUNTY,County government,LYON HILL LN HUNTERSVILLE NC,HUNTERSVILLE,OTHER COUNTY PROPERTY,"Public land, ROW & utility",5.754,19600,3,1,https://polaris3g.mecklenburgcountync.gov/?pid=01747550
08901403,MECKLENBURG COUNTY,County government,149 WELLINGFORD ST CHARLOTTE NC,CHARLOTTE,SINGLE FAMILY RESIDENTIAL,Single-family homes,0.172,47500,3,0,https://polaris3g.mecklenburgcountync.gov/?pid=08901403
09908107,MECKLENBURG COUNTY,County government,5121 DOLPHIN LN CHARLOTTE NC,CHARLOTTE,SINGLE FAMILY RESIDENTIAL,Single-family homes,0.387,121600,3,1,https://polaris3g.mecklenburgcountync.gov/?pid=09908107
07112207,MECKLENBURG COUNTY,County government,STATE ST CHARLOTTE NC,CHARLOTTE,OTHER MUNICIPAL,"Public land, ROW & utility",0.136,32600,3,2,https://polaris3g.mecklenburgcountync.gov/?pid=07112207
02933114,CHARLOTTE MECKLENBURG BOARD OF EDUCATION,CMS (Board of Education),3477 JOHNSTON OEHLER RD CHARLOTTE NC,CHARLOTTE,SINGLE FAMILY RESIDENTIAL - ACREAGE,Single-family homes,3.146,185900,3,2,https://polaris3g.mecklenburgcountync.gov/?pid=02933114
14501305,MECKLENBURG COUNTY,County government,2709 CHICAGO AV CHARLOTTE NC,CHARLOTTE,REC AREA,"Public land, ROW & utility",0.261,113300,3,1,https://polaris3g.mecklenburgcountync.gov/?pid=14501305
03115216,MECKLENBURG COUNTY,County government,922 RIVERSIDE DR CHARLOTTE NC,CHARLOTTE,SINGLE FAMILY RESIDENTIAL,Single-family homes,0.195,83700,3,0,https://polaris3g.mecklenburgcountync.gov/?pid=03115216
06905110,MECKLENBURG COUNTY,County government,820 SELDON DR CHARLOTTE NC,CHARLOTTE,FLUM/SWIM FLOODWAY (NO BUILD ZONE),"Vacant, floodplain & farm",0.212,121900,3,1,https://polaris3g.mecklenburgcountync.gov/?pid=06905110
06902720,MECKLENBURG COUNTY,County government,2621 ROSLYN AV CHARLOTTE NC,CHARLOTTE,SINGLE FAMILY RESIDENTIAL,Single-family homes,0.242,121900,3,0,https://polaris3g.mecklenburgcountync.gov/?pid=06902720
06908206,MECKLENBURG COUNTY,County government,3012 MELITA AV CHARLOTTE NC,CHARLOTTE,SINGLE FAMILY RESIDENTIAL,Single-family homes,0.221,22100,3,1,https://polaris3g.mecklenburgcountync.gov/?pid=06908206
18102199,MECKLENBURG COUNTY,County government,PROVIDENCE RD CHARLOTTE NC,CHARLOTTE,FLUM/SWIM FLOODWAY (NO BUILD ZONE),"Vacant, floodplain & farm",0.210,109200,3,2,https://polaris3g.mecklenburgcountync.gov/?pid=18102199
18510337,MECKLENBURG COUNTY,County government,ADDISON DR CHARLOTTE NC,CHARLOTTE,FLUM/SWIM FLOODWAY (NO BUILD ZONE),"Vacant, floodplain & farm",0.527,297000,3,0,https://polaris3g.mecklenburgcountync.gov/?pid=18510337
14505107,MECKLENBURG COUNTY,County government,3016 BANK ST CHARLOTTE NC,CHARLOTTE,SCHOOL - PUBLIC,Institutional,0.395,333500,3,0,https://polaris3g.mecklenburgcountync.gov/?pid=14505107
09711C88,MECKLENBURG COUNTY,County government,510 STITT RD CHARLOTTE NC,CHARLOTTE,COMMERCIAL CONDOMINIUM,Condo & townhouse,3.508,3473900,3,1,https://polaris3g.mecklenburgcountync.gov/?pid=09711C88
20714309,MECKLENBURG COUNTY,County government,2709 LYTHAM DR CHARLOTTE NC,CHARLOTTE,SINGLE FAMILY RESIDENTIAL,Single-family homes,0.057,120000,3,2,https://polaris3g.mecklenburgcountync.gov/?pid=20714309
18507107,MECKLENBURG COUNTY,County government,4942 ADDISON DR CHARLOTTE NC,CHARLOTTE,FLUM/SWIM FLOODWAY (NO BUILD ZONE),"Vacant, floodplain & farm",0.402,90000,3,1,https://polaris3g.mecklenburgcountync.gov/?pid=18507107
21906144,MECKLENBURG COUNTY,County government,WALKER BRANCH DR CHARLOTTE NC,CHARLOTTE,MULTI FAMILY,Multi-family,1.674,31500,3,1,https://polaris3g.mecklenburgcountync.gov/?pid=21906144
14501320,MECKLENBURG COUNTY,County government,2614 BALTIMORE AV CHARLOTTE NC,CHARLOTTE,REC AREA,"Public land, ROW & utility",0.136,59200,3,0,https://polaris3g.mecklenburgcountync.gov/?pid=14501320
09908220,MECKLENBURG COUNTY,County government,5112 DOLPHIN LN CHARLOTTE NC,CHARLOTTE,SINGLE FAMILY RESIDENTIAL,Single-family homes,0.243,121600,3,0,https://polaris3g.mecklenburgcountync.gov/?pid=09908220
13110207,MECKLENBURG COUNTY,County government,3821 WINFIELD DR CHARLOTTE NC,CHARLOTTE,FLUM/SWIM FLOODWAY (NO BUILD ZONE),"Vacant, floodplain & farm",0.268,127500,3,0,https://polaris3g.mecklenburgcountync.gov/?pid=13110207
01302409,MECKLENBURG COUNTY,County government,5810 PAMELA ST HUNTERSVILLE NC,HUNTERSVILLE,OTHER COUNTY PROPERTY,"Public land, ROW & utility",0.226,25000,3,1,https://polaris3g.mecklenburgcountync.gov/?pid=01302409
01302422,MECKLENBURG COUNTY,County government,5701 PAMELA ST HUNTERSVILLE NC,HUNTERSVILLE,OTHER COUNTY PROPERTY,"Public land, ROW & utility",0.453,47500,3,0,https://polaris3g.mecklenburgcountync.gov/?pid=01302422
16915522,MECKLENBURG COUNTY,County government,REYNOLDS AV CHARLOTTE NC,CHARLOTTE,OTHER COUNTY PROPERTY,"Public land, ROW & utility",0.412,24100,3,0,https://polaris3g.mecklenburgcountync.gov/?pid=16915522
09312519,MECKLENBURG COUNTY,County government,3717 COUNTRY CLUB DR CHARLOTTE NC,CHARLOTTE,SINGLE FAMILY RESIDENTIAL,Single-family homes,0.570,161500,3,2,https://polaris3g.mecklenburgcountync.gov/?pid=09312519
01909111,MECKLENBURG COUNTY,County government,CAROLYN CT UNINC NC,MECKLENBURG COUNTY-UNINCORPORATED,SINGLE FAMILY RESIDENTIAL,Single-family homes,0.596,45000,3,2,https://polaris3g.mecklenburgcountync.gov/?pid=01909111
07113119,MECKLENBURG COUNTY,County government,812 NORWOOD DR CHARLOTTE NC,CHARLOTTE,SINGLE FAMILY RESIDENTIAL,Single-family homes,0.342,75000,3,2,https://polaris3g.mecklenburgcountync.gov/?pid=07113119
20147102,CHARLOTTE MECKLENBURG BOARD OF EDUCATION,CMS (Board of Education),4000 GALLANT LN CHARLOTTE NC,CHARLOTTE,SCHOOL - PUBLIC,Institutional,31.577,1946800,3,2,https://polaris3g.mecklenburgcountync.gov/?pid=20147102
18509153,MECKLENBURG COUNTY,County government,RANDOLPH RD CHARLOTTE NC,CHARLOTTE,100 YEAR FLOOD PLAIN - AC,"Vacant, floodplain & farm",1.622,105000,3,3,https://polaris3g.mecklenburgcountync.gov/?pid=18509153
02516108,MECKLENBURG COUNTY,County government,8604 BEATTIES FORD RD CHARLOTTE NC,CHARLOTTE,SINGLE FAMILY RESIDENTIAL - ACREAGE,Single-family homes,6.583,227800,3,2,https://polaris3g.mecklenburgcountync.gov/?pid=02516108
06701305,MECKLENBURG COUNTY,County government,1637 W MOREHEAD ST CHARLOTTE NC,CHARLOTTE,REC AREA,"Public land, ROW & utility",2.069,1484700,3,0,https://polaris3g.mecklenburgcountync.gov/?pid=06701305
17508136,MECKLENBURG COUNTY,County government,WINDING WOOD LN CHARLOTTE NC,CHARLOTTE,FLUM/SWIM FLOODWAY (NO BUILD ZONE),"Vacant, floodplain & farm",0.105,131300,3,1,https://polaris3g.mecklenburgcountync.gov/?pid=17508136
06909613,MECKLENBURG COUNTY,County government,2319 ESTELLE ST CHARLOTTE NC,CHARLOTTE,SINGLE FAMILY RESIDENTIAL,Single-family homes,0.347,16500,3,1,https://polaris3g.mecklenburgcountync.gov/?pid=06909613
03321101,MECKLENBURG COUNTY,County government,9530 BELLHAVEN BV CHARLOTTE NC,CHARLOTTE,SINGLE FAMILY RESIDENTIAL - ACREAGE,Single-family homes,6.156,233400,3,1,https://polaris3g.mecklenburgcountync.gov/?pid=03321101
21309130,MECKLENBURG COUNTY,County government,108 OLD BELL RD CHARLOTTE NC,CHARLOTTE,GREENWAY TRAIL,"Public land, ROW & utility",0.729,42600,3,0,https://polaris3g.mecklenburgcountync.gov/?pid=21309130
12910154,MECKLENBURG COUNTY,County government,3302 COMMONWEALTH AV CHARLOTTE NC,CHARLOTTE,COMMERCIAL,Commercial & office,0.433,459200,3,2,https://polaris3g.mecklenburgcountync.gov/?pid=12910154
03115203,MECKLENBURG COUNTY,County government,1112 RIVERSIDE DR CHARLOTTE NC,CHARLOTTE,SINGLE FAMILY RESIDENTIAL,Single-family homes,0.150,62800,3,0,https://polaris3g.mecklenburgcountync.gov/?pid=03115203
03116211,MECKLENBURG COUNTY,County government,1212 RIVERSIDE DR CHARLOTTE NC,CHARLOTTE,SINGLE FAMILY RESIDENTIAL,Single-family homes,0.354,171500,3,0,https://polaris3g.mecklenburgcountync.gov/?pid=03116211
06917103,CHARLOTTE-MECKLENBURG HISTORIC LANDMARKS COMMISSION,Library / ABC / Landmarks,2128 SENIOR DR CHARLOTTE NC,CHARLOTTE,SINGLE FAMILY RESIDENTIAL,Single-family homes,0.498,293800,3,3,https://polaris3g.mecklenburgcountync.gov/?pid=06917103
06909403,MECKLENBURG COUNTY,County government,CELIA AV CHARLOTTE NC,CHARLOTTE,SINGLE FAMILY RESIDENTIAL,Single-family homes,0.148,10500,3,2,https://polaris3g.mecklenburgcountync.gov/?pid=06909403
01905247,MECKLENBURG COUNTY,County government,WINMAU LN HUNTERSVILLE NC,HUNTERSVILLE,OTHER COUNTY PROPERTY,"Public land, ROW & utility",1.581,468600,3,3,https://polaris3g.mecklenburgcountync.gov/?pid=01905247
07321106,MECKLENBURG COUNTY,County government,122 S SYCAMORE ST CHARLOTTE NC,CHARLOTTE,FLUM/SWIM FLOODWAY (NO BUILD ZONE),"Vacant, floodplain & farm",0.089,60800,3,0,https://polaris3g.mecklenburgcountync.gov/?pid=07321106
03321103,MECKLENBURG COUNTY,County government,BELLHAVEN BV CHARLOTTE NC,CHARLOTTE,SINGLE FAMILY RESIDENTIAL - ACREAGE,Single-family homes,16.173,709300,3,0,https://polaris3g.mecklenburgcountync.gov/?pid=03321103
00518302,MECKLENBURG COUNTY ABC BOARD,Library / ABC / Landmarks,19701 STATESVILLE RD CORNELIUS NC,CORNELIUS,OTHER COUNTY PROPERTY,"Public land, ROW & utility",0.777,1850500,3,3,https://polaris3g.mecklenburgcountync.gov/?pid=00518302
14517207,MECKLENBURG COUNTY,County government,AMAY JAMES AV CHARLOTTE NC,CHARLOTTE,SINGLE FAMILY RESIDENTIAL,Single-family homes,0.162,100000,3,0,https://polaris3g.mecklenburgcountync.gov/?pid=14517207
09510214,MECKLENBURG COUNTY,County government,1738 MASONIC DR CHARLOTTE NC,CHARLOTTE,GREENWAY TRAIL,"Public land, ROW & utility",0.570,191300,3,0,https://polaris3g.mecklenburgcountync.gov/?pid=09510214
15302423,CHARLOTTE MECKLENBURG HOSPITAL AUTHORITY,Hospital Authority (Atrium),1716 GARDEN TR CHARLOTTE NC,CHARLOTTE,MULTI FAMILY,Multi-family,0.194,682600,3,3,https://polaris3g.mecklenburgcountync.gov/?pid=15302423
04510206,MECKLENBURG COUNTY,County government,5127 PRINCESS ST CHARLOTTE NC,CHARLOTTE,COMMERCIAL,Commercial & office,0.765,340500,3,1,https://polaris3g.mecklenburgcountync.gov/?pid=04510206
06902712,MECKLENBURG COUNTY,County government,2529 ROSLYN AV CHARLOTTE NC,CHARLOTTE,SINGLE FAMILY RESIDENTIAL,Single-family homes,0.226,121900,3,0,https://polaris3g.mecklenburgcountync.gov/?pid=06902712
01302429,MECKLENBURG COUNTY,County government,5801 PAMELA ST HUNTERSVILLE NC,HUNTERSVILLE,OTHER COUNTY PROPERTY,"Public land, ROW & utility",0.325,47500,3,0,https://polaris3g.mecklenburgcountync.gov/?pid=01302429
06909404,MECKLENBURG COUNTY,County government,CELIA AV CHARLOTTE NC,CHARLOTTE,SINGLE FAMILY RESIDENTIAL,Single-family homes,0.149,10500,3,1,https://polaris3g.mecklenburgcountync.gov/?pid=06909404
21510202,CHARLOTTE MECKLENBURG BOARD OF EDUCATION,CMS (Board of Education),MATTHEWS-MINT HILL RD MATTHEWS NC,MATTHEWS,SCHOOL - PUBLIC,Institutional,9.969,2972800,3,1,https://polaris3g.mecklenburgcountync.gov/?pid=21510202
01302433,MECKLENBURG COUNTY,County government,5817 PAMELA ST HUNTERSVILLE NC,HUNTERSVILLE,OTHER COUNTY PROPERTY,"Public land, ROW & utility",0.232,25000,3,1,https://polaris3g.mecklenburgcountync.gov/?pid=01302433
12312212,CHARLOTTE MECKLENBURG HOSPITAL AUTHORITY,Hospital Authority (Atrium),1604 SCOTT AV CHARLOTTE NC,CHARLOTTE,OFFICE,Commercial & office,0.160,606500,3,2,https://polaris3g.mecklenburgcountync.gov/?pid=12312212
05707238,MECKLENBURG COUNTY,County government,BROOKTREE DR CHARLOTTE NC,CHARLOTTE,OTHER COUNTY PROPERTY,"Public land, ROW & utility",1.266,52200,3,1,https://polaris3g.mecklenburgcountync.gov/?pid=05707238
12520148,MECKLENBURG COUNTY,County government,1100 PEARL PARK WY CHARLOTTE NC,CHARLOTTE,OTHER COUNTY PROPERTY,"Public land, ROW & utility",7.086,16050100,3,2,https://polaris3g.mecklenburgcountync.gov/?pid=12520148
15303401,CHARLOTTE MECKLENBURG HOSPITAL AUTHORITY,Hospital Authority (Atrium),1012 S KINGS DR CHARLOTTE NC,CHARLOTTE,OFFICE,Commercial & office,2.623,25155300,3,0,https://polaris3g.mecklenburgcountync.gov/?pid=15303401
11904313,MECKLENBURG COUNTY,County government,1030 REMOUNT RD CHARLOTTE NC,CHARLOTTE,OTHER COUNTY PROPERTY,"Public land, ROW & utility",7.022,2075800,3,1,https://polaris3g.mecklenburgcountync.gov/?pid=11904313
05306111,MECKLENBURG COUNTY,County government,11600 WHITE RAPIDS RD UNINC NC,MECKLENBURG COUNTY-UNINCORPORATED,OTHER MUNICIPAL,"Public land, ROW & utility",50.094,28456400,3,3,https://polaris3g.mecklenburgcountync.gov/?pid=05306111
21906198,MECKLENBURG COUNTY,County government,RIVERGATE PY CHARLOTTE NC,CHARLOTTE,GREENWAY TRAIL,"Public land, ROW & utility",0.176,29200,3,1,https://polaris3g.mecklenburgcountync.gov/?pid=21906198
15704127,MECKLENBURG COUNTY,County government,3506 ELLINGTON ST CHARLOTTE NC,CHARLOTTE,OTHER COUNTY PROPERTY,"Public land, ROW & utility",0.304,294000,3,0,https://polaris3g.mecklenburgcountync.gov/?pid=15704127
08111455,CHARLOTTE MECKLENBURG BOARD OF EDUCATION,CMS (Board of Education),E 10TH ST CHARLOTTE NC,CHARLOTTE,COMMERCIAL,Commercial & office,0.208,595500,3,1,https://polaris3g.mecklenburgcountync.gov/?pid=08111455
06711339,MECKLENBURG COUNTY,County government,1203 ALLEGHANY ST CHARLOTTE NC,CHARLOTTE,INDUSTRIAL,Industrial & warehouse,1.028,911400,3,2,https://polaris3g.mecklenburgcountync.gov/?pid=06711339
06909633,MECKLENBURG COUNTY,County government,2224 CELIA AV CHARLOTTE NC,CHARLOTTE,SINGLE FAMILY RESIDENTIAL,Single-family homes,0.060,42300,3,0,https://polaris3g.mecklenburgcountync.gov/?pid=06909633
07302301,MECKLENBURG COUNTY,County government,301 S MINT ST CHARLOTTE NC,CHARLOTTE,REC AREA,"Public land, ROW & utility",1.053,12561700,3,0,https://polaris3g.mecklenburgcountync.gov/?pid=07302301
02306231,MECKLENBURG COUNTY,County government,6960 HEDRICK CR UNINC NC,MECKLENBURG COUNTY-UNINCORPORATED,SINGLE FAMILY RESIDENTIAL - ACREAGE,Single-family homes,1.400,128500,3,2,https://polaris3g.mecklenburgcountync.gov/?pid=02306231
13512181,MECKLENBURG COUNTY,County government,3842 ASHLEY HALL DR CHARLOTTE NC,CHARLOTTE,OTHER COUNTY PROPERTY,"Public land, ROW & utility",0.524,61200,3,2,https://polaris3g.mecklenburgcountync.gov/?pid=13512181
13110205,MECKLENBURG COUNTY,County government,3803 WINFIELD DR CHARLOTTE NC,CHARLOTTE,SINGLE FAMILY RESIDENTIAL,Single-family homes,0.497,142500,3,0,https://polaris3g.mecklenburgcountync.gov/?pid=13110205
01302419,MECKLENBURG COUNTY,County government,5706 PAMELA ST HUNTERSVILLE NC,HUNTERSVILLE,OTHER COUNTY PROPERTY,"Public land, ROW & utility",0.165,25000,3,0,https://polaris3g.mecklenburgcountync.gov/?pid=01302419
16722312,MECKLENBURG COUNTY,County government,6728 MOUNTING ROCK RD CHARLOTTE NC,CHARLOTTE,SINGLE FAMILY RESIDENTIAL,Single-family homes,0.267,65000,3,2,https://polaris3g.mecklenburgcountync.gov/?pid=16722312
16915132,MECKLENBURG COUNTY,County government,NATIONS FORD RD CHARLOTTE NC,CHARLOTTE,OTHER COUNTY PROPERTY,"Public land, ROW & utility",0.235,13800,3,0,https://polaris3g.mecklenburgcountync.gov/?pid=16915132
19104101,MECKLENBURG COUNTY,County government,MONROE RD CHARLOTTE NC,CHARLOTTE,SINGLE FAMILY RESIDENTIAL,Single-family homes,0.573,90300,3,2,https://polaris3g.mecklenburgcountync.gov/?pid=19104101
06902714,MECKLENBURG COUNTY,County government,2537 ROSLYN AV CHARLOTTE NC,CHARLOTTE,SINGLE FAMILY RESIDENTIAL,Single-family homes,0.234,121900,3,0,https://polaris3g.mecklenburgcountync.gov/?pid=06902714
08002313,MECKLENBURG COUNTY,County government,112 E 7TH ST CHARLOTTE NC,CHARLOTTE,OTHER COUNTY PROPERTY,"Public land, ROW & utility",0.128,1618700,3,0,https://polaris3g.mecklenburgcountync.gov/?pid=08002313
00911131,MECKLENBURG COUNTY,County government,OLD STATESVILLE RD HUNTERSVILLE NC,HUNTERSVILLE,OTHER COUNTY PROPERTY,"Public land, ROW & utility",0.396,113900,3,2,https://polaris3g.mecklenburgcountync.gov/?pid=00911131
15111201,MECKLENBURG COUNTY,County government,3038 WESTFIELD RD CHARLOTTE NC,CHARLOTTE,"WASTELAND, SLIVERS, GULLIES, ROCK OUTCROP","Vacant, floodplain & farm",0.806,8400,3,1,https://polaris3g.mecklenburgcountync.gov/?pid=15111201
03325115,MECKLENBURG COUNTY,County government,OAKDALE RD UNINC NC,MECKLENBURG COUNTY-UNINCORPORATED,SINGLE FAMILY RESIDENTIAL - ACREAGE,Single-family homes,3.510,136000,3,0,https://polaris3g.mecklenburgcountync.gov/?pid=03325115
16915109,MECKLENBURG COUNTY,County government,REYNOLDS AV CHARLOTTE NC,CHARLOTTE,OTHER COUNTY PROPERTY,"Public land, ROW & utility",0.318,18600,3,0,https://polaris3g.mecklenburgcountync.gov/?pid=16915109
05913104,MECKLENBURG COUNTY,County government,3601 URBANA DR CHARLOTTE NC,CHARLOTTE,SINGLE FAMILY RESIDENTIAL - ACREAGE,Single-family homes,0.497,37800,3,2,https://polaris3g.mecklenburgcountync.gov/?pid=05913104
21309129,MECKLENBURG COUNTY,County government,OLD BELL RD CHARLOTTE NC,CHARLOTTE,GREENWAY TRAIL,"Public land, ROW & utility",0.803,46900,3,0,https://polaris3g.mecklenburgcountync.gov/?pid=21309129
03115204,MECKLENBURG COUNTY,County government,1108 RIVERSIDE DR CHARLOTTE NC,CHARLOTTE,SINGLE FAMILY RESIDENTIAL,Single-family homes,0.365,121900,3,0,https://polaris3g.mecklenburgcountync.gov/?pid=03115204
16717529,MECKLENBURG COUNTY,County government,660 SHERYL CR CHARLOTTE NC,CHARLOTTE,SINGLE FAMILY RESIDENTIAL,Single-family homes,0.490,48000,3,2,https://polaris3g.mecklenburgcountync.gov/?pid=16717529
15111214,MECKLENBURG COUNTY,County government,2906 WESTFIELD RD CHARLOTTE NC,CHARLOTTE,FLUM/SWIM FLOODWAY (NO BUILD ZONE),"Vacant, floodplain & farm",0.332,490000,3,1,https://polaris3g.mecklenburgcountync.gov/?pid=15111214
06902718,MECKLENBURG COUNTY,County government,2613 ROSLYN AV CHARLOTTE NC,CHARLOTTE,SINGLE FAMILY RESIDENTIAL,Single-family homes,0.246,121900,3,0,https://polaris3g.mecklenburgcountync.gov/?pid=06902718
06907623,MECKLENBURG COUNTY,County government,LAKEWOOD AV CHARLOTTE NC,CHARLOTTE,OTHER COUNTY PROPERTY,"Public land, ROW & utility",0.050,0,3,1,https://polaris3g.mecklenburgcountync.gov/?pid=06907623
06911407,MECKLENBURG COUNTY,County government,CELIA AV CHARLOTTE NC,CHARLOTTE,SINGLE FAMILY RESIDENTIAL,Single-family homes,0.285,9500,3,3,https://polaris3g.mecklenburgcountync.gov/?pid=06911407
07321104,MECKLENBURG COUNTY,County government,208 S SYCAMORE ST CHARLOTTE NC,CHARLOTTE,FLUM/SWIM FLOODWAY (NO BUILD ZONE),"Vacant, floodplain & farm",0.491,384800,3,0,https://polaris3g.mecklenburgcountync.gov/?pid=07321104
06911303,MECKLENBURG COUNTY,County government,3107 CELIA AV CHARLOTTE NC,CHARLOTTE,OTHER COUNTY PROPERTY,"Public land, ROW & utility",0.153,17100,3,0,https://polaris3g.mecklenburgcountync.gov/?pid=06911303
07707609,MECKLENBURG COUNTY,County government,937 RODEY AV CHARLOTTE NC,CHARLOTTE,REC AREA,"Public land, ROW & utility",0.182,85000,3,0,https://polaris3g.mecklenburgcountync.gov/?pid=07707609
07508330,CHARLOTTE MECKLENBURG BOARD OF EDUCATION,CMS (Board of Education),1118 MULBERRY AV CHARLOTTE NC,CHARLOTTE,SINGLE FAMILY RESIDENTIAL,Single-family homes,0.226,82500,3,0,https://polaris3g.mecklenburgcountync.gov/?pid=07508330
03728303,MECKLENBURG COUNTY,County government,2734 CLARENCEFIELD DR CHARLOTTE NC,CHARLOTTE,SINGLE FAMILY RESIDENTIAL,Single-family homes,0.207,35000,3,0,https://polaris3g.mecklenburgcountync.gov/?pid=03728303
03728308,MECKLENBURG COUNTY,County government,2714 CLARENCEFIELD DR CHARLOTTE NC,CHARLOTTE,SINGLE FAMILY RESIDENTIAL,Single-family homes,0.239,35000,3,0,https://polaris3g.mecklenburgcountync.gov/?pid=03728308
15302419,CHARLOTTE MECKLENBURG HOSPITAL AUTHORITY,Hospital Authority (Atrium),1525 EAST BV CHARLOTTE NC,CHARLOTTE,COMMERCIAL,Commercial & office,0.418,2284700,3,2,https://polaris3g.mecklenburgcountync.gov/?pid=15302419
20716217,MECKLENBURG COUNTY,County government,EMSTEAD CT CHARLOTTE NC,CHARLOTTE,SINGLE FAMILY RESIDENTIAL,Single-family homes,0.049,120000,3,2,https://polaris3g.mecklenburgcountync.gov/?pid=20716217
18322520,CHARLOTTE MECKLENBURG BOARD OF EDUCATION,CMS (Board of Education),FOXCROFT RD CHARLOTTE NC,CHARLOTTE,"WASTELAND, SLIVERS, GULLIES, ROCK OUTCROP","Vacant, floodplain & farm",0.058,17000,3,2,https://polaris3g.mecklenburgcountync.gov/?pid=18322520
17502102,MECKLENBURG COUNTY,County government,2718 CHILTON PL CHARLOTTE NC,CHARLOTTE,SINGLE FAMILY RESIDENTIAL - GOLF,Single-family homes,0.436,425000,3,2,https://polaris3g.mecklenburgcountync.gov/?pid=17502102
01302415,MECKLENBURG COUNTY,County government,5720 PAMELA ST HUNTERSVILLE NC,HUNTERSVILLE,OTHER COUNTY PROPERTY,"Public land, ROW & utility",0.223,25000,3,0,https://polaris3g.mecklenburgcountync.gov/?pid=01302415
01521404,MECKLENBURG COUNTY,County government,10032 JANEIRO DR HUNTERSVILLE NC,HUNTERSVILLE,SINGLE FAMILY RESIDENTIAL,Single-family homes,0.795,120800,3,2,https://polaris3g.mecklenburgcountync.gov/?pid=01521404
11136101,MECKLENBURG COUNTY,County government,HOOD RD CHARLOTTE NC,CHARLOTTE,100 YEAR FLOOD PLAIN - AC,"Vacant, floodplain & farm",0.660,9900,3,2,https://polaris3g.mecklenburgcountync.gov/?pid=11136101
15704128,MECKLENBURG COUNTY,County government,3514 ELLINGTON ST CHARLOTTE NC,CHARLOTTE,OTHER COUNTY PROPERTY,"Public land, ROW & utility",0.141,138200,3,0,https://polaris3g.mecklenburgcountync.gov/?pid=15704128
17108220,MECKLENBURG COUNTY,County government,1115 MOCKINGBIRD LN CHARLOTTE NC,CHARLOTTE,SINGLE FAMILY RESIDENTIAL,Single-family homes,0.261,261300,3,1,https://polaris3g.mecklenburgcountync.gov/?pid=17108220
12904138,MECKLENBURG COUNTY,County government,2826 CENTRAL AV CHARLOTTE NC,CHARLOTTE,COMMERCIAL,Commercial & office,0.534,731000,3,1,https://polaris3g.mecklenburgcountync.gov/?pid=12904138
20319502,MECKLENBURG COUNTY,County government,801 ECHO COVE LN CHARLOTTE NC,CHARLOTTE,SINGLE FAMILY RESIDENTIAL,Single-family homes,0.479,50000,3,2,https://polaris3g.mecklenburgcountync.gov/?pid=20319502
08109803,MECKLENBURG COUNTY,County government,807 E 15TH ST CHARLOTTE NC,CHARLOTTE,REC AREA,"Public land, ROW & utility",0.172,315000,3,1,https://polaris3g.mecklenburgcountync.gov/?pid=08109803
10502158,MECKLENBURG COUNTY,County government,UNIVERSITY EAST DR CHARLOTTE NC,CHARLOTTE,100 YEAR FLOOD PLAIN - AC,"Vacant, floodplain & farm",1.441,121800,3,2,https://polaris3g.mecklenburgcountync.gov/?pid=10502158
15704102,MECKLENBURG COUNTY,County government,3115 RANDOLPH RD CHARLOTTE NC,CHARLOTTE,OTHER COUNTY PROPERTY,"Public land, ROW & utility",3.885,2140300,3,0,https://polaris3g.mecklenburgcountync.gov/?pid=15704102
16915519,MECKLENBURG COUNTY,County government,REYNOLDS AV CHARLOTTE NC,CHARLOTTE,OTHER COUNTY PROPERTY,"Public land, ROW & utility",0.516,30100,3,0,https://polaris3g.mecklenburgcountync.gov/?pid=16915519
16915521,MECKLENBURG COUNTY,County government,REYNOLDS AV CHARLOTTE NC,CHARLOTTE,OTHER COUNTY PROPERTY,"Public land, ROW & utility",0.468,27300,3,0,https://polaris3g.mecklenburgcountync.gov/?pid=16915521
07504325,MECKLENBURG COUNTY,County government,1619 CATHERINE SIMMONS AV CHARLOTTE NC,CHARLOTTE,REC AREA,"Public land, ROW & utility",0.178,22200,3,0,https://polaris3g.mecklenburgcountync.gov/?pid=07504325
07802102,MECKLENBURG COUNTY,County government,400 N PINE ST CHARLOTTE NC,CHARLOTTE,OTHER COUNTY PROPERTY,"Public land, ROW & utility",0.953,7160200,3,3,https://polaris3g.mecklenburgcountync.gov/?pid=07802102
18101104,MECKLENBURG COUNTY,County government,122 PLACID PL CHARLOTTE NC,CHARLOTTE,SINGLE FAMILY RESIDENTIAL,Single-family homes,0.312,460000,3,1,https://polaris3g.mecklenburgcountync.gov/?pid=18101104
09312525,MECKLENBURG COUNTY,County government,2913 DUNLAVIN WY CHARLOTTE NC,CHARLOTTE,OTHER COUNTY PROPERTY,"Public land, ROW & utility",0.462,99000,3,1,https://polaris3g.mecklenburgcountync.gov/?pid=09312525
21309121,MECKLENBURG COUNTY,County government,OLD BELL RD CHARLOTTE NC,CHARLOTTE,GREENWAY TRAIL,"Public land, ROW & utility",0.806,47100,3,0,https://polaris3g.mecklenburgcountync.gov/?pid=21309121
02511301,MECKLENBURG COUNTY,County government,REAMES RD CHARLOTTE NC,CHARLOTTE,100 YEAR FLOOD PLAIN - AC,"Vacant, floodplain & farm",4.644,43500,3,1,https://polaris3g.mecklenburgcountync.gov/?pid=02511301
07323113,MECKLENBURG COUNTY,County government,1201 W 4TH ST CHARLOTTE NC,CHARLOTTE,OTHER COUNTY PROPERTY,"Public land, ROW & utility",5.065,8068400,3,0,https://polaris3g.mecklenburgcountync.gov/?pid=07323113
12510513,MECKLENBURG COUNTY ABC BOARD,Library / ABC / Landmarks,125 CHERRY ST CHARLOTTE NC,CHARLOTTE,NO LAND INTEREST,"Vacant, floodplain & farm",0.675,733600,3,2,https://polaris3g.mecklenburgcountync.gov/?pid=12510513
09908103,MECKLENBURG COUNTY,County government,5129 KILDARE DR CHARLOTTE NC,CHARLOTTE,SINGLE FAMILY RESIDENTIAL,Single-family homes,0.273,121600,3,1,https://polaris3g.mecklenburgcountync.gov/?pid=09908103
16722159,MECKLENBURG COUNTY,County government,6439 MOUNTING ROCK RD CHARLOTTE NC,CHARLOTTE,SINGLE FAMILY RESIDENTIAL,Single-family homes,0.234,65000,3,1,https://polaris3g.mecklenburgcountync.gov/?pid=16722159
21909104,CHARLOTTE MECKLENBURG BOARD OF EDUCATION,CMS (Board of Education),16100 STEELE CREEK RD CHARLOTTE NC,CHARLOTTE,SCHOOL - PUBLIC,Institutional,9.993,661100,3,2,https://polaris3g.mecklenburgcountync.gov/?pid=21909104
20302115,MECKLENBURG COUNTY,County government,ARROWPOINT BV CHARLOTTE NC,CHARLOTTE,OTHER COUNTY PROPERTY,"Public land, ROW & utility",5.146,1117200,3,3,https://polaris3g.mecklenburgcountync.gov/?pid=20302115
16915528,MECKLENBURG COUNTY,County government,REYNOLDS AV CHARLOTTE NC,CHARLOTTE,OTHER COUNTY PROPERTY,"Public land, ROW & utility",0.289,16900,3,0,https://polaris3g.mecklenburgcountync.gov/?pid=16915528
18921110,MECKLENBURG COUNTY,County government,MONROE RD CHARLOTTE NC,CHARLOTTE,PVT Owned RR with Rail ROW,"Public land, ROW & utility",0.053,3700,3,3,https://polaris3g.mecklenburgcountync.gov/?pid=18921110
21309115,MECKLENBURG COUNTY,County government,416 OLD BELL RD CHARLOTTE NC,CHARLOTTE,GREENWAY TRAIL,"Public land, ROW & utility",1.556,62600,3,1,https://polaris3g.mecklenburgcountync.gov/?pid=21309115
06711342,CHARLOTTE MECKLENBURG BOARD OF EDUCATION,CMS (Board of Education),ALLEGHANY ST CHARLOTTE NC,CHARLOTTE,SCHOOL - PUBLIC,Institutional,2.731,830700,3,2,https://polaris3g.mecklenburgcountync.gov/?pid=06711342
00182123,MECKLENBURG COUNTY,County government,15901 N C 73 HY CORNELIUS NC,CORNELIUS,OTHER COUNTY PROPERTY,"Public land, ROW & utility",8.389,3820500,3,3,https://polaris3g.mecklenburgcountync.gov/?pid=00182123
06908211,MECKLENBURG COUNTY,County government,CELIA AV CHARLOTTE NC,CHARLOTTE,SINGLE FAMILY RESIDENTIAL,Single-family homes,0.135,7900,3,1,https://polaris3g.mecklenburgcountync.gov/?pid=06908211
06907701,MECKLENBURG COUNTY,County government,LAKEWOOD AV CHARLOTTE NC,CHARLOTTE,OTHER COUNTY PROPERTY,"Public land, ROW & utility",0.245,14200,3,2,https://polaris3g.mecklenburgcountync.gov/?pid=06907701
07504338,MECKLENBURG COUNTY,County government,1719 CATHERINE SIMMONS AV CHARLOTTE NC,CHARLOTTE,REC AREA,"Public land, ROW & utility",0.178,22200,3,0,https://polaris3g.mecklenburgcountync.gov/?pid=07504338
15111215,MECKLENBURG COUNTY,County government,2900 WESTFIELD RD CHARLOTTE NC,CHARLOTTE,FLUM/SWIM FLOODWAY (NO BUILD ZONE),"Vacant, floodplain & farm",0.309,490000,3,1,https://polaris3g.mecklenburgcountync.gov/?pid=15111215
22323106,MECKLENBURG COUNTY,County government,N I-485 OUTER HY CHARLOTTE NC,CHARLOTTE,OTHER COUNTY PROPERTY,"Public land, ROW & utility",3.721,188300,3,2,https://polaris3g.mecklenburgcountync.gov/?pid=22323106
09313411,MECKLENBURG COUNTY,County government,3109 DUNLAVIN WY CHARLOTTE NC,CHARLOTTE,OTHER COUNTY PROPERTY,"Public land, ROW & utility",0.230,93500,3,1,https://polaris3g.mecklenburgcountync.gov/?pid=09313411
03142199,MECKLENBURG COUNTY,County government,LAWING SCHOOL RD CHARLOTTE NC,CHARLOTTE,"WASTELAND, SLIVERS, GULLIES, ROCK OUTCROP","Vacant, floodplain & farm",0.019,100,3,1,https://polaris3g.mecklenburgcountync.gov/?pid=03142199
09312533,MECKLENBURG COUNTY,County government,2959 DUNLAVIN WY CHARLOTTE NC,CHARLOTTE,OTHER COUNTY PROPERTY,"Public land, ROW & utility",0.310,93500,3,0,https://polaris3g.mecklenburgcountync.gov/?pid=09312533
00923298,MECKLENBURG COUNTY,County government,BRETON BROOK ST HUNTERSVILLE NC,HUNTERSVILLE,OTHER COUNTY PROPERTY,"Public land, ROW & utility",0.065,2700,3,2,https://polaris3g.mecklenburgcountync.gov/?pid=00923298
01302430,MECKLENBURG COUNTY,County government,5805 PAMELA ST HUNTERSVILLE NC,HUNTERSVILLE,OTHER COUNTY PROPERTY,"Public land, ROW & utility",0.308,50000,3,0,https://polaris3g.mecklenburgcountync.gov/?pid=01302430
01302442,MECKLENBURG COUNTY,County government,5928 PAMELA ST HUNTERSVILLE NC,HUNTERSVILLE,SINGLE FAMILY RESIDENTIAL,Single-family homes,0.179,22500,3,0,https://polaris3g.mecklenburgcountync.gov/?pid=01302442
10506497,MECKLENBURG COUNTY,County government,BUCKLEIGH DR UNINC NC,MECKLENBURG COUNTY-UNINCORPORATED,REC AREA,"Public land, ROW & utility",1.718,35800,3,1,https://polaris3g.mecklenburgcountync.gov/?pid=10506497
16915520,MECKLENBURG COUNTY,County government,REYNOLDS AV CHARLOTTE NC,CHARLOTTE,OTHER COUNTY PROPERTY,"Public land, ROW & utility",0.446,26000,3,0,https://polaris3g.mecklenburgcountync.gov/?pid=16915520
12521329,MECKLENBURG COUNTY,County government,812 S KINGS DR CHARLOTTE NC,CHARLOTTE,OTHER COUNTY PROPERTY,"Public land, ROW & utility",0.631,736500,3,0,https://polaris3g.mecklenburgcountync.gov/?pid=12521329
07113118,MECKLENBURG COUNTY,County government,816 NORWOOD DR CHARLOTTE NC,CHARLOTTE,FLUM/SWIM FLOODWAY (NO BUILD ZONE),"Vacant, floodplain & farm",0.603,37500,3,1,https://polaris3g.mecklenburgcountync.gov/?pid=07113118
02303105,MECKLENBURG COUNTY,County government,11531 BEATTIES FORD RD UNINC NC,MECKLENBURG COUNTY-UNINCORPORATED,SINGLE FAMILY RESIDENTIAL - ACREAGE,Single-family homes,21.311,1311400,3,2,https://polaris3g.mecklenburgcountync.gov/?pid=02303105
09313421,MECKLENBURG COUNTY,County government,3038 HILLIARD DR CHARLOTTE NC,CHARLOTTE,SINGLE FAMILY RESIDENTIAL,Single-family homes,0.983,144500,3,2,https://polaris3g.mecklenburgcountync.gov/?pid=09313421
17517315,MECKLENBURG COUNTY,County government,3300 WESTFIELD RD CHARLOTTE NC,CHARLOTTE,GREENWAY TRAIL,"Public land, ROW & utility",0.225,630000,3,1,https://polaris3g.mecklenburgcountync.gov/?pid=17517315
13715129,CHARLOTTE MECKLENBURG HOSPITAL AUTHORITY,Hospital Authority (Atrium),BLAIR RD MINT HILL NC,MINT HILL,HOSPITALS - PUBLIC,Institutional,0.205,2300,3,0,https://polaris3g.mecklenburgcountync.gov/?pid=13715129
08902222,MECKLENBURG COUNTY,County government,BURROUGHS ST CHARLOTTE NC,CHARLOTTE,OTHER COUNTY PROPERTY,"Public land, ROW & utility",0.276,47500,3,3,https://polaris3g.mecklenburgcountync.gov/?pid=08902222
12504304,MECKLENBURG COUNTY,County government,901 E 4TH ST CHARLOTTE NC,CHARLOTTE,COMMERCIAL,Commercial & office,0.524,6514800,3,0,https://polaris3g.mecklenburgcountync.gov/?pid=12504304
16915516,MECKLENBURG COUNTY,County government,REYNOLDS AV CHARLOTTE NC,CHARLOTTE,OTHER COUNTY PROPERTY,"Public land, ROW & utility",0.589,34400,3,0,https://polaris3g.mecklenburgcountync.gov/?pid=16915516
07114325,MECKLENBURG COUNTY,County government,2766 CORONET WY CHARLOTTE NC,CHARLOTTE,SINGLE FAMILY RESIDENTIAL,Single-family homes,0.666,18800,3,3,https://polaris3g.mecklenburgcountync.gov/?pid=07114325
08901406,MECKLENBURG COUNTY,County government,209 WELLINGFORD ST CHARLOTTE NC,CHARLOTTE,SINGLE FAMILY RESIDENTIAL,Single-family homes,0.172,47500,3,0,https://polaris3g.mecklenburgcountync.gov/?pid=08901406
14505108,MECKLENBURG COUNTY,County government,3008 BANK ST CHARLOTTE NC,CHARLOTTE,SCHOOL - PUBLIC,Institutional,0.376,315900,3,0,https://polaris3g.mecklenburgcountync.gov/?pid=14505108
14517203,MECKLENBURG COUNTY,County government,3207 AMAY JAMES AV CHARLOTTE NC,CHARLOTTE,SINGLE FAMILY RESIDENTIAL,Single-family homes,0.197,100000,3,0,https://polaris3g.mecklenburgcountync.gov/?pid=14517203
14517204,MECKLENBURG COUNTY,County government,3213 AMAY JAMES AV CHARLOTTE NC,CHARLOTTE,SINGLE FAMILY RESIDENTIAL,Single-family homes,0.303,115000,3,0,https://polaris3g.mecklenburgcountync.gov/?pid=14517204
16508124,MECKLENBURG COUNTY,County government,CITY VIEW DR CHARLOTTE NC,CHARLOTTE,GREENWAY TRAIL,"Public land, ROW & utility",0.556,33400,3,2,https://polaris3g.mecklenburgcountync.gov/?pid=16508124
21309122,MECKLENBURG COUNTY,County government,OLD BELL RD CHARLOTTE NC,CHARLOTTE,GREENWAY TRAIL,"Public land, ROW & utility",0.790,46200,3,0,https://polaris3g.mecklenburgcountync.gov/?pid=21309122
15111202,MECKLENBURG COUNTY,County government,3032 WESTFIELD RD CHARLOTTE NC,CHARLOTTE,FLUM/SWIM FLOODWAY (NO BUILD ZONE),"Vacant, floodplain & farm",0.385,525000,3,0,https://polaris3g.mecklenburgcountync.gov/?pid=15111202
11701122,MECKLENBURG COUNTY ALCOHOLIC BEVERAGE CONTROL BOARD,Library / ABC / Landmarks,2915 WILKINSON BV CHARLOTTE NC,CHARLOTTE,COMMERCIAL,Commercial & office,1.266,2077600,3,3,https://polaris3g.mecklenburgcountync.gov/?pid=11701122
16717527,MECKLENBURG COUNTY,County government,700 SHERYL CR CHARLOTTE NC,CHARLOTTE,SINGLE FAMILY RESIDENTIAL,Single-family homes,0.723,42000,3,0,https://polaris3g.mecklenburgcountync.gov/?pid=16717527
02760326,MECKLENBURG COUNTY,County government,CLARKE RIDGE CT CHARLOTTE NC,CHARLOTTE,OTHER COUNTY PROPERTY,"Public land, ROW & utility",0.101,7300,3,2,https://polaris3g.mecklenburgcountync.gov/?pid=02760326
11509101,MECKLENBURG COUNTY,County government,4425 WILKINSON BV CHARLOTTE NC,CHARLOTTE,OTHER COUNTY PROPERTY,"Public land, ROW & utility",9.471,20078400,3,1,https://polaris3g.mecklenburgcountync.gov/?pid=11509101
12902106,MECKLENBURG COUNTY,County government,IRIS DR CHARLOTTE NC,CHARLOTTE,MULTI FAMILY,Multi-family,0.951,379200,3,2,https://polaris3g.mecklenburgcountync.gov/?pid=12902106
05543107,MECKLENBURG COUNTY,County government,7215 PATHFINDER CT CHARLOTTE NC,CHARLOTTE,ROADWAY CORRIDOR,"Public land, ROW & utility",0.205,14000,3,2,https://polaris3g.mecklenburgcountync.gov/?pid=05543107
14505111,MECKLENBURG COUNTY,County government,3331 GRIFFITH ST CHARLOTTE NC,CHARLOTTE,SCHOOL - PUBLIC,Institutional,0.239,203900,3,0,https://polaris3g.mecklenburgcountync.gov/?pid=14505111
15302341,CHARLOTTE MECKLENBURG HOSPITAL AUTHORITY,Hospital Authority (Atrium),LOMBARDY CR CHARLOTTE NC,CHARLOTTE,MULTI FAMILY,Multi-family,0.555,1500500,3,2,https://polaris3g.mecklenburgcountync.gov/?pid=15302341
21309128,MECKLENBURG COUNTY,County government,OLD BELL RD CHARLOTTE NC,CHARLOTTE,GREENWAY TRAIL,"Public land, ROW & utility",0.815,52300,3,0,https://polaris3g.mecklenburgcountync.gov/?pid=21309128
06504820,MECKLENBURG COUNTY,County government,2921 TUCKASEEGEE RD CHARLOTTE NC,CHARLOTTE,SCHOOL - PUBLIC,Institutional,6.088,5251300,3,3,https://polaris3g.mecklenburgcountync.gov/?pid=06504820
06301302,CHARLOTTE MECKLENBURG HISTORICAL LANDMARKS COMMISION,Library / ABC / Landmarks,203 S LINWOOD AV CHARLOTTE NC,CHARLOTTE,SINGLE FAMILY RESIDENTIAL,Single-family homes,0.271,72000,3,0,https://polaris3g.mecklenburgcountync.gov/?pid=06301302
06908407,MECKLENBURG COUNTY,County government,DAWSON AV CHARLOTTE NC,CHARLOTTE,SINGLE FAMILY RESIDENTIAL,Single-family homes,0.153,23600,3,1,https://polaris3g.mecklenburgcountync.gov/?pid=06908407
06907109,MECKLENBURG COUNTY,County government,724 PRINCE ST CHARLOTTE NC,CHARLOTTE,FLUM/SWIM FLOODWAY (NO BUILD ZONE),"Vacant, floodplain & farm",0.444,49500,3,1,https://polaris3g.mecklenburgcountync.gov/?pid=06907109
06907621,MECKLENBURG COUNTY,County government,LAKEWOOD AV CHARLOTTE NC,CHARLOTTE,OTHER COUNTY PROPERTY,"Public land, ROW & utility",0.051,0,3,1,https://polaris3g.mecklenburgcountync.gov/?pid=06907621
04729162,MECKLENBURG COUNTY,County government,324 WALDEN STATION DR CHARLOTTE NC,CHARLOTTE,MULTI FAMILY,Multi-family,0.029,400,3,2,https://polaris3g.mecklenburgcountync.gov/?pid=04729162
06909312,MECKLENBURG COUNTY,County government,REMINGTON ST CHARLOTTE NC,CHARLOTTE,SINGLE FAMILY RESIDENTIAL,Single-family homes,0.131,56900,3,2,https://polaris3g.mecklenburgcountync.gov/?pid=06909312
13324135,MECKLENBURG COUNTY,County government,4905 E W T HARRIS BV CHARLOTTE NC,CHARLOTTE,REC AREA,"Public land, ROW & utility",0.566,69300,3,1,https://polaris3g.mecklenburgcountync.gov/?pid=13324135
00730335,MECKLENBURG COUNTY,County government,1120 HUDSON PL DAVIDSON NC,DAVIDSON,GREENWAY TRAIL,"Public land, ROW & utility",0.716,500000,3,3,https://polaris3g.mecklenburgcountync.gov/?pid=00730335
20510231,MECKLENBURG COUNTY ABC BOARD,Library / ABC / Landmarks,9500 SOUTH BV CHARLOTTE NC,CHARLOTTE,COMMERCIAL,Commercial & office,1.872,2483500,3,3,https://polaris3g.mecklenburgcountync.gov/?pid=20510231
08901411,MECKLENBURG COUNTY,County government,233 WELLINGFORD ST CHARLOTTE NC,CHARLOTTE,SINGLE FAMILY RESIDENTIAL,Single-family homes,0.172,47500,3,0,https://polaris3g.mecklenburgcountync.gov/?pid=08901411
09911615,MECKLENBURG COUNTY,County government,5313 DOLPHIN LN CHARLOTTE NC,CHARLOTTE,SINGLE FAMILY RESIDENTIAL,Single-family homes,0.270,121600,3,1,https://polaris3g.mecklenburgcountync.gov/?pid=09911615
09906110,MECKLENBURG COUNTY,County government,2231 PURSER DR CHARLOTTE NC,CHARLOTTE,FLUM/SWIM FLOODWAY (NO BUILD ZONE),"Vacant, floodplain & farm",0.262,58500,3,1,https://polaris3g.mecklenburgcountync.gov/?pid=09906110
17108407,MECKLENBURG COUNTY,County government,5635 WEDGEWOOD DR CHARLOTTE NC,CHARLOTTE,FLUM/SWIM FLOODWAY (NO BUILD ZONE),"Vacant, floodplain & farm",0.416,261300,3,3,https://polaris3g.mecklenburgcountync.gov/?pid=17108407
09313408,MECKLENBURG COUNTY,County government,3041 DUNLAVIN WY CHARLOTTE NC,CHARLOTTE,OTHER COUNTY PROPERTY,"Public land, ROW & utility",0.313,93500,3,2,https://polaris3g.mecklenburgcountync.gov/?pid=09313408
06907110,MECKLENBURG COUNTY,County government,716 PRINCE ST CHARLOTTE NC,CHARLOTTE,FLUM/SWIM FLOODWAY (NO BUILD ZONE),"Vacant, floodplain & farm",0.877,82500,3,2,https://polaris3g.mecklenburgcountync.gov/?pid=06907110
06907622,MECKLENBURG COUNTY,County government,LAKEWOOD AV CHARLOTTE NC,CHARLOTTE,OTHER COUNTY PROPERTY,"Public land, ROW & utility",0.051,0,3,1,https://polaris3g.mecklenburgcountync.gov/?pid=06907622
06909336,MECKLENBURG COUNTY,County government,913 ESTELLE ST CHARLOTTE NC,CHARLOTTE,SINGLE FAMILY RESIDENTIAL,Single-family homes,0.288,31600,3,0,https://polaris3g.mecklenburgcountync.gov/?pid=06909336
01302435,MECKLENBURG COUNTY,County government,PAMELA ST HUNTERSVILLE NC,HUNTERSVILLE,SINGLE FAMILY RESIDENTIAL,Single-family homes,0.226,25000,3,2,https://polaris3g.mecklenburgcountync.gov/?pid=01302435
01509114,MECKLENBURG COUNTY,County government,8010 GILEAD RD HUNTERSVILLE NC,HUNTERSVILLE,OTHER COUNTY PROPERTY,"Public land, ROW & utility",1.441,14600,3,0,https://polaris3g.mecklenburgcountync.gov/?pid=01509114
01302428,MECKLENBURG COUNTY,County government,5725 PAMELA ST HUNTERSVILLE NC,HUNTERSVILLE,OTHER COUNTY PROPERTY,"Public land, ROW & utility",0.349,47500,3,0,https://polaris3g.mecklenburgcountync.gov/?pid=01302428
10718110,MECKLENBURG COUNTY,County government,7300 LINDA LAKE DR CHARLOTTE NC,CHARLOTTE,SINGLE FAMILY RESIDENTIAL,Single-family homes,0.929,101500,3,2,https://polaris3g.mecklenburgcountync.gov/?pid=10718110
01318112,MECKLENBURG COUNTY,County government,NECK RD UNINC NC,MECKLENBURG COUNTY-UNINCORPORATED,SINGLE FAMILY RESIDENTIAL - ACREAGE,Single-family homes,145.576,5387300,3,1,https://polaris3g.mecklenburgcountync.gov/?pid=01318112
12521310,MECKLENBURG COUNTY,County government,920 S KINGS DR CHARLOTTE NC,CHARLOTTE,OTHER COUNTY PROPERTY,"Public land, ROW & utility",1.313,1031000,3,1,https://polaris3g.mecklenburgcountync.gov/?pid=12521310
01546111,MECKLENBURG COUNTY,County government,MCCOY RD HUNTERSVILLE NC,HUNTERSVILLE,SINGLE FAMILY RESIDENTIAL - ACREAGE,Single-family homes,15.060,970000,3,0,https://polaris3g.mecklenburgcountync.gov/?pid=01546111
20304648,MECKLENBURG COUNTY,County government,NATIONS FORD RD CHARLOTTE NC,CHARLOTTE,OTHER COUNTY PROPERTY,"Public land, ROW & utility",3.280,322400,3,1,https://polaris3g.mecklenburgcountync.gov/?pid=20304648
06908103,MECKLENBURG COUNTY,County government,MELITA AV CHARLOTTE NC,CHARLOTTE,FLUM/SWIM FLOODWAY (NO BUILD ZONE),"Vacant, floodplain & farm",0.149,7900,3,3,https://polaris3g.mecklenburgcountync.gov/?pid=06908103
09313414,MECKLENBURG COUNTY,County government,3131 DUNLAVIN WY CHARLOTTE NC,CHARLOTTE,OTHER COUNTY PROPERTY,"Public land, ROW & utility",0.280,93500,3,1,https://polaris3g.mecklenburgcountync.gov/?pid=09313414
13509377,MECKLENBURG COUNTY,County government,MACKENZIE CT CHARLOTTE NC,CHARLOTTE,SINGLE FAMILY RESIDENTIAL,Single-family homes,0.047,16100,3,2,https://polaris3g.mecklenburgcountync.gov/?pid=13509377
00740142,MECKLENBURG COUNTY,County government,PATRICK JOHNSTON LN DAVIDSON NC,DAVIDSON,SINGLE FAMILY RESIDENTIAL,Single-family homes,0.583,284800,3,3,https://polaris3g.mecklenburgcountync.gov/?pid=00740142
11509103,MECKLENBURG COUNTY,County government,WILKINSON BV CHARLOTTE NC,CHARLOTTE,OTHER COUNTY PROPERTY,"Public land, ROW & utility",0.359,84100,3,0,https://polaris3g.mecklenburgcountync.gov/?pid=11509103
00507190,MECKLENBURG COUNTY,County government,16530 REDDING PARK LN CORNELIUS NC,CORNELIUS,"WASTELAND, SLIVERS, GULLIES, ROCK OUTCROP","Vacant, floodplain & farm",0.808,700,3,2,https://polaris3g.mecklenburgcountync.gov/?pid=00507190
13109203,MECKLENBURG COUNTY,County government,3760 DRESDEN DR CHARLOTTE NC,CHARLOTTE,SINGLE FAMILY RESIDENTIAL,Single-family homes,0.266,127500,3,2,https://polaris3g.mecklenburgcountync.gov/?pid=13109203
08901502,MECKLENBURG COUNTY,County government,228 WELLINGFORD ST CHARLOTTE NC,CHARLOTTE,SINGLE FAMILY RESIDENTIAL,Single-family homes,0.285,47500,3,1,https://polaris3g.mecklenburgcountync.gov/?pid=08901502
02701157,MECKLENBURG COUNTY,County government,HUBBARD RD CHARLOTTE NC,CHARLOTTE,SINGLE FAMILY RESIDENTIAL - ACREAGE,Single-family homes,0.147,3500,3,1,https://polaris3g.mecklenburgcountync.gov/?pid=02701157
02744299,MECKLENBURG COUNTY,County government,WHITEHILL DR CHARLOTTE NC,CHARLOTTE,OTHER COUNTY PROPERTY,"Public land, ROW & utility",0.086,6200,3,2,https://polaris3g.mecklenburgcountync.gov/?pid=02744299
16915529,MECKLENBURG COUNTY,County government,REYNOLDS AV CHARLOTTE NC,CHARLOTTE,OTHER COUNTY PROPERTY,"Public land, ROW & utility",0.273,16000,3,0,https://polaris3g.mecklenburgcountync.gov/?pid=16915529
18507104,MECKLENBURG COUNTY,County government,5020 ADDISON DR CHARLOTTE NC,CHARLOTTE,FLUM/SWIM FLOODWAY (NO BUILD ZONE),"Vacant, floodplain & farm",0.473,90000,3,1,https://polaris3g.mecklenburgcountync.gov/?pid=18507104
05101130,MECKLENBURG COUNTY,County government,PAVILION BV CHARLOTTE NC,CHARLOTTE,REC AREA,"Public land, ROW & utility",4.744,1909300,3,1,https://polaris3g.mecklenburgcountync.gov/?pid=05101130
16915527,MECKLENBURG COUNTY,County government,REYNOLDS AV CHARLOTTE NC,CHARLOTTE,OTHER COUNTY PROPERTY,"Public land, ROW & utility",0.388,22700,3,0,https://polaris3g.mecklenburgcountync.gov/?pid=16915527
17517602,MECKLENBURG COUNTY,County government,320 ROCKLYN PL CHARLOTTE NC,CHARLOTTE,GREENWAY TRAIL,"Public land, ROW & utility",0.259,630000,3,0,https://polaris3g.mecklenburgcountync.gov/?pid=17517602
03321104,MECKLENBURG COUNTY,County government,9500 BELLHAVEN BV CHARLOTTE NC,CHARLOTTE,SINGLE FAMILY RESIDENTIAL - ACREAGE,Single-family homes,26.600,1057500,3,2,https://polaris3g.mecklenburgcountync.gov/?pid=03321104
08303117,MECKLENBURG COUNTY,County government,3115 CULLMAN AV CHARLOTTE NC,CHARLOTTE,OTHER COUNTY PROPERTY,"Public land, ROW & utility",0.322,401400,3,1,https://polaris3g.mecklenburgcountync.gov/?pid=08303117
17517318,MECKLENBURG COUNTY,County government,3244 WESTFIELD RD CHARLOTTE NC,CHARLOTTE,GREENWAY TRAIL,"Public land, ROW & utility",0.208,630000,3,0,https://polaris3g.mecklenburgcountync.gov/?pid=17517318
03728309,MECKLENBURG COUNTY,County government,2708 CLARENCEFIELD DR CHARLOTTE NC,CHARLOTTE,SINGLE FAMILY RESIDENTIAL,Single-family homes,0.214,35000,3,0,https://polaris3g.mecklenburgcountync.gov/?pid=03728309
09313402,MECKLENBURG COUNTY,County government,3009 DUNLAVIN WY CHARLOTTE NC,CHARLOTTE,OTHER COUNTY PROPERTY,"Public land, ROW & utility",0.303,93500,3,0,https://polaris3g.mecklenburgcountync.gov/?pid=09313402
05120398,MECKLENBURG COUNTY,County government,ASHLEY MEADOW DR CHARLOTTE NC,CHARLOTTE,SINGLE FAMILY RESIDENTIAL - COMMON,HOA common area,0.269,0,3,2,https://polaris3g.mecklenburgcountync.gov/?pid=05120398
04739108,CHARLOTTE MECKLENBURG BOARD OF EDUCATION,CMS (Board of Education),7920 NEAL RD CHARLOTTE NC,CHARLOTTE,SCHOOL - PUBLIC,Institutional,194.320,127837100,3,3,https://polaris3g.mecklenburgcountync.gov/?pid=04739108
16915104,MECKLENBURG COUNTY,County government,REYNOLDS AV CHARLOTTE NC,CHARLOTTE,OTHER COUNTY PROPERTY,"Public land, ROW & utility",0.266,15500,3,0,https://polaris3g.mecklenburgcountync.gov/?pid=16915104
15111211,MECKLENBURG COUNTY,County government,2920 WESTFIELD RD CHARLOTTE NC,CHARLOTTE,FLUM/SWIM FLOODWAY (NO BUILD ZONE),"Vacant, floodplain & farm",0.382,525000,3,1,https://polaris3g.mecklenburgcountync.gov/?pid=15111211
15111213,MECKLENBURG COUNTY,County government,2910 WESTFIELD RD CHARLOTTE NC,CHARLOTTE,FLUM/SWIM FLOODWAY (NO BUILD ZONE),"Vacant, floodplain & farm",0.304,490000,3,1,https://polaris3g.mecklenburgcountync.gov/?pid=15111213
04732102,MECKLENBURG COUNTY,County government,9300 N I-85 HY CHARLOTTE NC,CHARLOTTE,GREENWAY TRAIL,"Public land, ROW & utility",2.844,24800,3,2,https://polaris3g.mecklenburgcountync.gov/?pid=04732102
01529351,MECKLENBURG COUNTY,County government,12843 MOORES MILL RD HUNTERSVILLE NC,HUNTERSVILLE,SINGLE FAMILY RESIDENTIAL,Single-family homes,0.121,100000,3,2,https://polaris3g.mecklenburgcountync.gov/?pid=01529351
12910151,MECKLENBURG COUNTY,County government,3356 COMMONWEALTH AV CHARLOTTE NC,CHARLOTTE,COMMERCIAL,Commercial & office,0.132,143200,3,2,https://polaris3g.mecklenburgcountync.gov/?pid=12910151
07504220,MECKLENBURG COUNTY,County government,2016 HAINES ST CHARLOTTE NC,CHARLOTTE,REC AREA,"Public land, ROW & utility",0.240,33700,3,0,https://polaris3g.mecklenburgcountync.gov/?pid=07504220
08109505,MECKLENBURG COUNTY,County government,705 E 15TH ST CHARLOTTE NC,CHARLOTTE,REC AREA,"Public land, ROW & utility",0.173,175000,3,0,https://polaris3g.mecklenburgcountync.gov/?pid=08109505
09312521,MECKLENBURG COUNTY,County government,3811 COUNTRY CLUB DR CHARLOTTE NC,CHARLOTTE,SINGLE FAMILY RESIDENTIAL,Single-family homes,0.345,144500,3,1,https://polaris3g.mecklenburgcountync.gov/?pid=09312521
05102109,MECKLENBURG COUNTY,County government,201 E MALLARD CREEK CHURCH RD CHARLOTTE NC,CHARLOTTE,GREENWAY TRAIL,"Public land, ROW & utility",35.514,703900,3,3,https://polaris3g.mecklenburgcountync.gov/?pid=05102109
01741116,MECKLENBURG COUNTY CHRONIC DISEASE,County government,11725 VERHOEFF DR HUNTERSVILLE NC,HUNTERSVILLE,OTHER COUNTY PROPERTY,"Public land, ROW & utility",12.079,10425400,3,3,https://polaris3g.mecklenburgcountync.gov/?pid=01741116
01934117,MECKLENBURG COUNTY,County government,11534 TRAILS END LN UNINC NC,MECKLENBURG COUNTY-UNINCORPORATED,SINGLE FAMILY RESIDENTIAL,Single-family homes,0.371,63800,3,2,https://polaris3g.mecklenburgcountync.gov/?pid=01934117
06907105,MECKLENBURG COUNTY,County government,PRINCE ST CHARLOTTE NC,CHARLOTTE,FLUM/SWIM FLOODWAY (NO BUILD ZONE),"Vacant, floodplain & farm",0.400,24800,3,2,https://polaris3g.mecklenburgcountync.gov/?pid=06907105
06907618,MECKLENBURG COUNTY,County government,LAKEWOOD AV CHARLOTTE NC,CHARLOTTE,OTHER COUNTY PROPERTY,"Public land, ROW & utility",0.052,0,3,1,https://polaris3g.mecklenburgcountync.gov/?pid=06907618
09313412,MECKLENBURG COUNTY,County government,3117 DUNLAVIN WY CHARLOTTE NC,CHARLOTTE,OTHER COUNTY PROPERTY,"Public land, ROW & utility",0.228,93500,3,1,https://polaris3g.mecklenburgcountync.gov/?pid=09313412
00712212,CHARLOTTE MECKLENBURG BOARD OF EDUCATION,CMS (Board of Education),BAILEY RD CORNELIUS NC,CORNELIUS,SINGLE FAMILY RESIDENTIAL - ACREAGE,Single-family homes,10.324,1065500,3,2,https://polaris3g.mecklenburgcountync.gov/?pid=00712212
08312111,CHARLOTTE MECKLENBURG BOARD OF EDUCATION,CMS (Board of Education),919 CHARLES AV CHARLOTTE NC,CHARLOTTE,SINGLE FAMILY RESIDENTIAL,Single-family homes,0.173,325000,3,0,https://polaris3g.mecklenburgcountync.gov/?pid=08312111
02701721,MECKLENBURG COUNTY,County government,BRIGGS DR CHARLOTTE NC,CHARLOTTE,SINGLE FAMILY RESIDENTIAL,Single-family homes,0.454,80000,3,2,https://polaris3g.mecklenburgcountync.gov/?pid=02701721
09906111,MECKLENBURG COUNTY,County government,2237 PURSER DR CHARLOTTE NC,CHARLOTTE,SINGLE FAMILY RESIDENTIAL,Single-family homes,0.242,58500,3,0,https://polaris3g.mecklenburgcountync.gov/?pid=09906111
12507120,MECKLENBURG COUNTY,County government,701 E MARTIN LUTHER KING JR BV CHARLOTTE NC,CHARLOTTE,OTHER COUNTY PROPERTY,"Public land, ROW & utility",5.905,48547300,3,2,https://polaris3g.mecklenburgcountync.gov/?pid=12507120
07504322,MECKLENBURG COUNTY,County government,1605 CATHERINE SIMMONS AV CHARLOTTE NC,CHARLOTTE,REC AREA,"Public land, ROW & utility",0.178,22200,3,0,https://polaris3g.mecklenburgcountync.gov/?pid=07504322
08901412,MECKLENBURG COUNTY,County government,237 WELLINGFORD ST CHARLOTTE NC,CHARLOTTE,SINGLE FAMILY RESIDENTIAL,Single-family homes,0.172,47500,3,0,https://polaris3g.mecklenburgcountync.gov/?pid=08901412
06905106,MECKLENBURG COUNTY,County government,844 SELDON DR CHARLOTTE NC,CHARLOTTE,SINGLE FAMILY RESIDENTIAL,Single-family homes,0.183,113800,3,2,https://polaris3g.mecklenburgcountync.gov/?pid=06905106
11334107,MECKLENBURG COUNTY,County government,WILKINSON BV UNINC NC,MECKLENBURG COUNTY-UNINCORPORATED,OTHER COUNTY PROPERTY,"Public land, ROW & utility",0.751,368800,3,1,https://polaris3g.mecklenburgcountync.gov/?pid=11334107
07709102,CHARLOTTE MECKLENBURG BOARD OF EDUCATION,CMS (Board of Education),LUCENA ST CHARLOTTE NC,CHARLOTTE,SCHOOL - PUBLIC,Institutional,0.880,383300,3,2,https://polaris3g.mecklenburgcountync.gov/?pid=07709102
08109508,MECKLENBURG COUNTY,County government,717 E 15TH ST CHARLOTTE NC,CHARLOTTE,REC AREA,"Public land, ROW & utility",0.160,262500,3,1,https://polaris3g.mecklenburgcountync.gov/?pid=08109508
04536209,MECKLENBURG COUNTY,County government,4830 HOYT HINSON RD CHARLOTTE NC,CHARLOTTE,SINGLE FAMILY RESIDENTIAL,Single-family homes,2.624,362900,3,0,https://polaris3g.mecklenburgcountync.gov/?pid=04536209
14517309,MECKLENBURG COUNTY,County government,AMAY JAMES AV CHARLOTTE NC,CHARLOTTE,SINGLE FAMILY RESIDENTIAL,Single-family homes,0.081,85000,3,0,https://polaris3g.mecklenburgcountync.gov/?pid=14517309
14522402,CHARLOTTE MECKLENBURG BOARD OF EDUCATION,CMS (Board of Education),AMAY JAMES AV CHARLOTTE NC,CHARLOTTE,MULTI FAMILY,Multi-family,0.436,125000,3,1,https://polaris3g.mecklenburgcountync.gov/?pid=14522402
03115209,MECKLENBURG COUNTY,County government,1024 RIVERSIDE DR CHARLOTTE NC,CHARLOTTE,SINGLE FAMILY RESIDENTIAL,Single-family homes,0.167,86700,3,2,https://polaris3g.mecklenburgcountync.gov/?pid=03115209
17517605,MECKLENBURG COUNTY,County government,308 ROCKLYN PL CHARLOTTE NC,CHARLOTTE,GREENWAY TRAIL,"Public land, ROW & utility",0.213,630000,3,2,https://polaris3g.mecklenburgcountync.gov/?pid=17517605
15704129,MECKLENBURG COUNTY,County government,3522 ELLINGTON ST CHARLOTTE NC,CHARLOTTE,OTHER COUNTY PROPERTY,"Public land, ROW & utility",0.106,107800,3,0,https://polaris3g.mecklenburgcountync.gov/?pid=15704129
20716201,MECKLENBURG COUNTY,County government,TURNBERRY LN CHARLOTTE NC,CHARLOTTE,FLUM/SWIM FLOODWAY (NO BUILD ZONE),"Vacant, floodplain & farm",0.106,120000,3,2,https://polaris3g.mecklenburgcountync.gov/?pid=20716201
00508321,CHARLOTTE-MECKLENBURG HOSPITAL AUTHORITY,Hospital Authority (Atrium),18341 STATESVILLE RD CORNELIUS NC,CORNELIUS,HOSPITALS - PUBLIC,Institutional,62.512,12958500,3,3,https://polaris3g.mecklenburgcountync.gov/?pid=00508321
03728304,MECKLENBURG COUNTY,County government,2730 CLARENCEFIELD DR CHARLOTTE NC,CHARLOTTE,SINGLE FAMILY RESIDENTIAL,Single-family homes,0.241,35000,3,0,https://polaris3g.mecklenburgcountync.gov/?pid=03728304
00905104,MECKLENBURG COUNTY,County government,8031 GILEAD RD HUNTERSVILLE NC,HUNTERSVILLE,SINGLE FAMILY RESIDENTIAL - ACREAGE,Single-family homes,1.146,26200,3,2,https://polaris3g.mecklenburgcountync.gov/?pid=00905104
09510217,MECKLENBURG COUNTY,County government,1720 MASONIC DR CHARLOTTE NC,CHARLOTTE,GREENWAY TRAIL,"Public land, ROW & utility",0.524,191300,3,1,https://polaris3g.mecklenburgcountync.gov/?pid=09510217
18101102,MECKLENBURG COUNTY,County government,134 PLACID PL CHARLOTTE NC,CHARLOTTE,SINGLE FAMILY RESIDENTIAL,Single-family homes,0.317,460000,3,2,https://polaris3g.mecklenburgcountync.gov/?pid=18101102
04925113,MECKLENBURG COUNTY,County government,CHANCELLOR PARK DR CHARLOTTE NC,CHARLOTTE,100 YEAR FLOOD PLAIN - AC,"Vacant, floodplain & farm",2.074,86500,3,1,https://polaris3g.mecklenburgcountync.gov/?pid=04925113
01302427,MECKLENBURG COUNTY,County government,5721 PAMELA ST HUNTERSVILLE NC,HUNTERSVILLE,OTHER COUNTY PROPERTY,"Public land, ROW & utility",0.346,47500,3,0,https://polaris3g.mecklenburgcountync.gov/?pid=01302427
01702105,MECKLENBURG COUNTY,County government,9530 KERNS RD HUNTERSVILLE NC,HUNTERSVILLE,"WASTELAND, SLIVERS, GULLIES, ROCK OUTCROP","Vacant, floodplain & farm",0.162,400,3,1,https://polaris3g.mecklenburgcountync.gov/?pid=01702105
18101103,MECKLENBURG COUNTY,County government,128 PLACID PL CHARLOTTE NC,CHARLOTTE,SINGLE FAMILY RESIDENTIAL,Single-family homes,0.288,460000,3,1,https://polaris3g.mecklenburgcountync.gov/?pid=18101103
07321103,MECKLENBURG COUNTY,County government,230 S SYCAMORE ST CHARLOTTE NC,CHARLOTTE,FLUM/SWIM FLOODWAY (NO BUILD ZONE),"Vacant, floodplain & farm",0.133,81000,3,1,https://polaris3g.mecklenburgcountync.gov/?pid=07321103
09312528,MECKLENBURG COUNTY,County government,2929 DUNLAVIN WY CHARLOTTE NC,CHARLOTTE,OTHER COUNTY PROPERTY,"Public land, ROW & utility",0.268,93500,3,0,https://polaris3g.mecklenburgcountync.gov/?pid=09312528
10501575,MECKLENBURG COUNTY,County government,2830 SOUTH DEVON ST CHARLOTTE NC,CHARLOTTE,SINGLE FAMILY RESIDENTIAL - COMMON,HOA common area,1.324,0,3,2,https://polaris3g.mecklenburgcountync.gov/?pid=10501575
12308513,MECKLENBURG COUNTY,County government,510 E PARK AV CHARLOTTE NC,CHARLOTTE,REC AREA,"Public land, ROW & utility",1.179,5032000,3,3,https://polaris3g.mecklenburgcountync.gov/?pid=12308513
01927516,MECKLENBURG COUNTY,County government,VANGUARD PY HUNTERSVILLE NC,HUNTERSVILLE,SINGLE FAMILY RESIDENTIAL - ACREAGE,Single-family homes,2.562,33300,3,2,https://polaris3g.mecklenburgcountync.gov/?pid=01927516
06514106,MECKLENBURG COUNTY,County government,612 DEWOLFE ST CHARLOTTE NC,CHARLOTTE,SINGLE FAMILY RESIDENTIAL,Single-family homes,0.205,13500,3,1,https://polaris3g.mecklenburgcountync.gov/?pid=06514106
01935102,MECKLENBURG COUNTY,County government,11510 TRAILS END LN UNINC NC,MECKLENBURG COUNTY-UNINCORPORATED,SINGLE FAMILY RESIDENTIAL - ACREAGE,Single-family homes,2.045,400100,3,1,https://polaris3g.mecklenburgcountync.gov/?pid=01935102
08004101,MECKLENBURG COUNTY,County government,624 N COLLEGE ST CHARLOTTE NC,CHARLOTTE,OFFICE,Commercial & office,4.992,34674400,3,2,https://polaris3g.mecklenburgcountync.gov/?pid=08004101
02531299,MECKLENBURG COUNTY,County government,TREYBURN DR CHARLOTTE NC,CHARLOTTE,100 YEAR FLOOD PLAIN - AC,"Vacant, floodplain & farm",0.219,400,3,0,https://polaris3g.mecklenburgcountync.gov/?pid=02531299
08901404,MECKLENBURG COUNTY,County government,201 WELLINGFORD ST CHARLOTTE NC,CHARLOTTE,SINGLE FAMILY RESIDENTIAL,Single-family homes,0.172,47500,3,0,https://polaris3g.mecklenburgcountync.gov/?pid=08901404
09313415,MECKLENBURG COUNTY,County government,3135 DUNLAVIN WY CHARLOTTE NC,CHARLOTTE,OTHER COUNTY PROPERTY,"Public land, ROW & utility",0.411,99000,3,1,https://polaris3g.mecklenburgcountync.gov/?pid=09313415
21309123,MECKLENBURG COUNTY,County government,232 OLD BELL RD CHARLOTTE NC,CHARLOTTE,GREENWAY TRAIL,"Public land, ROW & utility",0.802,46900,3,0,https://polaris3g.mecklenburgcountync.gov/?pid=21309123
12306211,MECKLENBURG COUNTY,County government,205 W KINGSTON AV CHARLOTTE NC,CHARLOTTE,OTHER COUNTY PROPERTY,"Public land, ROW & utility",0.172,1416000,3,0,https://polaris3g.mecklenburgcountync.gov/?pid=12306211
09312532,MECKLENBURG COUNTY,County government,2953 DUNLAVIN WY CHARLOTTE NC,CHARLOTTE,OTHER COUNTY PROPERTY,"Public land, ROW & utility",0.323,93500,3,0,https://polaris3g.mecklenburgcountync.gov/?pid=09312532
06907104,MECKLENBURG COUNTY,County government,740 PRINCE ST CHARLOTTE NC,CHARLOTTE,FLUM/SWIM FLOODWAY (NO BUILD ZONE),"Vacant, floodplain & farm",0.377,33000,3,2,https://polaris3g.mecklenburgcountync.gov/?pid=06907104
16722144,MECKLENBURG COUNTY,County government,6440 MOUNTING ROCK RD CHARLOTTE NC,CHARLOTTE,SINGLE FAMILY RESIDENTIAL,Single-family homes,0.208,65000,3,3,https://polaris3g.mecklenburgcountync.gov/?pid=16722144
16915110,MECKLENBURG COUNTY,County government,REYNOLDS AV CHARLOTTE NC,CHARLOTTE,OTHER COUNTY PROPERTY,"Public land, ROW & utility",0.327,19100,3,0,https://polaris3g.mecklenburgcountync.gov/?pid=16915110
12907509,MECKLENBURG COUNTY,County government,116 MORNINGSIDE DR CHARLOTTE NC,CHARLOTTE,COMMERCIAL,Commercial & office,0.932,581400,3,3,https://polaris3g.mecklenburgcountync.gov/?pid=12907509
03115215,MECKLENBURG COUNTY,County government,928 RIVERSIDE DR CHARLOTTE NC,CHARLOTTE,SINGLE FAMILY RESIDENTIAL,Single-family homes,0.221,92100,3,0,https://polaris3g.mecklenburgcountync.gov/?pid=03115215
17517317,MECKLENBURG COUNTY,County government,3248 WESTFIELD RD CHARLOTTE NC,CHARLOTTE,GREENWAY TRAIL,"Public land, ROW & utility",0.199,595000,3,0,https://polaris3g.mecklenburgcountync.gov/?pid=17517317
17517326,MECKLENBURG COUNTY,County government,3212 WESTFIELD RD CHARLOTTE NC,CHARLOTTE,GREENWAY TRAIL,"Public land, ROW & utility",0.217,630000,3,0,https://polaris3g.mecklenburgcountync.gov/?pid=17517326
13112201,MECKLENBURG COUNTY,County government,1321 TARRINGTON AV CHARLOTTE NC,CHARLOTTE,"WASTELAND, SLIVERS, GULLIES, ROCK OUTCROP","Vacant, floodplain & farm",0.043,1500,3,1,https://polaris3g.mecklenburgcountync.gov/?pid=13112201
07707510,MECKLENBURG COUNTY,County government,937 HOLLAND AV CHARLOTTE NC,CHARLOTTE,REC AREA,"Public land, ROW & utility",0.176,85000,3,0,https://polaris3g.mecklenburgcountync.gov/?pid=07707510
03517829,CHARLOTTE MECKLENBURG BOARD OF EDUCATION,CMS (Board of Education),7905 PLEASANT GROVE RD CHARLOTTE NC,CHARLOTTE,"SCHOOL,COLLEGE, PRIVATE",Institutional,14.515,22880100,3,3,https://polaris3g.mecklenburgcountync.gov/?pid=03517829
09510266,MECKLENBURG COUNTY,County government,3000 HARBINGER CT CHARLOTTE NC,CHARLOTTE,SINGLE FAMILY RESIDENTIAL,Single-family homes,0.253,180000,3,1,https://polaris3g.mecklenburgcountync.gov/?pid=09510266
04112513,MECKLENBURG COUNTY,County government,2115 SLATER RD CHARLOTTE NC,CHARLOTTE,100 YEAR FLOOD PLAIN - AC,"Vacant, floodplain & farm",0.901,10200,3,2,https://polaris3g.mecklenburgcountync.gov/?pid=04112513
08312104,CHARLOTTE MECKLENBURG BOARD OF EDUCATION,CMS (Board of Education),1009 CHARLES AV CHARLOTTE NC,CHARLOTTE,SINGLE FAMILY RESIDENTIAL,Single-family homes,0.223,325000,3,1,https://polaris3g.mecklenburgcountync.gov/?pid=08312104
15901607,CHARLOTTE MECKLENBURG BOARD OF EDUCATION,CMS (Board of Education),2416 E INDEPENDENCE BV CHARLOTTE NC,CHARLOTTE,OFFICE,Commercial & office,0.177,113400,3,1,https://polaris3g.mecklenburgcountync.gov/?pid=15901607
06902717,MECKLENBURG COUNTY,County government,2609 ROSLYN AV CHARLOTTE NC,CHARLOTTE,SINGLE FAMILY RESIDENTIAL,Single-family homes,0.227,121900,3,0,https://polaris3g.mecklenburgcountync.gov/?pid=06902717
06910437,MECKLENBURG COUNTY,County government,631 PENNSYLVANIA AV CHARLOTTE NC,CHARLOTTE,SINGLE FAMILY RESIDENTIAL,Single-family homes,0.335,66000,3,2,https://polaris3g.mecklenburgcountync.gov/?pid=06910437
10511104,MECKLENBURG COUNTY,County government,9631 PLAZA RD CHARLOTTE NC,CHARLOTTE,MULTI FAMILY,Multi-family,11.100,449500,3,2,https://polaris3g.mecklenburgcountync.gov/?pid=10511104
01127107,MECKLENBURG COUNTY,County government,14820 RAMAH CHURCH RD UNINC NC,MECKLENBURG COUNTY-UNINCORPORATED,SINGLE FAMILY RESIDENTIAL,Single-family homes,16.490,1042500,3,0,https://polaris3g.mecklenburgcountync.gov/?pid=01127107
01302440,MECKLENBURG COUNTY,County government,5915 PAMELA ST HUNTERSVILLE NC,HUNTERSVILLE,SINGLE FAMILY RESIDENTIAL,Single-family homes,0.861,65000,3,1,https://polaris3g.mecklenburgcountync.gov/?pid=01302440
05130197,MECKLENBURG COUNTY,County government,HARRIS HOUSTON RD CHARLOTTE NC,CHARLOTTE,RURAL HOMESITE,Single-family homes,0.878,71100,3,2,https://polaris3g.mecklenburgcountync.gov/?pid=05130197
12521327,MECKLENBURG COUNTY,County government,700 S KINGS DR CHARLOTTE NC,CHARLOTTE,OTHER COUNTY PROPERTY,"Public land, ROW & utility",1.368,1431100,3,0,https://polaris3g.mecklenburgcountync.gov/?pid=12521327
04741209,MECKLENBURG COUNTY,County government,9010 MALLARD CREEK RD CHARLOTTE NC,CHARLOTTE,100 YEAR FLOOD PLAIN - AC,"Vacant, floodplain & farm",2.667,27400,3,2,https://polaris3g.mecklenburgcountync.gov/?pid=04741209
01521401,MECKLENBURG COUNTY,County government,10056 JANEIRO DR HUNTERSVILLE NC,HUNTERSVILLE,SINGLE FAMILY RESIDENTIAL,Single-family homes,0.683,97800,3,1,https://polaris3g.mecklenburgcountync.gov/?pid=01521401
02304299,MECKLENBURG COUNTY,County government,BEATTIES FORD RD UNINC NC,MECKLENBURG COUNTY-UNINCORPORATED,SINGLE FAMILY RESIDENTIAL - ACREAGE,Single-family homes,2.670,57600,3,1,https://polaris3g.mecklenburgcountync.gov/?pid=02304299
10814210,MECKLENBURG COUNTY,County government,8807 BURNT UMBER DR CHARLOTTE NC,CHARLOTTE,"WASTELAND, SLIVERS, GULLIES, ROCK OUTCROP","Vacant, floodplain & farm",0.041,800,3,2,https://polaris3g.mecklenburgcountync.gov/?pid=10814210
07504237,MECKLENBURG COUNTY,County government,1815 CATHERINE SIMMONS AV CHARLOTTE NC,CHARLOTTE,REC AREA,"Public land, ROW & utility",0.177,22200,3,0,https://polaris3g.mecklenburgcountync.gov/?pid=07504237
08108204,MECKLENBURG COUNTY,County government,721 E 13TH ST CHARLOTTE NC,CHARLOTTE,REC AREA,"Public land, ROW & utility",1.772,331500,3,1,https://polaris3g.mecklenburgcountync.gov/?pid=08108204
08901409,MECKLENBURG COUNTY,County government,221 WELLINGFORD ST CHARLOTTE NC,CHARLOTTE,SINGLE FAMILY RESIDENTIAL,Single-family homes,0.344,47500,3,0,https://polaris3g.mecklenburgcountync.gov/?pid=08901409
08901514,MECKLENBURG COUNTY,County government,223 MELLOW DR CHARLOTTE NC,CHARLOTTE,SINGLE FAMILY RESIDENTIAL,Single-family homes,0.355,47500,3,2,https://polaris3g.mecklenburgcountync.gov/?pid=08901514
18511130,MECKLENBURG COUNTY,County government,1120 WILLHAVEN DR CHARLOTTE NC,CHARLOTTE,FLUM/SWIM FLOODWAY (NO BUILD ZONE),"Vacant, floodplain & farm",0.607,136100,3,1,https://polaris3g.mecklenburgcountync.gov/?pid=18511130
09911616,MECKLENBURG COUNTY,County government,5319 DOLPHIN LN CHARLOTTE NC,CHARLOTTE,SINGLE FAMILY RESIDENTIAL,Single-family homes,0.263,121600,3,1,https://polaris3g.mecklenburgcountync.gov/?pid=09911616
06902721,MECKLENBURG COUNTY,County government,2625 ROSLYN AV CHARLOTTE NC,CHARLOTTE,SINGLE FAMILY RESIDENTIAL,Single-family homes,0.239,121900,3,0,https://polaris3g.mecklenburgcountync.gov/?pid=06902721
06907626,MECKLENBURG COUNTY,County government,LAKEWOOD AV CHARLOTTE NC,CHARLOTTE,OTHER COUNTY PROPERTY,"Public land, ROW & utility",0.055,0,3,0,https://polaris3g.mecklenburgcountync.gov/?pid=06907626
01323102,MECKLENBURG COUNTY,County government,NECK RD HUNTERSVILLE NC,HUNTERSVILLE,SINGLE FAMILY RESIDENTIAL - ACREAGE,Single-family homes,30.188,1131600,3,1,https://polaris3g.mecklenburgcountync.gov/?pid=01323102
15303601,CHARLOTTE MECKLENBURG HOSPITAL AUTHORITY,Hospital Authority (Atrium),1053 S KINGS DR CHARLOTTE NC,CHARLOTTE,COMMERCIAL,Commercial & office,0.309,1278200,3,2,https://polaris3g.mecklenburgcountync.gov/?pid=15303601
06907620,MECKLENBURG COUNTY,County government,LAKEWOOD AV CHARLOTTE NC,CHARLOTTE,OTHER COUNTY PROPERTY,"Public land, ROW & utility",0.054,0,3,1,https://polaris3g.mecklenburgcountync.gov/?pid=06907620
09515111,MECKLENBURG COUNTY,County government,3726 COUNTRY CLUB DR CHARLOTTE NC,CHARLOTTE,SINGLE FAMILY RESIDENTIAL,Single-family homes,0.413,187000,3,3,https://polaris3g.mecklenburgcountync.gov/?pid=09515111
21309131,MECKLENBURG COUNTY,County government,OLD BELL RD CHARLOTTE NC,CHARLOTTE,GREENWAY TRAIL,"Public land, ROW & utility",0.964,101500,3,0,https://polaris3g.mecklenburgcountync.gov/?pid=21309131
21313574,MECKLENBURG COUNTY,County government,SUNNYWOOD LN CHARLOTTE NC,CHARLOTTE,GREENWAY TRAIL,"Public land, ROW & utility",0.050,800,3,2,https://polaris3g.mecklenburgcountync.gov/?pid=21313574
19302101,MECKLENBURG COUNTY,County government,4609 DRIFTER DR CHARLOTTE NC,CHARLOTTE,OTHER COUNTY PROPERTY,"Public land, ROW & utility",1.178,120000,3,3,https://polaris3g.mecklenburgcountync.gov/?pid=19302101
15111203,MECKLENBURG COUNTY,County government,3026 WESTFIELD RD CHARLOTTE NC,CHARLOTTE,FLUM/SWIM FLOODWAY (NO BUILD ZONE),"Vacant, floodplain & farm",0.394,525000,3,0,https://polaris3g.mecklenburgcountync.gov/?pid=15111203
17109157,MECKLENBURG COUNTY,County government,1214 MOCKINGBIRD LN CHARLOTTE NC,CHARLOTTE,SINGLE FAMILY RESIDENTIAL,Single-family homes,0.222,261300,3,2,https://polaris3g.mecklenburgcountync.gov/?pid=17109157
03115212,MECKLENBURG COUNTY,County government,1008 RIVERSIDE DR CHARLOTTE NC,CHARLOTTE,SINGLE FAMILY RESIDENTIAL,Single-family homes,0.327,120500,3,2,https://polaris3g.mecklenburgcountync.gov/?pid=03115212
16915105,MECKLENBURG COUNTY,County government,REYNOLDS AV CHARLOTTE NC,CHARLOTTE,OTHER COUNTY PROPERTY,"Public land, ROW & utility",0.247,14500,3,0,https://polaris3g.mecklenburgcountync.gov/?pid=16915105
06905113,MECKLENBURG COUNTY,County government,800 SELDON DR CHARLOTTE NC,CHARLOTTE,SINGLE FAMILY RESIDENTIAL,Single-family homes,0.220,121900,3,1,https://polaris3g.mecklenburgcountync.gov/?pid=06905113
18511117,MECKLENBURG COUNTY,County government,1100 WILLHAVEN DR CHARLOTTE NC,CHARLOTTE,FLUM/SWIM FLOODWAY (NO BUILD ZONE),"Vacant, floodplain & farm",0.560,102000,3,2,https://polaris3g.mecklenburgcountync.gov/?pid=18511117
07707501,MECKLENBURG COUNTY,County government,901 HOLLAND AV CHARLOTTE NC,CHARLOTTE,REC AREA,"Public land, ROW & utility",0.168,85000,3,0,https://polaris3g.mecklenburgcountync.gov/?pid=07707501
16518331,CHARLOTTE MECKLENBURG BOARD OF EDUCATION,CMS (Board of Education),STUDLEY RD CHARLOTTE NC,CHARLOTTE,"WASTELAND, SLIVERS, GULLIES, ROCK OUTCROP","Vacant, floodplain & farm",0.068,65000,3,2,https://polaris3g.mecklenburgcountync.gov/?pid=16518331
08303108,MECKLENBURG COUNTY,County government,3162 CULLMAN AV CHARLOTTE NC,CHARLOTTE,OTHER COUNTY PROPERTY,"Public land, ROW & utility",0.852,508700,3,1,https://polaris3g.mecklenburgcountync.gov/?pid=08303108
03711604,MECKLENBURG COUNTY,County government,5801 BEATTIES FORD RD CHARLOTTE NC,CHARLOTTE,SINGLE FAMILY RESIDENTIAL,Single-family homes,0.607,74600,3,2,https://polaris3g.mecklenburgcountync.gov/?pid=03711604
15303510,CHARLOTTE MECKLENBURG HOSPITAL AUTHORITY,Hospital Authority (Atrium),1100 S KINGS DR CHARLOTTE NC,CHARLOTTE,COMMERCIAL,Commercial & office,1.423,5379000,3,2,https://polaris3g.mecklenburgcountync.gov/?pid=15303510
22325116,MECKLENBURG COUNTY,County government,6808 PINEVILLE-MATTHEWS RD CHARLOTTE NC,CHARLOTTE,OTHER COUNTY PROPERTY,"Public land, ROW & utility",7.712,293200,3,2,https://polaris3g.mecklenburgcountync.gov/?pid=22325116
08303120,MECKLENBURG COUNTY,County government,3143 CULLMAN AV CHARLOTTE NC,CHARLOTTE,OTHER COUNTY PROPERTY,"Public land, ROW & utility",0.294,355000,3,1,https://polaris3g.mecklenburgcountync.gov/?pid=08303120
09313404,MECKLENBURG COUNTY,County government,3021 DUNLAVIN WY CHARLOTTE NC,CHARLOTTE,OTHER COUNTY PROPERTY,"Public land, ROW & utility",0.397,99000,3,1,https://polaris3g.mecklenburgcountync.gov/?pid=09313404
03728307,MECKLENBURG COUNTY,County government,2718 CLARENCEFIELD DR CHARLOTTE NC,CHARLOTTE,SINGLE FAMILY RESIDENTIAL,Single-family homes,0.269,35000,3,0,https://polaris3g.mecklenburgcountync.gov/?pid=03728307
09510264,MECKLENBURG COUNTY,County government,3014 HARBINGER CT CHARLOTTE NC,CHARLOTTE,SINGLE FAMILY RESIDENTIAL,Single-family homes,0.233,180000,3,0,https://polaris3g.mecklenburgcountync.gov/?pid=09510264
15111205,MECKLENBURG COUNTY,County government,3014 WESTFIELD RD CHARLOTTE NC,CHARLOTTE,FLUM/SWIM FLOODWAY (NO BUILD ZONE),"Vacant, floodplain & farm",0.385,525000,3,0,https://polaris3g.mecklenburgcountync.gov/?pid=15111205
17109110,MECKLENBURG COUNTY,County government,5801 WEDGEWOOD DR CHARLOTTE NC,CHARLOTTE,SINGLE FAMILY RESIDENTIAL,Single-family homes,0.302,261300,3,2,https://polaris3g.mecklenburgcountync.gov/?pid=17109110
04510205,MECKLENBURG COUNTY,County government,5408 N GRAHAM ST CHARLOTTE NC,CHARLOTTE,COMMERCIAL,Commercial & office,0.975,407700,3,0,https://polaris3g.mecklenburgcountync.gov/?pid=04510205
22937296,MECKLENBURG COUNTY,County government,REA RD CHARLOTTE NC,CHARLOTTE,OTHER COUNTY PROPERTY,"Public land, ROW & utility",2.896,71100,3,3,https://polaris3g.mecklenburgcountync.gov/?pid=22937296
01302441,MECKLENBURG COUNTY,County government,5932 PAMELA ST HUNTERSVILLE NC,HUNTERSVILLE,SINGLE FAMILY RESIDENTIAL,Single-family homes,0.191,67500,3,0,https://polaris3g.mecklenburgcountync.gov/?pid=01302441
06514360,MECKLENBURG COUNTY,County government,BARLOWE RD CHARLOTTE NC,CHARLOTTE,SINGLE FAMILY RESIDENTIAL,Single-family homes,0.085,11300,3,2,https://polaris3g.mecklenburgcountync.gov/?pid=06514360
01302411,MECKLENBURG COUNTY,County government,5802 PAMELA ST HUNTERSVILLE NC,HUNTERSVILLE,OTHER COUNTY PROPERTY,"Public land, ROW & utility",0.225,25000,3,0,https://polaris3g.mecklenburgcountync.gov/?pid=01302411
01301810,MECKLENBURG COUNTY,County government,12141 FLATBUSH DR HUNTERSVILLE NC,HUNTERSVILLE,SINGLE FAMILY RESIDENTIAL,Single-family homes,0.166,50000,3,1,https://polaris3g.mecklenburgcountync.gov/?pid=01301810
01302412,MECKLENBURG COUNTY,County government,5732 PAMELA ST HUNTERSVILLE NC,HUNTERSVILLE,OTHER COUNTY PROPERTY,"Public land, ROW & utility",0.455,50000,3,0,https://polaris3g.mecklenburgcountync.gov/?pid=01302412
13324148,MECKLENBURG COUNTY,County government,E W T HARRIS BV CHARLOTTE NC,CHARLOTTE,REC AREA,"Public land, ROW & utility",1.026,511700,3,1,https://polaris3g.mecklenburgcountync.gov/?pid=13324148
11501514,MECKLENBURG COUNTY,County government,2725 MAYFAIR AV CHARLOTTE NC,CHARLOTTE,REC AREA,"Public land, ROW & utility",0.205,35000,3,0,https://polaris3g.mecklenburgcountync.gov/?pid=11501514
00713116,CHARLOTTE MECKLENBURG BOARD OF EDUCATION,CMS (Board of Education),11900 BAILEY RD CORNELIUS NC,CORNELIUS,SCHOOL - PUBLIC,Institutional,17.456,24335000,3,2,https://polaris3g.mecklenburgcountync.gov/?pid=00713116
17517314,MECKLENBURG COUNTY,County government,3304 WESTFIELD RD CHARLOTTE NC,CHARLOTTE,GREENWAY TRAIL,"Public land, ROW & utility",0.207,630000,3,1,https://polaris3g.mecklenburgcountync.gov/?pid=17517314
08503103,MECKLENBURG COUNTY,County government,125 W CRAIGHEAD RD CHARLOTTE NC,CHARLOTTE,SCHOOL - PUBLIC,Institutional,17.152,17032400,3,3,https://polaris3g.mecklenburgcountync.gov/?pid=08503103
13727101,MECKLENBURG COUNTY,County government,7313 KUCK RD MINT HILL NC,MINT HILL,SINGLE FAMILY RESIDENTIAL - ACREAGE,Single-family homes,6.893,364400,3,2,https://polaris3g.mecklenburgcountync.gov/?pid=13727101
06907102,MECKLENBURG COUNTY,County government,800 PRINCE ST CHARLOTTE NC,CHARLOTTE,SINGLE FAMILY RESIDENTIAL,Single-family homes,0.961,79800,3,2,https://polaris3g.mecklenburgcountync.gov/?pid=06907102
07509315,MECKLENBURG COUNTY,County government,1044 ANDRILL TR CHARLOTTE NC,CHARLOTTE,FLUM/SWIM FLOODWAY (NO BUILD ZONE),"Vacant, floodplain & farm",0.200,0,3,0,https://polaris3g.mecklenburgcountync.gov/?pid=07509315
07504332,MECKLENBURG COUNTY,County government,2013 JENNINGS ST CHARLOTTE NC,CHARLOTTE,REC AREA,"Public land, ROW & utility",0.087,10400,3,1,https://polaris3g.mecklenburgcountync.gov/?pid=07504332
08303116,MECKLENBURG COUNTY,County government,3103 CULLMAN AV CHARLOTTE NC,CHARLOTTE,OTHER COUNTY PROPERTY,"Public land, ROW & utility",0.759,557800,3,2,https://polaris3g.mecklenburgcountync.gov/?pid=08303116
09720136,MECKLENBURG COUNTY,County government,BANFSHIRE RD CHARLOTTE NC,CHARLOTTE,OTHER COUNTY PROPERTY,"Public land, ROW & utility",0.044,11100,3,2,https://polaris3g.mecklenburgcountync.gov/?pid=09720136
02511320,MECKLENBURG COUNTY,County government,REAMES RD CHARLOTTE NC,CHARLOTTE,100 YEAR FLOOD PLAIN - AC,"Vacant, floodplain & farm",1.487,25400,3,2,https://polaris3g.mecklenburgcountync.gov/?pid=02511320
00514211,CHARLOTTE MECKLENBURG BOARD OF EDUCATION,CMS (Board of Education),WESTMORELAND RD CORNELIUS NC,CORNELIUS,SCHOOL - PUBLIC,Institutional,0.638,309200,3,1,https://polaris3g.mecklenburgcountync.gov/?pid=00514211
07114340,MECKLENBURG COUNTY,County government,2609 ROZZELLES FERRY RD CHARLOTTE NC,CHARLOTTE,MULTI FAMILY,Multi-family,1.955,167700,3,1,https://polaris3g.mecklenburgcountync.gov/?pid=07114340
02730140,MECKLENBURG COUNTY,County government,10042 AVON FARM LN CHARLOTTE NC,CHARLOTTE,SINGLE FAMILY RESIDENTIAL,Single-family homes,0.103,80000,3,2,https://polaris3g.mecklenburgcountync.gov/?pid=02730140
13110208,MECKLENBURG COUNTY,County government,3827 WINFIELD DR CHARLOTTE NC,CHARLOTTE,FLUM/SWIM FLOODWAY (NO BUILD ZONE),"Vacant, floodplain & farm",0.262,127500,3,1,https://polaris3g.mecklenburgcountync.gov/?pid=13110208
03523356,MECKLENBURG COUNTY,County government,JORDANS POND LN CHARLOTTE NC,CHARLOTTE,SINGLE FAMILY RESIDENTIAL,Single-family homes,0.226,75000,3,2,https://polaris3g.mecklenburgcountync.gov/?pid=03523356
17517512,MECKLENBURG COUNTY,County government,325 ROCKLYN PL CHARLOTTE NC,CHARLOTTE,GREENWAY TRAIL,"Public land, ROW & utility",0.242,630000,3,0,https://polaris3g.mecklenburgcountync.gov/?pid=17517512
18507106,MECKLENBURG COUNTY,County government,5000 ADDISON DR CHARLOTTE NC,CHARLOTTE,FLUM/SWIM FLOODWAY (NO BUILD ZONE),"Vacant, floodplain & farm",0.398,90000,3,1,https://polaris3g.mecklenburgcountync.gov/?pid=18507106
17511223,MECKLENBURG COUNTY,County government,MANNING DR CHARLOTTE NC,CHARLOTTE,FLUM/SWIM FLOODWAY (NO BUILD ZONE),"Vacant, floodplain & farm",0.270,168000,3,1,https://polaris3g.mecklenburgcountync.gov/?pid=17511223
00147118,MECKLENBURG COUNTY,County government,19000 JETTON RD CORNELIUS NC,CORNELIUS,REC AREA,"Public land, ROW & utility",85.130,50168500,3,2,https://polaris3g.mecklenburgcountync.gov/?pid=00147118
21309119,MECKLENBURG COUNTY,County government,OLD BELL RD CHARLOTTE NC,CHARLOTTE,GREENWAY TRAIL,"Public land, ROW & utility",0.820,47900,3,0,https://polaris3g.mecklenburgcountync.gov/?pid=21309119
19356199,MECKLENBURG COUNTY,County government,KREFELD DR CHARLOTTE NC,CHARLOTTE,MULTI FAMILY,Multi-family,0.787,411600,3,2,https://polaris3g.mecklenburgcountync.gov/?pid=19356199
06905108,MECKLENBURG COUNTY,County government,832 SELDON DR CHARLOTTE NC,CHARLOTTE,SINGLE FAMILY RESIDENTIAL,Single-family homes,0.193,113800,3,2,https://polaris3g.mecklenburgcountync.gov/?pid=06905108
16302155,MECKLENBURG COUNTY,County government,5701 MONROE RD CHARLOTTE NC,CHARLOTTE,OFFICE,Commercial & office,0.453,444600,3,1,https://polaris3g.mecklenburgcountync.gov/?pid=16302155
16915525,MECKLENBURG COUNTY,County government,REYNOLDS AV CHARLOTTE NC,CHARLOTTE,OTHER COUNTY PROPERTY,"Public land, ROW & utility",0.492,28700,3,0,https://polaris3g.mecklenburgcountync.gov/?pid=16915525
00182122,MECKLENBURG COUNTY,County government,N C 73 HY CORNELIUS NC,CORNELIUS,SINGLE FAMILY RESIDENTIAL - ACREAGE,Single-family homes,1.914,330000,3,2,https://polaris3g.mecklenburgcountync.gov/?pid=00182122
06701401,MECKLENBURG COUNTY,County government,1701 W MOREHEAD ST CHARLOTTE NC,CHARLOTTE,REC AREA,"Public land, ROW & utility",6.969,4449600,3,1,https://polaris3g.mecklenburgcountync.gov/?pid=06701401
22916185,MECKLENBURG COUNTY,County government,5410 CAMP VERDE LN UNINC NC,CHARLOTTE,OTHER COUNTY PROPERTY,"Public land, ROW & utility",21.057,17864600,3,3,https://polaris3g.mecklenburgcountync.gov/?pid=22916185
17314223,MECKLENBURG COUNTY,County government,2810 SPRING VALLEY RD CHARLOTTE NC,CHARLOTTE,SINGLE FAMILY RESIDENTIAL,Single-family homes,0.393,209000,3,2,https://polaris3g.mecklenburgcountync.gov/?pid=17314223
08109502,MECKLENBURG COUNTY,County government,1222 N ALEXANDER ST CHARLOTTE NC,CHARLOTTE,REC AREA,"Public land, ROW & utility",0.174,175000,3,0,https://polaris3g.mecklenburgcountync.gov/?pid=08109502
10311202,MECKLENBURG COUNTY,County government,1228 JENKINS DR CHARLOTTE NC,CHARLOTTE,SINGLE FAMILY RESIDENTIAL,Single-family homes,0.399,52500,3,3,https://polaris3g.mecklenburgcountync.gov/?pid=10311202
01302416,MECKLENBURG COUNTY,County government,5716 PAMELA ST HUNTERSVILLE NC,HUNTERSVILLE,OTHER COUNTY PROPERTY,"Public land, ROW & utility",0.230,85000,3,0,https://polaris3g.mecklenburgcountync.gov/?pid=01302416
01302443,MECKLENBURG COUNTY,County government,5924 PAMELA ST HUNTERSVILLE NC,HUNTERSVILLE,SINGLE FAMILY RESIDENTIAL,Single-family homes,0.180,22500,3,0,https://polaris3g.mecklenburgcountync.gov/?pid=01302443
01302420,MECKLENBURG COUNTY,County government,5704 PAMELA ST HUNTERSVILLE NC,HUNTERSVILLE,OTHER COUNTY PROPERTY,"Public land, ROW & utility",0.548,62500,3,0,https://polaris3g.mecklenburgcountync.gov/?pid=01302420
01302424,MECKLENBURG COUNTY,County government,5709 PAMELA ST HUNTERSVILLE NC,HUNTERSVILLE,OTHER COUNTY PROPERTY,"Public land, ROW & utility",0.241,22500,3,0,https://polaris3g.mecklenburgcountync.gov/?pid=01302424
01509113,MECKLENBURG COUNTY,County government,7926 GILEAD RD HUNTERSVILLE NC,HUNTERSVILLE,OTHER COUNTY PROPERTY,"Public land, ROW & utility",1.516,14900,3,1,https://polaris3g.mecklenburgcountync.gov/?pid=01509113
09510265,MECKLENBURG COUNTY,County government,3008 HARBINGER CT CHARLOTTE NC,CHARLOTTE,SINGLE FAMILY RESIDENTIAL,Single-family homes,0.235,180000,3,0,https://polaris3g.mecklenburgcountync.gov/?pid=09510265
12520106,CHARLOTTE-MECKLENBURG HOSPITAL AUTHORITY,Hospital Authority (Atrium),1011 E MOREHEAD ST CHARLOTTE NC,CHARLOTTE,OFFICE,Commercial & office,0.724,5950200,3,3,https://polaris3g.mecklenburgcountync.gov/?pid=12520106
05522283,MECKLENBURG COUNTY,County government,PAW VILLAGE RD CHARLOTTE NC,CHARLOTTE,SINGLE FAMILY RESIDENTIAL - COMMON,HOA common area,1.523,0,3,3,https://polaris3g.mecklenburgcountync.gov/?pid=05522283
06514108,MECKLENBURG COUNTY,County government,4015 BARLOWE RD CHARLOTTE NC,CHARLOTTE,SINGLE FAMILY RESIDENTIAL,Single-family homes,0.233,13500,3,1,https://polaris3g.mecklenburgcountync.gov/?pid=06514108
16722399,MECKLENBURG COUNTY,County government,LAND GRANT RD CHARLOTTE NC,CHARLOTTE,SINGLE FAMILY RESIDENTIAL,Single-family homes,0.161,58500,3,2,https://polaris3g.mecklenburgcountync.gov/?pid=16722399
07102247,MECKLENBURG COUNTY,County government,225 WALNUT AV CHARLOTTE NC,CHARLOTTE,"UTILITY (GAS, ELECTRIC, TELEPHONE, TELEGRAPH, RAIL","Public land, ROW & utility",1.000,580000,3,3,https://polaris3g.mecklenburgcountync.gov/?pid=07102247
07504234,MECKLENBURG COUNTY,County government,1807 CATHERINE SIMMONS AV CHARLOTTE NC,CHARLOTTE,REC AREA,"Public land, ROW & utility",0.167,22200,3,0,https://polaris3g.mecklenburgcountync.gov/?pid=07504234
07504201,MECKLENBURG COUNTY,County government,2128 MADRID ST CHARLOTTE NC,CHARLOTTE,REC AREA,"Public land, ROW & utility",0.171,22200,3,0,https://polaris3g.mecklenburgcountync.gov/?pid=07504201
07508331,CHARLOTTE MECKLENBURG BOARD OF EDUCATION,CMS (Board of Education),1112 MULBERRY AV CHARLOTTE NC,CHARLOTTE,SINGLE FAMILY RESIDENTIAL,Single-family homes,0.291,82500,3,0,https://polaris3g.mecklenburgcountync.gov/?pid=07508331
08109408,MECKLENBURG COUNTY,County government,719 BELMONT AV CHARLOTTE NC,CHARLOTTE,REC AREA,"Public land, ROW & utility",0.681,433600,3,3,https://polaris3g.mecklenburgcountync.gov/?pid=08109408
00713293,CHARLOTTE MECKLENBURG BOARD OF EDUCATION,CMS (Board of Education),MEETINGHOUSE DR CORNELIUS NC,CORNELIUS,SINGLE FAMILY RESIDENTIAL - ACREAGE,Single-family homes,1.130,272900,3,1,https://polaris3g.mecklenburgcountync.gov/?pid=00713293
09911621,MECKLENBURG COUNTY,County government,5409 DOLPHIN LN CHARLOTTE NC,CHARLOTTE,SINGLE FAMILY RESIDENTIAL,Single-family homes,0.357,121600,3,0,https://polaris3g.mecklenburgcountync.gov/?pid=09911621
14505104,MECKLENBURG COUNTY,County government,3038 BANK ST CHARLOTTE NC,CHARLOTTE,SCHOOL - PUBLIC,Institutional,0.218,71500,3,1,https://polaris3g.mecklenburgcountync.gov/?pid=14505104
08303113,MECKLENBURG COUNTY,County government,3110 CULLMAN AV CHARLOTTE NC,CHARLOTTE,OTHER COUNTY PROPERTY,"Public land, ROW & utility",0.756,474400,3,2,https://polaris3g.mecklenburgcountync.gov/?pid=08303113
22116157,MECKLENBURG COUNTY,County government,404 VISTA GRANDE CR CHARLOTTE NC,CHARLOTTE,MULTI FAMILY,Multi-family,0.274,37500,3,1,https://polaris3g.mecklenburgcountync.gov/?pid=22116157
11123307,CHARLOTTE MECKLENBURG BOARD OF EDUCATION,CMS (Board of Education),13501 ALBEMARLE RD UNINC NC,MECKLENBURG COUNTY-UNINCORPORATED,SCHOOL - PUBLIC,Institutional,17.266,8248800,3,3,https://polaris3g.mecklenburgcountync.gov/?pid=11123307
11705202,CHARLOTTE MECKLENBURG BOARD OF EDUCATION,CMS (Board of Education),3201 WILKINSON BV CHARLOTTE NC,CHARLOTTE,OTHER COUNTY PROPERTY,"Public land, ROW & utility",2.793,2385000,3,2,https://polaris3g.mecklenburgcountync.gov/?pid=11705202
16915531,MECKLENBURG COUNTY,County government,REYNOLDS AV CHARLOTTE NC,CHARLOTTE,OTHER COUNTY PROPERTY,"Public land, ROW & utility",0.266,15500,3,0,https://polaris3g.mecklenburgcountync.gov/?pid=16915531
13314114,MECKLENBURG COUNTY,County government,EXECUTIVE CENTER DR CHARLOTTE NC,CHARLOTTE,100 YEAR FLOOD PLAIN - AC,"Vacant, floodplain & farm",1.042,56400,3,1,https://polaris3g.mecklenburgcountync.gov/?pid=13314114
06907616,MECKLENBURG COUNTY,County government,LAKEWOOD AV CHARLOTTE NC,CHARLOTTE,OTHER COUNTY PROPERTY,"Public land, ROW & utility",0.052,0,3,1,https://polaris3g.mecklenburgcountync.gov/?pid=06907616
06908105,MECKLENBURG COUNTY,County government,MELITA AV CHARLOTTE NC,CHARLOTTE,SINGLE FAMILY RESIDENTIAL,Single-family homes,0.162,7900,3,3,https://polaris3g.mecklenburgcountync.gov/?pid=06908105
08002305,CHARLOTTE MECKLENBURG PUBLIC LIBRARY,Library / ABC / Landmarks,310 N TRYON ST CHARLOTTE NC,CHARLOTTE,COMMERCIAL,Commercial & office,0.663,32282400,3,0,https://polaris3g.mecklenburgcountync.gov/?pid=08002305
16915517,MECKLENBURG COUNTY,County government,REYNOLDS AV CHARLOTTE NC,CHARLOTTE,OTHER COUNTY PROPERTY,"Public land, ROW & utility",0.663,38700,3,0,https://polaris3g.mecklenburgcountync.gov/?pid=16915517
13314104,MECKLENBURG COUNTY,County government,ALBEMARLE RD CHARLOTTE NC,CHARLOTTE,100 YEAR FLOOD PLAIN - AC,"Vacant, floodplain & farm",0.569,91100,3,2,https://polaris3g.mecklenburgcountync.gov/?pid=13314104
09904161,MECKLENBURG COUNTY,County government,THE PLAZA CHARLOTTE NC,CHARLOTTE,SINGLE FAMILY RESIDENTIAL,Single-family homes,0.242,76500,3,2,https://polaris3g.mecklenburgcountync.gov/?pid=09904161
00911127,MECKLENBURG COUNTY,County government,OLD STATESVILLE RD HUNTERSVILLE NC,HUNTERSVILLE,OTHER COUNTY PROPERTY,"Public land, ROW & utility",1.008,70200,3,1,https://polaris3g.mecklenburgcountync.gov/?pid=00911127
09908110,MECKLENBURG COUNTY,County government,5135 DOLPHIN LN CHARLOTTE NC,CHARLOTTE,SINGLE FAMILY RESIDENTIAL,Single-family homes,0.354,121600,3,1,https://polaris3g.mecklenburgcountync.gov/?pid=09908110
09906301,MECKLENBURG COUNTY,County government,2224 JENNIE LINN DR CHARLOTTE NC,CHARLOTTE,SINGLE FAMILY RESIDENTIAL,Single-family homes,0.292,58500,3,3,https://polaris3g.mecklenburgcountync.gov/?pid=09906301
06908119,MECKLENBURG COUNTY,County government,CELIA AV CHARLOTTE NC,CHARLOTTE,OTHER COUNTY PROPERTY,"Public land, ROW & utility",0.143,8800,3,3,https://polaris3g.mecklenburgcountync.gov/?pid=06908119
03523386,MECKLENBURG COUNTY,County government,SENEY DR CHARLOTTE NC,CHARLOTTE,"WASTELAND, SLIVERS, GULLIES, ROCK OUTCROP","Vacant, floodplain & farm",0.052,800,3,2,https://polaris3g.mecklenburgcountync.gov/?pid=03523386
01521402,MECKLENBURG COUNTY,County government,10048 JANEIRO DR HUNTERSVILLE NC,HUNTERSVILLE,SINGLE FAMILY RESIDENTIAL,Single-family homes,0.686,97800,3,1,https://polaris3g.mecklenburgcountync.gov/?pid=01521402
01510443,MECKLENBURG COUNTY,County government,9110 CULCAIRN RD HUNTERSVILLE NC,HUNTERSVILLE,FLUM/SWIM FLOODWAY (NO BUILD ZONE),"Vacant, floodplain & farm",0.515,8000,3,1,https://polaris3g.mecklenburgcountync.gov/?pid=01510443
15704101,MECKLENBURG COUNTY,County government,3212 LEROY ST CHARLOTTE NC,CHARLOTTE,OTHER COUNTY PROPERTY,"Public land, ROW & utility",1.583,1192300,3,0,https://polaris3g.mecklenburgcountync.gov/?pid=15704101
07707610,MECKLENBURG COUNTY,County government,1436 NORRIS AV CHARLOTTE NC,CHARLOTTE,REC AREA,"Public land, ROW & utility",0.186,85000,3,0,https://polaris3g.mecklenburgcountync.gov/?pid=07707610
22903116,MECKLENBURG COUNTY,County government,MARVIN RD CHARLOTTE NC,CHARLOTTE,OTHER COUNTY PROPERTY,"Public land, ROW & utility",3.444,186300,3,2,https://polaris3g.mecklenburgcountync.gov/?pid=22903116
08108413,MECKLENBURG COUNTY,County government,1015 MCADEN ST CHARLOTTE NC,CHARLOTTE,GREENWAY TRAIL,"Public land, ROW & utility",0.390,237200,3,2,https://polaris3g.mecklenburgcountync.gov/?pid=08108413
05132201,MECKLENBURG COUNTY,County government,2117 KATHERINE KIKER RD CHARLOTTE NC,CHARLOTTE,GREENWAY TRAIL,"Public land, ROW & utility",0.628,20300,3,1,https://polaris3g.mecklenburgcountync.gov/?pid=05132201
14508119,MECKLENBURG COUNTY,County government,REVOLUTION PARK DR CHARLOTTE NC,CHARLOTTE,REC AREA,"Public land, ROW & utility",1.720,179200,3,0,https://polaris3g.mecklenburgcountync.gov/?pid=14508119
06909413,MECKLENBURG COUNTY,County government,2726 CELIA AV CHARLOTTE NC,CHARLOTTE,SINGLE FAMILY RESIDENTIAL,Single-family homes,0.311,52500,3,1,https://polaris3g.mecklenburgcountync.gov/?pid=06909413
06908406,MECKLENBURG COUNTY,County government,DAWSON AV CHARLOTTE NC,CHARLOTTE,SINGLE FAMILY RESIDENTIAL,Single-family homes,0.142,12600,3,1,https://polaris3g.mecklenburgcountync.gov/?pid=06908406
07703101,CHARLOTTE MECKLENBURG BOARD OF EDUCATION,CMS (Board of Education),TIPTON DR CHARLOTTE NC,CHARLOTTE,OTHER COUNTY PROPERTY,"Public land, ROW & utility",2.875,630400,3,2,https://polaris3g.mecklenburgcountync.gov/?pid=07703101
08303114,MECKLENBURG COUNTY,County government,3100 CULLMAN AV CHARLOTTE NC,CHARLOTTE,OTHER MUNICIPAL,"Public land, ROW & utility",2.739,686500,3,2,https://polaris3g.mecklenburgcountync.gov/?pid=08303114
08901402,MECKLENBURG COUNTY,County government,145 WELLINGFORD ST CHARLOTTE NC,CHARLOTTE,SINGLE FAMILY RESIDENTIAL,Single-family homes,0.172,47500,3,0,https://polaris3g.mecklenburgcountync.gov/?pid=08901402
09312526,MECKLENBURG COUNTY,County government,2917 DUNLAVIN WY CHARLOTTE NC,CHARLOTTE,OTHER COUNTY PROPERTY,"Public land, ROW & utility",0.331,93500,3,1,https://polaris3g.mecklenburgcountync.gov/?pid=09312526
11114333,MECKLENBURG COUNTY,County government,7406 GWYNNE HILL RD CHARLOTTE NC,CHARLOTTE,SINGLE FAMILY RESIDENTIAL,Single-family homes,0.538,40000,3,2,https://polaris3g.mecklenburgcountync.gov/?pid=11114333
06511110,MECKLENBURG COUNTY,County government,831 NORWOOD DR CHARLOTTE NC,CHARLOTTE,SINGLE FAMILY RESIDENTIAL,Single-family homes,0.277,118800,3,2,https://polaris3g.mecklenburgcountync.gov/?pid=06511110
22721198,CHARLOTTE MECKLENBURG BOARD OF EDUCATION,CMS (Board of Education),E MCDOWELL ST MATTHEWS NC,MATTHEWS,SCHOOL - PUBLIC,Institutional,0.349,114300,3,2,https://polaris3g.mecklenburgcountync.gov/?pid=22721198
06907619,MECKLENBURG COUNTY,County government,LAKEWOOD AV CHARLOTTE NC,CHARLOTTE,OTHER COUNTY PROPERTY,"Public land, ROW & utility",0.052,0,3,1,https://polaris3g.mecklenburgcountync.gov/?pid=06907619
14117130,CHARLOTTE MECKLENBURG BOARD OF EDUCATION,CMS (Board of Education),5910 DIXIE RIVER RD CHARLOTTE NC,CHARLOTTE,SCHOOL - PUBLIC,Institutional,11.441,12594300,3,1,https://polaris3g.mecklenburgcountync.gov/?pid=14117130
08303110,MECKLENBURG COUNTY,County government,3144 CULLMAN AV CHARLOTTE NC,CHARLOTTE,OTHER COUNTY PROPERTY,"Public land, ROW & utility",0.879,496600,3,2,https://polaris3g.mecklenburgcountync.gov/?pid=08303110
14533111,CHARLOTTE MECKLENBURG BOARD OF EDUCATION,CMS (Board of Education),4335 STUART ANDREW BV CHARLOTTE NC,CHARLOTTE,INDUSTRIAL,Industrial & warehouse,3.674,6100600,3,2,https://polaris3g.mecklenburgcountync.gov/?pid=14533111
04301118,MECKLENBURG COUNTY,County government,6112 CARVER BV CHARLOTTE NC,CHARLOTTE,SINGLE FAMILY RESIDENTIAL,Single-family homes,1.118,70000,3,1,https://polaris3g.mecklenburgcountync.gov/?pid=04301118
11509104,MECKLENBURG COUNTY,County government,4401 WILKINSON BV CHARLOTTE NC,CHARLOTTE,OTHER COUNTY PROPERTY,"Public land, ROW & utility",0.930,1469700,3,0,https://polaris3g.mecklenburgcountync.gov/?pid=11509104
11911702,MECKLENBURG COUNTY,County government,900 SPRUCE ST CHARLOTTE NC,CHARLOTTE,OTHER COUNTY PROPERTY,"Public land, ROW & utility",1.272,382500,3,3,https://polaris3g.mecklenburgcountync.gov/?pid=11911702
16722158,MECKLENBURG COUNTY,County government,6433 MOUNTING ROCK RD CHARLOTTE NC,CHARLOTTE,SINGLE FAMILY RESIDENTIAL,Single-family homes,0.223,298400,3,0,https://polaris3g.mecklenburgcountync.gov/?pid=16722158
20920104,CHARLOTTE MECKLENBURG BOARD OF EDUCATION,CMS (Board of Education),2901 SMITHFIELD CHURCH RD CHARLOTTE NC,CHARLOTTE,SCHOOL - PUBLIC,Institutional,28.033,21789100,3,3,https://polaris3g.mecklenburgcountync.gov/?pid=20920104
03116209,MECKLENBURG COUNTY,County government,1224 RIVERSIDE DR CHARLOTTE NC,CHARLOTTE,SINGLE FAMILY RESIDENTIAL,Single-family homes,0.291,176300,3,1,https://polaris3g.mecklenburgcountync.gov/?pid=03116209
13715117,CHARLOTTE MECKLENBURG HOSPITAL AUTHORITY,Hospital Authority (Atrium),10533 BLAIR RD MINT HILL NC,MINT HILL,HOSPITALS - PUBLIC,Institutional,0.327,77300,3,0,https://polaris3g.mecklenburgcountync.gov/?pid=13715117
00182125,MECKLENBURG COUNTY,County government,15951 N C 73 HY CORNELIUS NC,CORNELIUS,SINGLE FAMILY RESIDENTIAL - WATERFRONT,Single-family homes,4.033,2772400,3,2,https://polaris3g.mecklenburgcountync.gov/?pid=00182125
16915114,MECKLENBURG COUNTY,County government,REYNOLDS AV CHARLOTTE NC,CHARLOTTE,OTHER COUNTY PROPERTY,"Public land, ROW & utility",0.355,20800,3,1,https://polaris3g.mecklenburgcountync.gov/?pid=16915114
06706106,MECKLENBURG COUNTY,County government,2200 MONUMENT ST CHARLOTTE NC,CHARLOTTE,OTHER COUNTY PROPERTY,"Public land, ROW & utility",0.363,208800,3,2,https://polaris3g.mecklenburgcountync.gov/?pid=06706106
07107804,MECKLENBURG COUNTY,County government,TUCKASEEGEE RD CHARLOTTE NC,CHARLOTTE,REC AREA,"Public land, ROW & utility",0.818,207000,3,1,https://polaris3g.mecklenburgcountync.gov/?pid=07107804
02312230,MECKLENBURG COUNTY,County government,4420 HOYT GALVIN WY UNINC NC,MECKLENBURG COUNTY-UNINCORPORATED,COMMERCIAL,Commercial & office,1.235,3002300,3,3,https://polaris3g.mecklenburgcountync.gov/?pid=02312230
00307105,MECKLENBURG COUNTY,County government,20416 SHEARER RD UNINC NC,MECKLENBURG COUNTY-UNINCORPORATED,SINGLE FAMILY RESIDENTIAL,Single-family homes,0.658,210100,3,1,https://polaris3g.mecklenburgcountync.gov/?pid=00307105
00502112,MECKLENBURG COUNTY,County government,18227 OLD STATESVILLE RD CORNELIUS NC,CORNELIUS,OTHER COUNTY PROPERTY,"Public land, ROW & utility",0.461,171800,3,0,https://polaris3g.mecklenburgcountync.gov/?pid=00502112
07845405,MECKLENBURG COUNTY,County government,500 SPRATT ST CHARLOTTE NC,CHARLOTTE,OTHER COUNTY PROPERTY,"Public land, ROW & utility",3.555,8122200,3,2,https://polaris3g.mecklenburgcountync.gov/?pid=07845405
16722302,MECKLENBURG COUNTY,County government,6617 MOUNTING ROCK RD CHARLOTTE NC,CHARLOTTE,SINGLE FAMILY RESIDENTIAL,Single-family homes,0.234,65000,3,1,https://polaris3g.mecklenburgcountync.gov/?pid=16722302
17517325,MECKLENBURG COUNTY,County government,3216 WESTFIELD RD CHARLOTTE NC,CHARLOTTE,GREENWAY TRAIL,"Public land, ROW & utility",0.222,630000,3,0,https://polaris3g.mecklenburgcountync.gov/?pid=17517325
08901410,MECKLENBURG COUNTY,County government,229 WELLINGFORD ST CHARLOTTE NC,CHARLOTTE,SINGLE FAMILY RESIDENTIAL,Single-family homes,0.172,47500,3,0,https://polaris3g.mecklenburgcountync.gov/?pid=08901410
19302205,MECKLENBURG COUNTY,County government,DRIFTER DR CHARLOTTE NC,CHARLOTTE,100 YEAR FLOOD PLAIN - AC,"Vacant, floodplain & farm",0.201,11800,3,3,https://polaris3g.mecklenburgcountync.gov/?pid=19302205
08901408,MECKLENBURG COUNTY,County government,217 WELLINGFORD ST CHARLOTTE NC,CHARLOTTE,SINGLE FAMILY RESIDENTIAL,Single-family homes,0.172,47500,3,0,https://polaris3g.mecklenburgcountync.gov/?pid=08901408
08902202,MECKLENBURG COUNTY,County government,224 MELLOW DR CHARLOTTE NC,CHARLOTTE,SINGLE FAMILY RESIDENTIAL,Single-family homes,0.216,47500,3,1,https://polaris3g.mecklenburgcountync.gov/?pid=08902202
19945215,MECKLENBURG COUNTY,County government,15332 YORK RD UNINC NC,MECKLENBURG COUNTY-UNINCORPORATED,SINGLE FAMILY RESIDENTIAL - ACREAGE,Single-family homes,9.473,510000,3,0,https://polaris3g.mecklenburgcountync.gov/?pid=19945215
04301140,MECKLENBURG COUNTY,County government,6513 ROCKWELL CHURCH RD CHARLOTTE NC,CHARLOTTE,MULTI FAMILY,Multi-family,0.222,48100,3,2,https://polaris3g.mecklenburgcountync.gov/?pid=04301140
09310710,CHARLOTTE-MECKLENBURG BOARD OF EDUCATION,CMS (Board of Education),3301 COUNTRY CLUB DR CHARLOTTE NC,CHARLOTTE,SCHOOL - PUBLIC,Institutional,10.479,23759100,3,3,https://polaris3g.mecklenburgcountync.gov/?pid=09310710
09313413,MECKLENBURG COUNTY,County government,3125 DUNLAVIN WY CHARLOTTE NC,CHARLOTTE,OTHER COUNTY PROPERTY,"Public land, ROW & utility",0.263,93500,3,1,https://polaris3g.mecklenburgcountync.gov/?pid=09313413
22102120,MECKLENBURG COUNTY,County government,109 REID LN PINEVILLE NC,PINEVILLE,MULTI FAMILY,Multi-family,3.484,729300,3,2,https://polaris3g.mecklenburgcountync.gov/?pid=22102120
21309116,MECKLENBURG COUNTY,County government,OLD BELL RD CHARLOTTE NC,CHARLOTTE,GREENWAY TRAIL,"Public land, ROW & utility",1.327,61600,3,1,https://polaris3g.mecklenburgcountync.gov/?pid=21309116
06706101,CHARLOTTE MECKLENBURG HISTORICAL LANDMARKS COMMISION,Library / ABC / Landmarks,REMOUNT RD CHARLOTTE NC,CHARLOTTE,OTHER COUNTY PROPERTY,"Public land, ROW & utility",0.358,144000,3,2,https://polaris3g.mecklenburgcountync.gov/?pid=06706101
01302426,MECKLENBURG COUNTY,County government,5717 PAMELA ST HUNTERSVILLE NC,HUNTERSVILLE,OTHER COUNTY PROPERTY,"Public land, ROW & utility",0.302,47500,3,0,https://polaris3g.mecklenburgcountync.gov/?pid=01302426
01303223,MECKLENBURG COUNTY,County government,5201 NECK RD HUNTERSVILLE NC,HUNTERSVILLE,SINGLE FAMILY RESIDENTIAL - ACREAGE,Single-family homes,12.405,546600,3,3,https://polaris3g.mecklenburgcountync.gov/?pid=01303223
01302431,MECKLENBURG COUNTY,County government,5809 PAMELA ST HUNTERSVILLE NC,HUNTERSVILLE,OTHER COUNTY PROPERTY,"Public land, ROW & utility",0.286,25000,3,0,https://polaris3g.mecklenburgcountync.gov/?pid=01302431
17108222,MECKLENBURG COUNTY,County government,1131 MOCKINGBIRD LN CHARLOTTE NC,CHARLOTTE,FLUM/SWIM FLOODWAY (NO BUILD ZONE),"Vacant, floodplain & farm",0.418,261300,3,2,https://polaris3g.mecklenburgcountync.gov/?pid=17108222
08303125,MECKLENBURG COUNTY,County government,3211 CULLMAN AV CHARLOTTE NC,CHARLOTTE,OTHER COUNTY PROPERTY,"Public land, ROW & utility",0.217,306200,3,1,https://polaris3g.mecklenburgcountync.gov/?pid=08303125
19951101,PUBLIC LIBRARY OF CHARLOTTE & MECKLENBURG COUNTY,Library / ABC / Landmarks,13620 STEELE CREEK RD CHARLOTTE NC,CHARLOTTE,OTHER COUNTY PROPERTY,"Public land, ROW & utility",2.772,4868500,3,1,https://polaris3g.mecklenburgcountync.gov/?pid=19951101
22353142,MECKLENBURG COUNTY,County government,LANCASTER HY CHARLOTTE NC,CHARLOTTE,REC AREA,"Public land, ROW & utility",1.580,246400,3,3,https://polaris3g.mecklenburgcountync.gov/?pid=22353142
09915218,MECKLENBURG COUNTY,County government,5400 GALWAY DR CHARLOTTE NC,CHARLOTTE,SINGLE FAMILY RESIDENTIAL,Single-family homes,0.309,80000,3,2,https://polaris3g.mecklenburgcountync.gov/?pid=09915218
12312403,CHARLOTTE MECKLENBURG HOSPITAL AUTHORITY,Hospital Authority (Atrium),1322 SCOTT AV CHARLOTTE NC,CHARLOTTE,OFFICE,Commercial & office,0.370,1671700,3,0,https://polaris3g.mecklenburgcountync.gov/?pid=12312403
16512199,MECKLENBURG COUNTY,County government,E W T HARRIS BV CHARLOTTE NC,CHARLOTTE,"WASTELAND, SLIVERS, GULLIES, ROCK OUTCROP","Vacant, floodplain & farm",0.023,700,3,3,https://polaris3g.mecklenburgcountync.gov/?pid=16512199
06909305,MECKLENBURG COUNTY,County government,1619 MARIBEL AV CHARLOTTE NC,CHARLOTTE,SINGLE FAMILY RESIDENTIAL,Single-family homes,0.093,50600,3,2,https://polaris3g.mecklenburgcountync.gov/?pid=06909305
07113116,MECKLENBURG COUNTY,County government,2753 CORONET WY CHARLOTTE NC,CHARLOTTE,SINGLE FAMILY RESIDENTIAL,Single-family homes,0.254,125000,3,2,https://polaris3g.mecklenburgcountync.gov/?pid=07113116
07707511,MECKLENBURG COUNTY,County government,936 RODEY AV CHARLOTTE NC,CHARLOTTE,REC AREA,"Public land, ROW & utility",0.174,85000,3,0,https://polaris3g.mecklenburgcountync.gov/?pid=07707511
09313419,MECKLENBURG COUNTY,County government,1730 EASTWAY DR CHARLOTTE NC,CHARLOTTE,SINGLE FAMILY RESIDENTIAL,Single-family homes,0.290,77000,3,2,https://polaris3g.mecklenburgcountync.gov/?pid=09313419
08901405,MECKLENBURG COUNTY,County government,205 WELLINGFORD ST CHARLOTTE NC,CHARLOTTE,SINGLE FAMILY RESIDENTIAL,Single-family homes,0.172,47500,3,0,https://polaris3g.mecklenburgcountync.gov/?pid=08901405
09908422,MECKLENBURG COUNTY,County government,1812 SHANNONHOUSE DR CHARLOTTE NC,CHARLOTTE,SINGLE FAMILY RESIDENTIAL,Single-family homes,0.371,76000,3,2,https://polaris3g.mecklenburgcountync.gov/?pid=09908422
09720143,MECKLENBURG COUNTY,County government,BANFSHIRE RD CHARLOTTE NC,CHARLOTTE,OTHER COUNTY PROPERTY,"Public land, ROW & utility",0.053,13400,3,2,https://polaris3g.mecklenburgcountync.gov/?pid=09720143
01301811,MECKLENBURG COUNTY,County government,12145 FLATBUSH DR HUNTERSVILLE NC,HUNTERSVILLE,SINGLE FAMILY RESIDENTIAL,Single-family homes,0.180,50000,3,2,https://polaris3g.mecklenburgcountync.gov/?pid=01301811
01927108,MECKLENBURG COUNTY,County government,OLD VERMILLION DR HUNTERSVILLE NC,HUNTERSVILLE,OTHER COUNTY PROPERTY,"Public land, ROW & utility",5.784,294800,3,2,https://polaris3g.mecklenburgcountync.gov/?pid=01927108
17502101,MECKLENBURG COUNTY,County government,2726 CHILTON PL CHARLOTTE NC,CHARLOTTE,SINGLE FAMILY RESIDENTIAL,Single-family homes,0.810,577500,3,2,https://polaris3g.mecklenburgcountync.gov/?pid=17502101
14517212,MECKLENBURG COUNTY,County government,AMAY JAMES AV CHARLOTTE NC,CHARLOTTE,SINGLE FAMILY RESIDENTIAL,Single-family homes,0.375,125000,3,0,https://polaris3g.mecklenburgcountync.gov/?pid=14517212
06902715,MECKLENBURG COUNTY,County government,2601 ROSLYN AV CHARLOTTE NC,CHARLOTTE,SINGLE FAMILY RESIDENTIAL,Single-family homes,0.230,121900,3,0,https://polaris3g.mecklenburgcountync.gov/?pid=06902715
07504214,MECKLENBURG COUNTY,County government,2113 HAINES ST CHARLOTTE NC,CHARLOTTE,REC AREA,"Public land, ROW & utility",0.171,22200,3,0,https://polaris3g.mecklenburgcountync.gov/?pid=07504214
19503104,MECKLENBURG COUNTY,County government,4101 MINTWOOD DR MINT HILL NC,MINT HILL,SINGLE FAMILY RESIDENTIAL - ACREAGE,Single-family homes,29.332,1654800,3,2,https://polaris3g.mecklenburgcountync.gov/?pid=19503104
17511224,MECKLENBURG COUNTY,County government,233 MANNING DR CHARLOTTE NC,CHARLOTTE,SINGLE FAMILY RESIDENTIAL,Single-family homes,0.228,168000,3,1,https://polaris3g.mecklenburgcountync.gov/?pid=17511224
03523550,MECKLENBURG COUNTY,County government,RED BUD CR CHARLOTTE NC,CHARLOTTE,SINGLE FAMILY RESIDENTIAL,Single-family homes,0.329,75000,3,3,https://polaris3g.mecklenburgcountync.gov/?pid=03523550
03116212,MECKLENBURG COUNTY,County government,1206 RIVERSIDE DR CHARLOTTE NC,CHARLOTTE,SINGLE FAMILY RESIDENTIAL,Single-family homes,0.348,182500,3,1,https://polaris3g.mecklenburgcountync.gov/?pid=03116212
06902722,MECKLENBURG COUNTY,County government,2629 ROSLYN AV CHARLOTTE NC,CHARLOTTE,SINGLE FAMILY RESIDENTIAL,Single-family homes,0.241,121900,3,0,https://polaris3g.mecklenburgcountync.gov/?pid=06902722
08303124,MECKLENBURG COUNTY,County government,3209 CULLMAN AV CHARLOTTE NC,CHARLOTTE,OTHER COUNTY PROPERTY,"Public land, ROW & utility",0.207,290700,3,1,https://polaris3g.mecklenburgcountync.gov/?pid=08303124
09510103,MECKLENBURG COUNTY,County government,3019 HARBINGER CT CHARLOTTE NC,CHARLOTTE,SINGLE FAMILY RESIDENTIAL,Single-family homes,0.242,180000,3,2,https://polaris3g.mecklenburgcountync.gov/?pid=09510103
08110314,MECKLENBURG COUNTY,County government,620 E 18TH ST CHARLOTTE NC,CHARLOTTE,REC AREA,"Public land, ROW & utility",0.171,332500,3,2,https://polaris3g.mecklenburgcountync.gov/?pid=08110314
16308314,MECKLENBURG COUNTY,County government,4849 STAFFORD CR CHARLOTTE NC,CHARLOTTE,FLUM/SWIM FLOODWAY (NO BUILD ZONE),"Vacant, floodplain & farm",0.571,285000,3,2,https://polaris3g.mecklenburgcountync.gov/?pid=16308314
01313104,MECKLENBURG COUNTY,County government,14720 BROWN MILL RD HUNTERSVILLE NC,HUNTERSVILLE,SINGLE FAMILY RESIDENTIAL - ACREAGE,Single-family homes,14.360,640100,3,2,https://polaris3g.mecklenburgcountync.gov/?pid=01313104
01302432,MECKLENBURG COUNTY,County government,5813 PAMELA ST HUNTERSVILLE NC,HUNTERSVILLE,OTHER COUNTY PROPERTY,"Public land, ROW & utility",0.262,25000,3,0,https://polaris3g.mecklenburgcountync.gov/?pid=01302432
01302444,MECKLENBURG COUNTY,County government,5920 PAMELA ST HUNTERSVILLE NC,HUNTERSVILLE,SINGLE FAMILY RESIDENTIAL,Single-family homes,0.175,25000,3,1,https://polaris3g.mecklenburgcountync.gov/?pid=01302444
01302418,MECKLENBURG COUNTY,County government,5708 PAMELA ST HUNTERSVILLE NC,HUNTERSVILLE,OTHER COUNTY PROPERTY,"Public land, ROW & utility",0.155,25000,3,0,https://polaris3g.mecklenburgcountync.gov/?pid=01302418
07707520,MECKLENBURG COUNTY,County government,2801 POINSETT ST CHARLOTTE NC,CHARLOTTE,REC AREA,"Public land, ROW & utility",0.174,159400,3,0,https://polaris3g.mecklenburgcountync.gov/?pid=07707520
08109920,MECKLENBURG COUNTY,County government,1124 N MYERS ST CHARLOTTE NC,CHARLOTTE,GREENWAY TRAIL,"Public land, ROW & utility",2.138,305500,3,1,https://polaris3g.mecklenburgcountync.gov/?pid=08109920
10704123,CHARLOTTE MECKLENBURG BOARD OF EDUCATION,CMS (Board of Education),THE PLAZA CHARLOTTE NC,CHARLOTTE,COMMERCIAL,Commercial & office,0.981,372100,3,2,https://polaris3g.mecklenburgcountync.gov/?pid=10704123
21906126,MECKLENBURG COUNTY,County government,RIVERGATE PY CHARLOTTE NC,CHARLOTTE,GREENWAY TRAIL,"Public land, ROW & utility",2.952,232600,3,0,https://polaris3g.mecklenburgcountync.gov/?pid=21906126
15111210,MECKLENBURG COUNTY,County government,2926 WESTFIELD RD CHARLOTTE NC,CHARLOTTE,FLUM/SWIM FLOODWAY (NO BUILD ZONE),"Vacant, floodplain & farm",0.396,525000,3,1,https://polaris3g.mecklenburgcountync.gov/?pid=15111210
16915103,MECKLENBURG COUNTY,County government,REYNOLDS AV CHARLOTTE NC,CHARLOTTE,OTHER COUNTY PROPERTY,"Public land, ROW & utility",0.277,16200,3,0,https://polaris3g.mecklenburgcountync.gov/?pid=16915103
16915536,MECKLENBURG COUNTY,County government,6919 NATIONS FORD RD CHARLOTTE NC,CHARLOTTE,OTHER COUNTY PROPERTY,"Public land, ROW & utility",4.347,306000,3,2,https://polaris3g.mecklenburgcountync.gov/?pid=16915536
17109106,MECKLENBURG COUNTY,County government,5727 WEDGEWOOD DR CHARLOTTE NC,CHARLOTTE,FLUM/SWIM FLOODWAY (NO BUILD ZONE),"Vacant, floodplain & farm",0.361,261300,3,2,https://polaris3g.mecklenburgcountync.gov/?pid=17109106
07807419,MECKLENBURG COUNTY,County government,413 W 9TH ST CHARLOTTE NC,CHARLOTTE,OTHER COUNTY PROPERTY,"Public land, ROW & utility",0.120,731100,3,2,https://polaris3g.mecklenburgcountync.gov/?pid=07807419
08303109,MECKLENBURG COUNTY,County government,3154 CULLMAN AV CHARLOTTE NC,CHARLOTTE,OTHER COUNTY PROPERTY,"Public land, ROW & utility",0.917,503500,3,1,https://polaris3g.mecklenburgcountync.gov/?pid=08303109
04739139,CHARLOTTE MECKLENBURG BOARD OF EDUCATION,CMS (Board of Education),IBM DR CHARLOTTE NC,CHARLOTTE,LABORATORY / RESEARCH,Commercial & office,3.101,74600,3,3,https://polaris3g.mecklenburgcountync.gov/?pid=04739139
06902723,MECKLENBURG COUNTY,County government,2633 ROSLYN AV CHARLOTTE NC,CHARLOTTE,SINGLE FAMILY RESIDENTIAL,Single-family homes,0.254,130000,3,1,https://polaris3g.mecklenburgcountync.gov/?pid=06902723
06905114,MECKLENBURG COUNTY,County government,748 SELDON DR CHARLOTTE NC,CHARLOTTE,SINGLE FAMILY RESIDENTIAL,Single-family homes,0.245,122000,3,2,https://polaris3g.mecklenburgcountync.gov/?pid=06905114
07321107,MECKLENBURG COUNTY,County government,114 S SYCAMORE ST CHARLOTTE NC,CHARLOTTE,FLUM/SWIM FLOODWAY (NO BUILD ZONE),"Vacant, floodplain & farm",0.223,121500,3,1,https://polaris3g.mecklenburgcountync.gov/?pid=07321107
08303119,MECKLENBURG COUNTY,County government,3139 CULLMAN AV CHARLOTTE NC,CHARLOTTE,OTHER COUNTY PROPERTY,"Public land, ROW & utility",0.303,366300,3,1,https://polaris3g.mecklenburgcountync.gov/?pid=08303119
17109111,MECKLENBURG COUNTY,County government,5809 WEDGEWOOD DR CHARLOTTE NC,CHARLOTTE,FLUM/SWIM FLOODWAY (NO BUILD ZONE),"Vacant, floodplain & farm",0.289,261300,3,2,https://polaris3g.mecklenburgcountync.gov/?pid=17109111
18507108,MECKLENBURG COUNTY,County government,4934 ADDISON DR CHARLOTTE NC,CHARLOTTE,SINGLE FAMILY RESIDENTIAL,Single-family homes,0.474,90000,3,1,https://polaris3g.mecklenburgcountync.gov/?pid=18507108
07113117,MECKLENBURG COUNTY,County government,2759 CORONET WY CHARLOTTE NC,CHARLOTTE,FLUM/SWIM FLOODWAY (NO BUILD ZONE),"Vacant, floodplain & farm",0.400,37500,3,1,https://polaris3g.mecklenburgcountync.gov/?pid=07113117
16505112,MECKLENBURG COUNTY,County government,CITY VIEW DR CHARLOTTE NC,CHARLOTTE,GREENWAY TRAIL,"Public land, ROW & utility",1.775,68600,3,2,https://polaris3g.mecklenburgcountync.gov/?pid=16505112
01304114,MECKLENBURG COUNTY,County government,ALLISON FERRY RD HUNTERSVILLE NC,HUNTERSVILLE,SINGLE FAMILY RESIDENTIAL - ACREAGE,Single-family homes,9.233,396400,3,2,https://polaris3g.mecklenburgcountync.gov/?pid=01304114
20130151,MECKLENBURG COUNTY,County government,2410 W ARROWOOD RD CHARLOTTE NC,CHARLOTTE,GREENWAY TRAIL,"Public land, ROW & utility",3.323,217800,3,2,https://polaris3g.mecklenburgcountync.gov/?pid=20130151
22903198,MECKLENBURG COUNTY,County government,WADE ARDREY RD CHARLOTTE NC,CHARLOTTE,OTHER COUNTY PROPERTY,"Public land, ROW & utility",3.192,88200,3,1,https://polaris3g.mecklenburgcountync.gov/?pid=22903198
05324102,MECKLENBURG COUNTY,County government,10012 MOORES CHAPEL LP UNINC NC,MECKLENBURG COUNTY-UNINCORPORATED,COMMERCIAL,Commercial & office,1.780,333300,3,3,https://polaris3g.mecklenburgcountync.gov/?pid=05324102
13536403,MECKLENBURG COUNTY,County government,7300 TIMBER RIDGE DR MINT HILL NC,MINT HILL,SINGLE FAMILY RESIDENTIAL,Single-family homes,1.146,81000,3,3,https://polaris3g.mecklenburgcountync.gov/?pid=13536403
16915116,MECKLENBURG COUNTY,County government,REYNOLDS AV CHARLOTTE NC,CHARLOTTE,OTHER COUNTY PROPERTY,"Public land, ROW & utility",0.359,21000,3,1,https://polaris3g.mecklenburgcountync.gov/?pid=16915116
06907107,MECKLENBURG COUNTY,County government,732 PRINCE ST CHARLOTTE NC,CHARLOTTE,FLUM/SWIM FLOODWAY (NO BUILD ZONE),"Vacant, floodplain & farm",0.415,49500,3,2,https://polaris3g.mecklenburgcountync.gov/?pid=06907107
06909335,MECKLENBURG COUNTY,County government,ESTELLE ST CHARLOTTE NC,CHARLOTTE,SINGLE FAMILY RESIDENTIAL,Single-family homes,0.292,31600,3,0,https://polaris3g.mecklenburgcountync.gov/?pid=06909335
06909634,MECKLENBURG COUNTY,County government,2218 CELIA AV CHARLOTTE NC,CHARLOTTE,SINGLE FAMILY RESIDENTIAL,Single-family homes,0.072,75400,3,0,https://polaris3g.mecklenburgcountync.gov/?pid=06909634
03145113,CHARLOTTE MECKLENBURG BOARD OF EDUCATION,CMS (Board of Education),1101 MT HOLLY-HUNTERSVILLE RD CHARLOTTE NC,CHARLOTTE,SINGLE FAMILY RESIDENTIAL - ACREAGE,Single-family homes,1.637,93800,3,0,https://polaris3g.mecklenburgcountync.gov/?pid=03145113
13926232,MECKLENBURG COUNTY,County government,SURREY RD UNINC NC,MECKLENBURG COUNTY-UNINCORPORATED,SINGLE FAMILY RESIDENTIAL - ACREAGE,Single-family homes,0.024,4700,3,3,https://polaris3g.mecklenburgcountync.gov/?pid=13926232
03728302,MECKLENBURG COUNTY,County government,2800 CLARENCEFIELD DR CHARLOTTE NC,CHARLOTTE,SINGLE FAMILY RESIDENTIAL,Single-family homes,0.212,35000,3,0,https://polaris3g.mecklenburgcountync.gov/?pid=03728302
03728305,MECKLENBURG COUNTY,County government,2726 CLARENCEFIELD DR CHARLOTTE NC,CHARLOTTE,SINGLE FAMILY RESIDENTIAL,Single-family homes,0.215,35000,3,0,https://polaris3g.mecklenburgcountync.gov/?pid=03728305
03728306,MECKLENBURG COUNTY,County government,2722 CLARENCEFIELD DR CHARLOTTE NC,CHARLOTTE,SINGLE FAMILY RESIDENTIAL,Single-family homes,0.230,35000,3,0,https://polaris3g.mecklenburgcountync.gov/?pid=03728306
19948106,MECKLENBURG COUNTY,County government,SHOPTON RD UNINC NC,MECKLENBURG COUNTY-UNINCORPORATED,SINGLE FAMILY RESIDENTIAL - ACREAGE,Single-family homes,6.237,382800,3,1,https://polaris3g.mecklenburgcountync.gov/?pid=19948106
00927409,CHARLOTTE MECKLENBURG HOSPITAL AUTHORITY,Hospital Authority (Atrium),16455 STATESVILLE RD HUNTERSVILLE NC,HUNTERSVILLE,COMMERCIAL,Commercial & office,10.858,32436900,3,3,https://polaris3g.mecklenburgcountync.gov/?pid=00927409
06908313,MECKLENBURG COUNTY,County government,DAWSON AV CHARLOTTE NC,CHARLOTTE,SINGLE FAMILY RESIDENTIAL,Single-family homes,0.132,20500,3,3,https://polaris3g.mecklenburgcountync.gov/?pid=06908313
06909334,MECKLENBURG COUNTY,County government,ESTELLE ST CHARLOTTE NC,CHARLOTTE,SINGLE FAMILY RESIDENTIAL,Single-family homes,0.144,26100,3,0,https://polaris3g.mecklenburgcountync.gov/?pid=06909334
01521403,MECKLENBURG COUNTY,County government,10040 JANEIRO DR HUNTERSVILLE NC,HUNTERSVILLE,SINGLE FAMILY RESIDENTIAL,Single-family homes,0.895,120800,3,1,https://polaris3g.mecklenburgcountync.gov/?pid=01521403
01524102,MECKLENBURG COUNTY,County government,MCCOY RD HUNTERSVILLE NC,HUNTERSVILLE,SINGLE FAMILY RESIDENTIAL - ACREAGE,Single-family homes,22.872,1399000,3,1,https://polaris3g.mecklenburgcountync.gov/?pid=01524102
16708109,MECKLENBURG COUNTY,County government,2632 S TRYON ST CHARLOTTE NC,CHARLOTTE,OTHER COUNTY PROPERTY,"Public land, ROW & utility",3.157,282900,3,1,https://polaris3g.mecklenburgcountync.gov/?pid=16708109
07705316,CHARLOTTE MECKLENBURG BOARD OF EDUCATION,CMS (Board of Education),TIPTON DR CHARLOTTE NC,CHARLOTTE,INDUSTRIAL,Industrial & warehouse,0.099,48700,3,2,https://polaris3g.mecklenburgcountync.gov/?pid=07705316
19950499,CHARLOTTE MECKLENBURG BOARD OF EDUCATION,CMS (Board of Education),DEHAVILLAND DR CHARLOTTE NC,CHARLOTTE,SINGLE FAMILY RESIDENTIAL - COMMON,HOA common area,0.060,0,3,2,https://polaris3g.mecklenburgcountync.gov/?pid=19950499
07504216,MECKLENBURG COUNTY,County government,2121 HAINES ST CHARLOTTE NC,CHARLOTTE,REC AREA,"Public land, ROW & utility",0.172,22200,3,0,https://polaris3g.mecklenburgcountync.gov/?pid=07504216
10816626,MECKLENBURG COUNTY,County government,THE PLAZA CHARLOTTE NC,CHARLOTTE,SINGLE FAMILY RESIDENTIAL - ACREAGE,Single-family homes,1.666,105300,3,1,https://polaris3g.mecklenburgcountync.gov/?pid=10816626
16915518,MECKLENBURG COUNTY,County government,REYNOLDS AV CHARLOTTE NC,CHARLOTTE,OTHER COUNTY PROPERTY,"Public land, ROW & utility",0.537,31300,3,0,https://polaris3g.mecklenburgcountync.gov/?pid=16915518
10520206,MECKLENBURG COUNTY,County government,PLAZA RD UNINC NC,MECKLENBURG COUNTY-UNINCORPORATED,SINGLE FAMILY RESIDENTIAL - ACREAGE,Single-family homes,3.814,145000,3,0,https://polaris3g.mecklenburgcountync.gov/?pid=10520206
07509314,MECKLENBURG COUNTY,County government,1048 ANDRILL TR CHARLOTTE NC,CHARLOTTE,FLUM/SWIM FLOODWAY (NO BUILD ZONE),"Vacant, floodplain & farm",0.274,24800,3,0,https://polaris3g.mecklenburgcountync.gov/?pid=07509314
16308311,MECKLENBURG COUNTY,County government,4815 STAFFORD CR CHARLOTTE NC,CHARLOTTE,FLUM/SWIM FLOODWAY (NO BUILD ZONE),"Vacant, floodplain & farm",0.505,285000,3,1,https://polaris3g.mecklenburgcountync.gov/?pid=16308311
21309120,MECKLENBURG COUNTY,County government,OLD BELL RD CHARLOTTE NC,CHARLOTTE,GREENWAY TRAIL,"Public land, ROW & utility",0.778,45400,3,0,https://polaris3g.mecklenburgcountync.gov/?pid=21309120
16915112,MECKLENBURG COUNTY,County government,REYNOLDS AV CHARLOTTE NC,CHARLOTTE,OTHER COUNTY PROPERTY,"Public land, ROW & utility",0.325,19000,3,1,https://polaris3g.mecklenburgcountync.gov/?pid=16915112
15111301,MECKLENBURG COUNTY,County government,PRINCETON AV CHARLOTTE NC,CHARLOTTE,FLUM/SWIM FLOODWAY (NO BUILD ZONE),"Vacant, floodplain & farm",0.125,385000,3,2,https://polaris3g.mecklenburgcountync.gov/?pid=15111301
05531108,MECKLENBURG COUNTY,County government,1300 LITTLE ROCK RD CHARLOTTE NC,CHARLOTTE,SINGLE FAMILY RESIDENTIAL - ACREAGE,Single-family homes,1.835,23800,3,2,https://polaris3g.mecklenburgcountync.gov/?pid=05531108
14517213,MECKLENBURG COUNTY,County government,AMAY JAMES AV CHARLOTTE NC,CHARLOTTE,SINGLE FAMILY RESIDENTIAL,Single-family homes,0.224,115000,3,0,https://polaris3g.mecklenburgcountync.gov/?pid=14517213
05530218,MECKLENBURG COUNTY,County government,MARLEY CR CHARLOTTE NC,CHARLOTTE,SINGLE FAMILY RESIDENTIAL,Single-family homes,0.492,75000,3,2,https://polaris3g.mecklenburgcountync.gov/?pid=05530218
06909412,MECKLENBURG COUNTY,County government,CELIA AV CHARLOTTE NC,CHARLOTTE,SINGLE FAMILY RESIDENTIAL,Single-family homes,0.199,35000,3,0,https://polaris3g.mecklenburgcountync.gov/?pid=06909412
13109202,MECKLENBURG COUNTY,County government,3766 DRESDEN DR CHARLOTTE NC,CHARLOTTE,SINGLE FAMILY RESIDENTIAL,Single-family homes,0.242,127500,3,1,https://polaris3g.mecklenburgcountync.gov/?pid=13109202
03516206,CHARLOTTE MECKLENBURG BOARD OF EDUCATION,CMS (Board of Education),5913 PLEASANT GROVE RD CHARLOTTE NC,CHARLOTTE,SINGLE FAMILY RESIDENTIAL - ACREAGE,Single-family homes,1.649,196800,3,0,https://polaris3g.mecklenburgcountync.gov/?pid=03516206
07504219,MECKLENBURG COUNTY,County government,2020 HAINES ST CHARLOTTE NC,CHARLOTTE,REC AREA,"Public land, ROW & utility",0.083,10400,3,0,https://polaris3g.mecklenburgcountync.gov/?pid=07504219
13324202,MECKLENBURG COUNTY,County government,5005 IDLEWILD RD CHARLOTTE NC,CHARLOTTE,SINGLE FAMILY RESIDENTIAL,Single-family homes,0.986,191900,3,0,https://polaris3g.mecklenburgcountync.gov/?pid=13324202
03325105,MECKLENBURG COUNTY,County government,PRIMM RD UNINC NC,MECKLENBURG COUNTY-UNINCORPORATED,SINGLE FAMILY RESIDENTIAL - ACREAGE,Single-family homes,2.737,190000,3,1,https://polaris3g.mecklenburgcountync.gov/?pid=03325105
14506118,MECKLENBURG COUNTY,County government,BANK ST CHARLOTTE NC,CHARLOTTE,SCHOOL - PUBLIC,Institutional,5.372,1535700,3,2,https://polaris3g.mecklenburgcountync.gov/?pid=14506118
08109110,MECKLENBURG COUNTY,County government,1319 N ALEXANDER ST CHARLOTTE NC,CHARLOTTE,REC AREA,"Public land, ROW & utility",0.168,315000,3,0,https://polaris3g.mecklenburgcountync.gov/?pid=08109110
17307108,MECKLENBURG COUNTY,County government,6214 COLCHESTER PL CHARLOTTE NC,CHARLOTTE,SINGLE FAMILY RESIDENTIAL,Single-family homes,0.343,209000,3,2,https://polaris3g.mecklenburgcountync.gov/?pid=17307108
03305464,MECKLENBURG COUNTY,County government,ROARING WATER LN CHARLOTTE NC,CHARLOTTE,TOWN HOUSE SFR,Condo & townhouse,3.774,62500,3,2,https://polaris3g.mecklenburgcountync.gov/?pid=03305464
09312529,MECKLENBURG COUNTY,County government,2935 DUNLAVIN WY CHARLOTTE NC,CHARLOTTE,OTHER COUNTY PROPERTY,"Public land, ROW & utility",0.287,93500,3,0,https://polaris3g.mecklenburgcountync.gov/?pid=09312529
00719104,CHARLOTTE MECKLENBURG BOARD OF EDUCATION,CMS (Board of Education),16912 DAVIDSON-CONCORD RD UNINC NC,MECKLENBURG COUNTY-UNINCORPORATED,SINGLE FAMILY RESIDENTIAL - ACREAGE,Single-family homes,11.840,1198900,3,3,https://polaris3g.mecklenburgcountync.gov/?pid=00719104
04112512,MECKLENBURG COUNTY,County government,SLATER RD CHARLOTTE NC,CHARLOTTE,100 YEAR FLOOD PLAIN - AC,"Vacant, floodplain & farm",0.522,8100,3,2,https://polaris3g.mecklenburgcountync.gov/?pid=04112512
14505105,MECKLENBURG COUNTY,County government,3032 BANK ST CHARLOTTE NC,CHARLOTTE,SCHOOL - PUBLIC,Institutional,0.624,532600,3,0,https://polaris3g.mecklenburgcountync.gov/?pid=14505105
17109103,MECKLENBURG COUNTY,County government,5709 WEDGEWOOD DR CHARLOTTE NC,CHARLOTTE,FLUM/SWIM FLOODWAY (NO BUILD ZONE),"Vacant, floodplain & farm",0.436,261300,3,1,https://polaris3g.mecklenburgcountync.gov/?pid=17109103
16722163,MECKLENBURG COUNTY,County government,6507 MOUNTING ROCK RD CHARLOTTE NC,CHARLOTTE,SINGLE FAMILY RESIDENTIAL,Single-family homes,0.225,65000,3,2,https://polaris3g.mecklenburgcountync.gov/?pid=16722163
17517327,MECKLENBURG COUNTY,County government,3208 WESTFIELD RD CHARLOTTE NC,CHARLOTTE,GREENWAY TRAIL,"Public land, ROW & utility",0.224,630000,3,0,https://polaris3g.mecklenburgcountync.gov/?pid=17517327
14117120,MECKLENBURG COUNTY,County government,SHOPTON RD CHARLOTTE NC,CHARLOTTE,OTHER COUNTY PROPERTY,"Public land, ROW & utility",8.196,790700,3,1,https://polaris3g.mecklenburgcountync.gov/?pid=14117120
08002205,MECKLENBURG COUNTY,County government,113 E 7TH ST CHARLOTTE NC,CHARLOTTE,COMMERCIAL,Commercial & office,0.128,1443400,2,0,https://polaris3g.mecklenburgcountync.gov/?pid=08002205
08109602,MECKLENBURG COUNTY,County government,1316 N ALEXANDER ST CHARLOTTE NC,CHARLOTTE,REC AREA,"Public land, ROW & utility",0.336,210000,2,0,https://polaris3g.mecklenburgcountync.gov/?pid=08109602
05324203,MECKLENBURG COUNTY,County government,9939 MOORES CHAPEL LP UNINC NC,MECKLENBURG COUNTY-UNINCORPORATED,COMMERCIAL,Commercial & office,2.152,334000,2,2,https://polaris3g.mecklenburgcountync.gov/?pid=05324203
01919106,MECKLENBURG COUNTY,County government,15408 HOLBROOKS RD UNINC NC,MECKLENBURG COUNTY-UNINCORPORATED,OTHER COUNTY PROPERTY,"Public land, ROW & utility",2.449,192900,2,1,https://polaris3g.mecklenburgcountync.gov/?pid=01919106
15302529,CHARLOTTE MECKLENBURG HOSPITAL AUTHORITY,Hospital Authority (Atrium),1606 FOUNTAIN VIEW CHARLOTTE NC,CHARLOTTE,SINGLE FAMILY RESIDENTIAL,Single-family homes,0.229,827500,2,0,https://polaris3g.mecklenburgcountync.gov/?pid=15302529
02314102,MECKLENBURG COUNTY,County government,SAMPLE RD UNINC NC,MECKLENBURG COUNTY-UNINCORPORATED,"UTILITY (GAS, ELECTRIC, TELEPHONE, TELEGRAPH, RAIL","Public land, ROW & utility",3.543,105500,2,0,https://polaris3g.mecklenburgcountync.gov/?pid=02314102
19951102,CHARLOTTE MECKLENBURG BOARD OF EDUCATION,CMS (Board of Education),13702 STEELE CREEK RD CHARLOTTE NC,CHARLOTTE,OTHER COUNTY PROPERTY,"Public land, ROW & utility",0.927,794700,2,0,https://polaris3g.mecklenburgcountync.gov/?pid=19951102
02505101,MECKLENBURG COUNTY,County government,9921 OLD STATESVILLE RD UNINC NC,MECKLENBURG COUNTY-UNINCORPORATED,OTHER COUNTY PROPERTY,"Public land, ROW & utility",1.014,228800,2,2,https://polaris3g.mecklenburgcountync.gov/?pid=02505101
12507126,MECKLENBURG COUNTY,County government,700 E MARTIN LUTHER KING JR BV CHARLOTTE NC,CHARLOTTE,SCHOOL - PUBLIC,Institutional,8.672,72142500,2,0,https://polaris3g.mecklenburgcountync.gov/?pid=12507126
06911302,MECKLENBURG COUNTY,County government,CELIA AV CHARLOTTE NC,CHARLOTTE,SINGLE FAMILY RESIDENTIAL,Single-family homes,0.140,15900,2,0,https://polaris3g.mecklenburgcountync.gov/?pid=06911302
12504313,MECKLENBURG COUNTY,County government,ELIZABETH AV CHARLOTTE NC,CHARLOTTE,COMMERCIAL,Commercial & office,0.434,2637200,2,1,https://polaris3g.mecklenburgcountync.gov/?pid=12504313
03115115,MECKLENBURG COUNTY,County government,1033 RIVERSIDE DR CHARLOTTE NC,CHARLOTTE,SINGLE FAMILY RESIDENTIAL - RIVER,Single-family homes,0.189,121500,2,1,https://polaris3g.mecklenburgcountync.gov/?pid=03115115
22904137,MECKLENBURG COUNTY,County government,COMMUNITY HOUSE RD CHARLOTTE NC,CHARLOTTE,OTHER COUNTY PROPERTY,"Public land, ROW & utility",0.043,9400,2,2,https://polaris3g.mecklenburgcountync.gov/?pid=22904137
22937295,MECKLENBURG COUNTY,County government,REA RD CHARLOTTE NC,CHARLOTTE,OTHER COUNTY PROPERTY,"Public land, ROW & utility",8.625,338900,2,2,https://polaris3g.mecklenburgcountync.gov/?pid=22937295
14517202,MECKLENBURG COUNTY,County government,3201 AMAY JAMES AV CHARLOTTE NC,CHARLOTTE,SINGLE FAMILY RESIDENTIAL,Single-family homes,0.152,100000,2,0,https://polaris3g.mecklenburgcountync.gov/?pid=14517202
16921102,MECKLENBURG COUNTY,County government,8041 NATIONS FORD RD CHARLOTTE NC,CHARLOTTE,OTHER COUNTY PROPERTY,"Public land, ROW & utility",0.597,778300,2,2,https://polaris3g.mecklenburgcountync.gov/?pid=16921102
03115217,MECKLENBURG COUNTY,County government,912 RIVERSIDE DR CHARLOTTE NC,CHARLOTTE,SINGLE FAMILY RESIDENTIAL,Single-family homes,0.561,127200,2,0,https://polaris3g.mecklenburgcountync.gov/?pid=03115217
03147234,MECKLENBURG COUNTY,County government,10714 HARWOOD LN UNINC NC,MECKLENBURG COUNTY-UNINCORPORATED,SINGLE FAMILY RESIDENTIAL - RIVER,Single-family homes,1.261,189000,2,0,https://polaris3g.mecklenburgcountync.gov/?pid=03147234
07510501,MECKLENBURG COUNTY,County government,2200 BREWTON DR CHARLOTTE NC,CHARLOTTE,REC AREA,"Public land, ROW & utility",0.348,96000,2,1,https://polaris3g.mecklenburgcountync.gov/?pid=07510501
10803116,MECKLENBURG COUNTY,County government,HARRISBURG RD CHARLOTTE NC,CHARLOTTE,SINGLE FAMILY RESIDENTIAL - ACREAGE,Single-family homes,0.913,94200,2,1,https://polaris3g.mecklenburgcountync.gov/?pid=10803116
11107416,MECKLENBURG COUNTY,County government,8527 REEDY CREEK RD UNINC NC,MECKLENBURG COUNTY-UNINCORPORATED,ROADWAY CORRIDOR,"Public land, ROW & utility",0.137,1800,2,0,https://polaris3g.mecklenburgcountync.gov/?pid=11107416
11501502,MECKLENBURG COUNTY,County government,2722 CRADDOCK AV CHARLOTTE NC,CHARLOTTE,REC AREA,"Public land, ROW & utility",0.320,50000,2,0,https://polaris3g.mecklenburgcountync.gov/?pid=11501502
05709610,MECKLENBURG COUNTY,County government,5798 OLD MT HOLLY RD CHARLOTTE NC,CHARLOTTE,PVT Owned RR with Rail ROW,"Public land, ROW & utility",0.585,2500,2,2,https://polaris3g.mecklenburgcountync.gov/?pid=05709610
01944111,MECKLENBURG COUNTY,County government,CASABELLA DR HUNTERSVILLE NC,HUNTERSVILLE,100 YEAR FLOOD PLAIN - AC,"Vacant, floodplain & farm",1.281,8800,2,2,https://polaris3g.mecklenburgcountync.gov/?pid=01944111
01924231,MECKLENBURG COUNTY,County government,HUNTERSVILLE-CONCORD RD UNINC NC,MECKLENBURG COUNTY-UNINCORPORATED,SINGLE FAMILY RESIDENTIAL - ACREAGE,Single-family homes,18.048,1110600,2,1,https://polaris3g.mecklenburgcountync.gov/?pid=01924231
06909641,MECKLENBURG COUNTY,County government,ESTELLE ST CHARLOTTE NC,CHARLOTTE,SINGLE FAMILY RESIDENTIAL,Single-family homes,0.379,79800,2,0,https://polaris3g.mecklenburgcountync.gov/?pid=06909641
06301303,MECKLENBURG COUNTY,County government,205 S LINWOOD AV CHARLOTTE NC,CHARLOTTE,SINGLE FAMILY RESIDENTIAL,Single-family homes,0.208,72000,2,0,https://polaris3g.mecklenburgcountync.gov/?pid=06301303
08002303,MECKLENBURG COUNTY,County government,324 N TRYON ST CHARLOTTE NC,CHARLOTTE,COMMERCIAL,Commercial & office,0.094,1110700,2,1,https://polaris3g.mecklenburgcountync.gov/?pid=08002303
03147244,MECKLENBURG COUNTY,County government,LAKE DR UNINC NC,MECKLENBURG COUNTY-UNINCORPORATED,SINGLE FAMILY RESIDENTIAL - RIVER,Single-family homes,0.245,121500,2,0,https://polaris3g.mecklenburgcountync.gov/?pid=03147244
14522401,CHARLOTTE MECKLENBURG BOARD OF EDUCATION,CMS (Board of Education),3200 AMAY JAMES AV CHARLOTTE NC,CHARLOTTE,MULTI FAMILY,Multi-family,0.527,150000,2,0,https://polaris3g.mecklenburgcountync.gov/?pid=14522401
03147218,MECKLENBURG COUNTY,County government,1815 LAKE DR UNINC NC,MECKLENBURG COUNTY-UNINCORPORATED,SINGLE FAMILY RESIDENTIAL - RIVER,Single-family homes,0.228,135000,2,1,https://polaris3g.mecklenburgcountync.gov/?pid=03147218
17517601,MECKLENBURG COUNTY,County government,3253 WESTFIELD RD CHARLOTTE NC,CHARLOTTE,GREENWAY TRAIL,"Public land, ROW & utility",0.179,595000,2,0,https://polaris3g.mecklenburgcountync.gov/?pid=17517601
14911501,MECKLENBURG COUNTY,County government,FIRWOOD LN CHARLOTTE NC,CHARLOTTE,OTHER COUNTY PROPERTY,"Public land, ROW & utility",0.216,68800,2,2,https://polaris3g.mecklenburgcountync.gov/?pid=14911501
03121115,MECKLENBURG COUNTY,County government,11837 RIVERHAVEN DR UNINC NC,MECKLENBURG COUNTY-UNINCORPORATED,SINGLE FAMILY RESIDENTIAL - RIVER,Single-family homes,0.291,135000,2,1,https://polaris3g.mecklenburgcountync.gov/?pid=03121115
07110603,CHARLOTTE MECKLENBURG HOSPITAL AUTHORITY,Hospital Authority (Atrium),1801 ROZZELLES FERRY RD CHARLOTTE NC,CHARLOTTE,COMMERCIAL,Commercial & office,0.503,5582600,2,1,https://polaris3g.mecklenburgcountync.gov/?pid=07110603
03318196,MECKLENBURG COUNTY,County government,PRIMM RD UNINC NC,MECKLENBURG COUNTY-UNINCORPORATED,SINGLE FAMILY RESIDENTIAL - ACREAGE,Single-family homes,7.768,167300,2,0,https://polaris3g.mecklenburgcountync.gov/?pid=03318196
07504301,MECKLENBURG COUNTY,County government,1723 CATHERINE SIMMONS AV CHARLOTTE NC,CHARLOTTE,REC AREA,"Public land, ROW & utility",0.174,22200,2,0,https://polaris3g.mecklenburgcountync.gov/?pid=07504301
17507101,CHARLOTTE MECKLENBURG BOARD OF EDUCATION,CMS (Board of Education),1800 RUNNYMEDE LN CHARLOTTE NC,CHARLOTTE,SCHOOL - PUBLIC,Institutional,49.255,42925500,2,1,https://polaris3g.mecklenburgcountync.gov/?pid=17507101
10507102,MECKLENBURG COUNTY,County government,8900 GRIER RD CHARLOTTE NC,CHARLOTTE,REC AREA,"Public land, ROW & utility",20.041,1443800,2,0,https://polaris3g.mecklenburgcountync.gov/?pid=10507102
10520132,MECKLENBURG COUNTY ALCOHOLIC BEVERAGE CONTROL BOARD,Library / ABC / Landmarks,9841 ROCKY RIVER RD UNINC NC,MECKLENBURG COUNTY-UNINCORPORATED,COMMERCIAL,Commercial & office,1.281,2147200,2,2,https://polaris3g.mecklenburgcountync.gov/?pid=10520132
10723104,MECKLENBURG COUNTY,County government,7709 PLOTT RD CHARLOTTE NC,CHARLOTTE,SINGLE FAMILY RESIDENTIAL,Single-family homes,2.364,372800,2,1,https://polaris3g.mecklenburgcountync.gov/?pid=10723104
01547102,MECKLENBURG COUNTY,County government,MCCOY RD HUNTERSVILLE NC,HUNTERSVILLE,SINGLE FAMILY RESIDENTIAL - ACREAGE,Single-family homes,7.884,542600,2,0,https://polaris3g.mecklenburgcountync.gov/?pid=01547102
12709101,MECKLENBURG COUNTY,County government,E 7TH ST CHARLOTTE NC,CHARLOTTE,OFFICE,Commercial & office,2.484,3958600,2,2,https://polaris3g.mecklenburgcountync.gov/?pid=12709101
12904105,MECKLENBURG COUNTY,County government,1230 MORNINGSIDE DR CHARLOTTE NC,CHARLOTTE,OTHER COUNTY PROPERTY,"Public land, ROW & utility",0.374,285000,2,1,https://polaris3g.mecklenburgcountync.gov/?pid=12904105
08109111,MECKLENBURG COUNTY,County government,1321 N ALEXANDER ST CHARLOTTE NC,CHARLOTTE,REC AREA,"Public land, ROW & utility",0.179,315000,2,0,https://polaris3g.mecklenburgcountync.gov/?pid=08109111
14117128,CHARLOTTE MECKLENBURG BOARD OF EDUCATION,CMS (Board of Education),DIXIE RIVER RD CHARLOTTE NC,CHARLOTTE,RIGHT OF WAY,"Public land, ROW & utility",0.059,8100,2,1,https://polaris3g.mecklenburgcountync.gov/?pid=14117128
14517208,MECKLENBURG COUNTY,County government,AMAY JAMES AV CHARLOTTE NC,CHARLOTTE,SINGLE FAMILY RESIDENTIAL,Single-family homes,0.219,100000,2,0,https://polaris3g.mecklenburgcountync.gov/?pid=14517208
05913102,MECKLENBURG COUNTY,County government,3515 URBANA DR CHARLOTTE NC,CHARLOTTE,SINGLE FAMILY RESIDENTIAL - ACREAGE,Single-family homes,1.736,69300,2,1,https://polaris3g.mecklenburgcountync.gov/?pid=05913102
02719495,MECKLENBURG COUNTY,County government,5201 HUCKS RD CHARLOTTE NC,CHARLOTTE,SINGLE FAMILY RESIDENTIAL - ACREAGE,Single-family homes,4.015,459700,2,0,https://polaris3g.mecklenburgcountync.gov/?pid=02719495
07321101,MECKLENBURG COUNTY,County government,226 S SYCAMORE ST CHARLOTTE NC,CHARLOTTE,FLUM/SWIM FLOODWAY (NO BUILD ZONE),"Vacant, floodplain & farm",0.152,81000,2,1,https://polaris3g.mecklenburgcountync.gov/?pid=07321101
13324205,MECKLENBURG COUNTY,County government,5107 IDLEWILD RD CHARLOTTE NC,CHARLOTTE,MULTI FAMILY,Multi-family,3.261,996100,2,1,https://polaris3g.mecklenburgcountync.gov/?pid=13324205
05114123,MECKLENBURG COUNTY ALCOHOLIC BEVERAGE CONTROL BOARD,Library / ABC / Landmarks,11870 UNIVERSITY CITY BV CHARLOTTE NC,MECKLENBURG COUNTY-UNINCORPORATED,COMMERCIAL,Commercial & office,1.631,947900,2,2,https://polaris3g.mecklenburgcountync.gov/?pid=05114123
13536599,MECKLENBURG COUNTY,County government,7115 TIMBER RIDGE DR MINT HILL NC,MINT HILL,100 YEAR FLOOD PLAIN - AC,"Vacant, floodplain & farm",2.279,15200,2,1,https://polaris3g.mecklenburgcountync.gov/?pid=13536599
03116114,MECKLENBURG COUNTY,County government,1341 RIVERSIDE DR CHARLOTTE NC,CHARLOTTE,SINGLE FAMILY RESIDENTIAL - RIVER,Single-family homes,0.260,135000,2,1,https://polaris3g.mecklenburgcountync.gov/?pid=03116114
06513203,MECKLENBURG COUNTY,County government,616 LAKEWOOD AV CHARLOTTE NC,CHARLOTTE,SINGLE FAMILY RESIDENTIAL,Single-family homes,0.335,7500,2,0,https://polaris3g.mecklenburgcountync.gov/?pid=06513203
03147207,MECKLENBURG COUNTY,County government,1529 LAKE DR UNINC NC,MECKLENBURG COUNTY-UNINCORPORATED,SINGLE FAMILY RESIDENTIAL - RIVER,Single-family homes,0.413,135000,2,2,https://polaris3g.mecklenburgcountync.gov/?pid=03147207
08015211,MECKLENBURG COUNTY,County government,612 STEVENS ST CHARLOTTE NC,CHARLOTTE,OTHER COUNTY PROPERTY,"Public land, ROW & utility",0.148,257900,2,2,https://polaris3g.mecklenburgcountync.gov/?pid=08015211
08017211,MECKLENBURG COUNTY,County government,1201 E 7TH ST CHARLOTTE NC,CHARLOTTE,COMMERCIAL,Commercial & office,0.211,1553400,2,0,https://polaris3g.mecklenburgcountync.gov/?pid=08017211
08017214,MECKLENBURG COUNTY,County government,1231 ARMORY DR CHARLOTTE NC,CHARLOTTE,COMMERCIAL,Commercial & office,1.044,6499200,2,1,https://polaris3g.mecklenburgcountync.gov/?pid=08017214
08304302,MECKLENBURG COUNTY,County government,1704 N DAVIDSON ST CHARLOTTE NC,CHARLOTTE,REC AREA,"Public land, ROW & utility",0.136,247000,2,0,https://polaris3g.mecklenburgcountync.gov/?pid=08304302
08706101,MECKLENBURG COUNTY,County government,4124 MERLANE DR CHARLOTTE NC,CHARLOTTE,REC AREA,"Public land, ROW & utility",5.796,1649700,2,0,https://polaris3g.mecklenburgcountync.gov/?pid=08706101
01317101,MECKLENBURG COUNTY,County government,NECK RD UNINC NC,MECKLENBURG COUNTY-UNINCORPORATED,SINGLE FAMILY RESIDENTIAL - ACREAGE,Single-family homes,666.621,24797000,2,1,https://polaris3g.mecklenburgcountync.gov/?pid=01317101
08004102,MECKLENBURG COUNTY,County government,224 E 11TH ST CHARLOTTE NC,CHARLOTTE,COMMERCIAL,Commercial & office,1.293,9003000,2,1,https://polaris3g.mecklenburgcountync.gov/?pid=08004102
12904140,MECKLENBURG COUNTY,County government,1536 ST GEORGE ST CHARLOTTE NC,CHARLOTTE,COMMERCIAL,Commercial & office,0.323,197300,2,0,https://polaris3g.mecklenburgcountync.gov/?pid=12904140
06301301,MECKLENBURG COUNTY,County government,201 S LINWOOD AV CHARLOTTE NC,CHARLOTTE,SINGLE FAMILY RESIDENTIAL,Single-family homes,0.251,72000,2,0,https://polaris3g.mecklenburgcountync.gov/?pid=06301301
01127104,MECKLENBURG COUNTY,County government,15206 RAMAH CHURCH RD UNINC NC,MECKLENBURG COUNTY-UNINCORPORATED,SINGLE FAMILY RESIDENTIAL - ACREAGE,Single-family homes,1.180,165400,2,1,https://polaris3g.mecklenburgcountync.gov/?pid=01127104
10816627,MECKLENBURG COUNTY,County government,THE PLAZA CHARLOTTE NC,CHARLOTTE,SINGLE FAMILY RESIDENTIAL - ACREAGE,Single-family homes,0.553,33000,2,1,https://polaris3g.mecklenburgcountync.gov/?pid=10816627
13109201,MECKLENBURG COUNTY,County government,3774 DRESDEN DR CHARLOTTE NC,CHARLOTTE,SINGLE FAMILY RESIDENTIAL,Single-family homes,0.247,127500,2,1,https://polaris3g.mecklenburgcountync.gov/?pid=13109201
09711147,MECKLENBURG COUNTY,County government,EASTWAY DR CHARLOTTE NC,CHARLOTTE,OTHER COUNTY PROPERTY,"Public land, ROW & utility",0.241,188400,2,1,https://polaris3g.mecklenburgcountync.gov/?pid=09711147
03116119,MECKLENBURG COUNTY,County government,1415 RIVERSIDE DR CHARLOTTE NC,CHARLOTTE,SINGLE FAMILY RESIDENTIAL - RIVER,Single-family homes,0.258,135000,2,2,https://polaris3g.mecklenburgcountync.gov/?pid=03116119
03147212,MECKLENBURG COUNTY,County government,1715 LAKE DR UNINC NC,MECKLENBURG COUNTY-UNINCORPORATED,SINGLE FAMILY RESIDENTIAL - RIVER,Single-family homes,0.859,236300,2,2,https://polaris3g.mecklenburgcountync.gov/?pid=03147212
00317401,MECKLENBURG COUNTY,County government,21105 CATAWBA AV CORNELIUS NC,CORNELIUS,OTHER MUNICIPAL,"Public land, ROW & utility",1.008,1330600,2,2,https://polaris3g.mecklenburgcountync.gov/?pid=00317401
03147214,MECKLENBURG COUNTY,County government,1731 LAKE DR UNINC NC,MECKLENBURG COUNTY-UNINCORPORATED,SINGLE FAMILY RESIDENTIAL - RIVER,Single-family homes,0.883,365900,2,2,https://polaris3g.mecklenburgcountync.gov/?pid=03147214
06907625,MECKLENBURG COUNTY,County government,LAKEWOOD AV CHARLOTTE NC,CHARLOTTE,OTHER COUNTY PROPERTY,"Public land, ROW & utility",0.056,0,2,0,https://polaris3g.mecklenburgcountync.gov/?pid=06907625
07504238,MECKLENBURG COUNTY,County government,1819 CATHERINE SIMMONS AV CHARLOTTE NC,CHARLOTTE,REC AREA,"Public land, ROW & utility",0.170,56000,2,0,https://polaris3g.mecklenburgcountync.gov/?pid=07504238
03522106,MECKLENBURG COUNTY,County government,6816 OLD PLANK RD CHARLOTTE NC,CHARLOTTE,SINGLE FAMILY RESIDENTIAL - ACREAGE,Single-family homes,0.799,164400,2,0,https://polaris3g.mecklenburgcountync.gov/?pid=03522106
23105384,MECKLENBURG COUNTY,County government,3322 ALLENWOOD RD CHARLOTTE NC,CHARLOTTE,SINGLE FAMILY RESIDENTIAL - ACREAGE,Single-family homes,0.179,43000,2,1,https://polaris3g.mecklenburgcountync.gov/?pid=23105384
08903555,MECKLENBURG COUNTY,County government,WELLINGFORD ST CHARLOTTE NC,CHARLOTTE,MULTI FAMILY,Multi-family,1.640,370400,2,2,https://polaris3g.mecklenburgcountync.gov/?pid=08903555
22305202,MECKLENBURG COUNTY,County government,17131 LANCASTER HY UNINC NC,MECKLENBURG COUNTY-UNINCORPORATED,OTHER COUNTY PROPERTY,"Public land, ROW & utility",182.312,13435700,2,1,https://polaris3g.mecklenburgcountync.gov/?pid=22305202
11507504,MECKLENBURG COUNTY,County government,CPCC HARRIS CAMPUS DR CHARLOTTE NC,CHARLOTTE,OTHER MUNICIPAL,"Public land, ROW & utility",1.206,472100,2,1,https://polaris3g.mecklenburgcountync.gov/?pid=11507504
17517501,MECKLENBURG COUNTY,County government,324 FIELDBROOK PL CHARLOTTE NC,CHARLOTTE,GREENWAY TRAIL,"Public land, ROW & utility",0.186,595000,2,0,https://polaris3g.mecklenburgcountync.gov/?pid=17517501
10511112,MECKLENBURG COUNTY,County government,9001 PLAZA RD CHARLOTTE NC,CHARLOTTE,MULTI FAMILY,Multi-family,1.327,102800,2,1,https://polaris3g.mecklenburgcountync.gov/?pid=10511112
19933106,MECKLENBURG COUNTY,County government,15121 NOBBER LN UNINC NC,MECKLENBURG COUNTY-UNINCORPORATED,SINGLE FAMILY RESIDENTIAL - WATERFRONT,Single-family homes,4.467,567000,2,2,https://polaris3g.mecklenburgcountync.gov/?pid=19933106
04524113,MECKLENBURG COUNTY,County government,FINCHER BV CHARLOTTE NC,CHARLOTTE,"WASTELAND, SLIVERS, GULLIES, ROCK OUTCROP","Vacant, floodplain & farm",0.042,100,2,1,https://polaris3g.mecklenburgcountync.gov/?pid=04524113
12509601,MECKLENBURG COUNTY,County government,ELIZABETH AV CHARLOTTE NC,CHARLOTTE,OTHER COUNTY PROPERTY,"Public land, ROW & utility",1.178,7683000,2,0,https://polaris3g.mecklenburgcountync.gov/?pid=12509601
16104301,CHARLOTTE MECKLENBURG BOARD OF EDUCATION,CMS (Board of Education),4320 MANTLE CT CHARLOTTE NC,CHARLOTTE,MULTI FAMILY,Multi-family,0.636,538200,2,1,https://polaris3g.mecklenburgcountync.gov/?pid=16104301
05101131,MECKLENBURG COUNTY,County government,PAVILION BV CHARLOTTE NC,CHARLOTTE,OFFICE,Commercial & office,1.376,641600,2,1,https://polaris3g.mecklenburgcountync.gov/?pid=05101131
07902108,MECKLENBURG COUNTY ABC BOARD,Library / ABC / Landmarks,1609 N GRAHAM ST CHARLOTTE NC,CHARLOTTE,OTHER MUNICIPAL,"Public land, ROW & utility",1.063,2800300,2,2,https://polaris3g.mecklenburgcountync.gov/?pid=07902108
12521307,MECKLENBURG COUNTY,County government,1445 E MOREHEAD ST CHARLOTTE NC,CHARLOTTE,OTHER COUNTY PROPERTY,"Public land, ROW & utility",1.510,1239800,2,1,https://polaris3g.mecklenburgcountync.gov/?pid=12521307
15703417,MECKLENBURG COUNTY,County government,3401 WHEATLEY AV CHARLOTTE NC,CHARLOTTE,SINGLE FAMILY RESIDENTIAL,Single-family homes,0.196,175000,2,2,https://polaris3g.mecklenburgcountync.gov/?pid=15703417
08004302,MECKLENBURG COUNTY,County government,325 E 8TH ST CHARLOTTE NC,CHARLOTTE,OTHER COUNTY PROPERTY,"Public land, ROW & utility",0.542,4209900,2,2,https://polaris3g.mecklenburgcountync.gov/?pid=08004302
08007201,MECKLENBURG COUNTY,County government,401 E 9TH ST CHARLOTTE NC,CHARLOTTE,SCHOOL - PUBLIC,Institutional,3.428,35528300,2,0,https://polaris3g.mecklenburgcountync.gov/?pid=08007201
08109501,MECKLENBURG COUNTY,County government,1226 N ALEXANDER ST CHARLOTTE NC,CHARLOTTE,REC AREA,"Public land, ROW & utility",0.173,175000,2,0,https://polaris3g.mecklenburgcountync.gov/?pid=08109501
06909339,MECKLENBURG COUNTY,County government,ESTELLE ST CHARLOTTE NC,CHARLOTTE,SINGLE FAMILY RESIDENTIAL,Single-family homes,0.234,27500,2,0,https://polaris3g.mecklenburgcountync.gov/?pid=06909339
08002312,MECKLENBURG COUNTY,County government,345 N COLLEGE ST CHARLOTTE NC,CHARLOTTE,OTHER COUNTY PROPERTY,"Public land, ROW & utility",0.217,2735300,2,0,https://polaris3g.mecklenburgcountync.gov/?pid=08002312
03116115,MECKLENBURG COUNTY,County government,1401 RIVERSIDE DR CHARLOTTE NC,CHARLOTTE,SINGLE FAMILY RESIDENTIAL - RIVER,Single-family homes,0.251,135000,2,0,https://polaris3g.mecklenburgcountync.gov/?pid=03116115
15901606,CHARLOTTE MECKLENBURG BOARD OF EDUCATION,CMS (Board of Education),2420 E INDEPENDENCE BV CHARLOTTE NC,CHARLOTTE,OFFICE,Commercial & office,0.262,158800,2,0,https://polaris3g.mecklenburgcountync.gov/?pid=15901606
09713119,MECKLENBURG COUNTY,County government,EASTWAY DR CHARLOTTE NC,CHARLOTTE,"WASTELAND, SLIVERS, GULLIES, ROCK OUTCROP","Vacant, floodplain & farm",0.054,900,2,1,https://polaris3g.mecklenburgcountync.gov/?pid=09713119
06907627,MECKLENBURG COUNTY,County government,LAKEWOOD AV CHARLOTTE NC,CHARLOTTE,OTHER COUNTY PROPERTY,"Public land, ROW & utility",0.042,0,2,0,https://polaris3g.mecklenburgcountync.gov/?pid=06907627
19933135,MECKLENBURG COUNTY,County government,12501 FOUR HORSE RD UNINC NC,MECKLENBURG COUNTY-UNINCORPORATED,SINGLE FAMILY RESIDENTIAL - WATERFRONT,Single-family homes,16.064,1731800,2,2,https://polaris3g.mecklenburgcountync.gov/?pid=19933135
11338104,MECKLENBURG COUNTY,County government,10101 WALKERS FERRY RD UNINC NC,MECKLENBURG COUNTY-UNINCORPORATED,SINGLE FAMILY RESIDENTIAL - ACREAGE,Single-family homes,0.960,140000,2,1,https://polaris3g.mecklenburgcountync.gov/?pid=11338104
08009803,MECKLENBURG COUNTY,County government,116 N MYERS ST CHARLOTTE NC,CHARLOTTE,COMMERCIAL,Commercial & office,0.242,1243000,2,2,https://polaris3g.mecklenburgcountync.gov/?pid=08009803
09313401,MECKLENBURG COUNTY,County government,3001 DUNLAVIN WY CHARLOTTE NC,CHARLOTTE,OTHER COUNTY PROPERTY,"Public land, ROW & utility",0.271,93500,2,0,https://polaris3g.mecklenburgcountync.gov/?pid=09313401
01909304,MECKLENBURG COUNTY,County government,14008 HOLBROOKS RD HUNTERSVILLE NC,HUNTERSVILLE,OTHER COUNTY PROPERTY,"Public land, ROW & utility",1.361,896900,2,1,https://polaris3g.mecklenburgcountync.gov/?pid=01909304
03325116,MECKLENBURG COUNTY,County government,OAKDALE RD UNINC NC,MECKLENBURG COUNTY-UNINCORPORATED,SINGLE FAMILY RESIDENTIAL - ACREAGE,Single-family homes,0.238,10100,2,0,https://polaris3g.mecklenburgcountync.gov/?pid=03325116
09510260,MECKLENBURG COUNTY,County government,ARNOLD DR CHARLOTTE NC,CHARLOTTE,SINGLE FAMILY RESIDENTIAL,Single-family homes,0.171,180000,2,1,https://polaris3g.mecklenburgcountync.gov/?pid=09510260
14517206,MECKLENBURG COUNTY,County government,LESTER ST CHARLOTTE NC,CHARLOTTE,SINGLE FAMILY RESIDENTIAL,Single-family homes,0.154,20000,2,0,https://polaris3g.mecklenburgcountync.gov/?pid=14517206
10326C98,CHARLOTTE MECKLENBURG BOARD OF EDUCATION,CMS (Board of Education),6623 EXECUTIVE CR CHARLOTTE NC,CHARLOTTE,OFFICE CONDOMINIUM,Condo & townhouse,4.716,2956900,2,1,https://polaris3g.mecklenburgcountync.gov/?pid=10326C98
10326C98,CHARLOTTE MECKLENBURG BOARD OF EDUCATION,CMS (Board of Education),6635 EXECUTIVE CR CHARLOTTE NC,CHARLOTTE,OFFICE CONDOMINIUM,Condo & townhouse,4.716,3890400,2,1,https://polaris3g.mecklenburgcountync.gov/?pid=10326C98
06513401,MECKLENBURG COUNTY,County government,419 LANDER ST CHARLOTTE NC,CHARLOTTE,SINGLE FAMILY RESIDENTIAL,Single-family homes,0.352,75000,2,1,https://polaris3g.mecklenburgcountync.gov/?pid=06513401
02511398,MECKLENBURG COUNTY,County government,LONG CREEK GREEN DR CHARLOTTE NC,CHARLOTTE,MULTI FAMILY,Multi-family,0.174,11100,2,1,https://polaris3g.mecklenburgcountync.gov/?pid=02511398
20118144,MECKLENBURG COUNTY,County government,9844 S TRYON ST CHARLOTTE NC,CHARLOTTE,INDUSTRIAL,Industrial & warehouse,0.377,64800,2,1,https://polaris3g.mecklenburgcountync.gov/?pid=20118144
17307103,MECKLENBURG COUNTY,County government,2801 SPRING VALLEY RD CHARLOTTE NC,CHARLOTTE,SINGLE FAMILY RESIDENTIAL,Single-family homes,0.408,209000,2,1,https://polaris3g.mecklenburgcountync.gov/?pid=17307103
04511210,MECKLENBURG COUNTY,County government,N GRAHAM ST CHARLOTTE NC,CHARLOTTE,PVT Owned RR with Rail ROW,"Public land, ROW & utility",0.035,100,2,2,https://polaris3g.mecklenburgcountync.gov/?pid=04511210
12504301,MECKLENBURG COUNTY,County government,101 S MCDOWELL ST CHARLOTTE NC,CHARLOTTE,OFFICE,Commercial & office,0.751,8103100,2,0,https://polaris3g.mecklenburgcountync.gov/?pid=12504301
09711149,MECKLENBURG COUNTY,County government,STITT RD CHARLOTTE NC,CHARLOTTE,OTHER COUNTY PROPERTY,"Public land, ROW & utility",1.634,,2,0,https://polaris3g.mecklenburgcountync.gov/?pid=09711149
04920101,MECKLENBURG COUNTY,County government,800 W ROCKY RIVER RD CHARLOTTE NC,CHARLOTTE,SINGLE FAMILY RESIDENTIAL - ACREAGE,Single-family homes,7.146,201000,2,2,https://polaris3g.mecklenburgcountync.gov/?pid=04920101
03116107,MECKLENBURG COUNTY,County government,1235 RIVERSIDE DR CHARLOTTE NC,CHARLOTTE,SINGLE FAMILY RESIDENTIAL - RIVER,Single-family homes,0.249,135000,2,1,https://polaris3g.mecklenburgcountync.gov/?pid=03116107
21309132,MECKLENBURG COUNTY,County government,SARDIS RD CHARLOTTE NC,CHARLOTTE,OTHER COUNTY PROPERTY,"Public land, ROW & utility",0.223,10400,2,0,https://polaris3g.mecklenburgcountync.gov/?pid=21309132
14533107,CHARLOTTE MECKLENBURG BOARD OF EDUCATION,CMS (Board of Education),4421 STUART ANDREW BV CHARLOTTE NC,CHARLOTTE,OFFICE,Commercial & office,5.496,21028500,2,1,https://polaris3g.mecklenburgcountync.gov/?pid=14533107
03115224,MECKLENBURG COUNTY,County government,10525 BEAGLE CLUB RD CHARLOTTE NC,CHARLOTTE,SINGLE FAMILY RESIDENTIAL,Single-family homes,2.007,7500,2,1,https://polaris3g.mecklenburgcountync.gov/?pid=03115224
11134170,MECKLENBURG COUNTY,County government,REEDY CREEK RD UNINC NC,MECKLENBURG COUNTY-UNINCORPORATED,SINGLE FAMILY RESIDENTIAL,Single-family homes,0.469,70000,2,1,https://polaris3g.mecklenburgcountync.gov/?pid=11134170
03147204,MECKLENBURG COUNTY,County government,1509 LAKE DR UNINC NC,MECKLENBURG COUNTY-UNINCORPORATED,SINGLE FAMILY RESIDENTIAL - RIVER,Single-family homes,0.474,135000,2,1,https://polaris3g.mecklenburgcountync.gov/?pid=03147204
07508332,CHARLOTTE MECKLENBURG BOARD OF EDUCATION,CMS (Board of Education),1814 OAKLAWN AV CHARLOTTE NC,CHARLOTTE,SINGLE FAMILY RESIDENTIAL,Single-family homes,0.477,90800,2,0,https://polaris3g.mecklenburgcountync.gov/?pid=07508332
03147222,MECKLENBURG COUNTY,County government,1905 LAKE DR UNINC NC,MECKLENBURG COUNTY-UNINCORPORATED,SINGLE FAMILY RESIDENTIAL - RIVER,Single-family homes,0.151,121500,2,2,https://polaris3g.mecklenburgcountync.gov/?pid=03147222
07807420,MECKLENBURG COUNTY,County government,417 W 9TH ST CHARLOTTE NC,CHARLOTTE,OTHER COUNTY PROPERTY,"Public land, ROW & utility",0.135,872300,2,1,https://polaris3g.mecklenburgcountync.gov/?pid=07807420
00503290,MECKLENBURG COUNTY,County government,10097 BAILEY RD CORNELIUS NC,CORNELIUS,SINGLE FAMILY RESIDENTIAL - ACREAGE,Single-family homes,0.299,29000,2,1,https://polaris3g.mecklenburgcountync.gov/?pid=00503290
14117133,MECKLENBURG COUNTY,County government,DIXIE RIVER RD CHARLOTTE NC,CHARLOTTE,INDUSTRIAL,Industrial & warehouse,1.362,137300,2,1,https://polaris3g.mecklenburgcountync.gov/?pid=14117133
15111208,MECKLENBURG COUNTY,County government,2936 WESTFIELD RD CHARLOTTE NC,CHARLOTTE,FLUM/SWIM FLOODWAY (NO BUILD ZONE),"Vacant, floodplain & farm",0.215,455000,2,0,https://polaris3g.mecklenburgcountync.gov/?pid=15111208
08901401,MECKLENBURG COUNTY,County government,141 WELLINGFORD ST CHARLOTTE NC,CHARLOTTE,SINGLE FAMILY RESIDENTIAL,Single-family homes,0.161,47500,2,0,https://polaris3g.mecklenburgcountync.gov/?pid=08901401
09312522,MECKLENBURG COUNTY,County government,3817 COUNTRY CLUB DR CHARLOTTE NC,CHARLOTTE,SINGLE FAMILY RESIDENTIAL,Single-family homes,0.284,144500,2,0,https://polaris3g.mecklenburgcountync.gov/?pid=09312522
00537196,MECKLENBURG COUNTY,County government,SAM FURR RD HUNTERSVILLE NC,HUNTERSVILLE,OTHER COUNTY PROPERTY,"Public land, ROW & utility",2.196,67200,2,2,https://polaris3g.mecklenburgcountync.gov/?pid=00537196
08109109,MECKLENBURG COUNTY,County government,1313 N ALEXANDER ST CHARLOTTE NC,CHARLOTTE,GREENWAY TRAIL,"Public land, ROW & utility",0.175,315000,2,0,https://polaris3g.mecklenburgcountync.gov/?pid=08109109
11334103,MECKLENBURG COUNTY,County government,WILKINSON BV UNINC NC,MECKLENBURG COUNTY-UNINCORPORATED,OTHER COUNTY PROPERTY,"Public land, ROW & utility",0.213,27600,2,1,https://polaris3g.mecklenburgcountync.gov/?pid=11334103
06908116,MECKLENBURG COUNTY,County government,CELIA AV CHARLOTTE NC,CHARLOTTE,SINGLE FAMILY RESIDENTIAL,Single-family homes,0.349,8800,2,2,https://polaris3g.mecklenburgcountync.gov/?pid=06908116
06909615,MECKLENBURG COUNTY,County government,2700 ESTELLE ST CHARLOTTE NC,CHARLOTTE,SINGLE FAMILY RESIDENTIAL,Single-family homes,0.394,79800,2,0,https://polaris3g.mecklenburgcountync.gov/?pid=06909615
09313410,MECKLENBURG COUNTY,County government,3101 DUNLAVIN WY CHARLOTTE NC,CHARLOTTE,SINGLE FAMILY RESIDENTIAL,Single-family homes,0.310,93500,2,1,https://polaris3g.mecklenburgcountync.gov/?pid=09313410
22904139,MECKLENBURG COUNTY,County government,BRYANT FARMS RD CHARLOTTE NC,CHARLOTTE,REC AREA,"Public land, ROW & utility",1.786,904900,2,1,https://polaris3g.mecklenburgcountync.gov/?pid=22904139
11107413,MECKLENBURG COUNTY,County government,8405 REEDY CREEK RD UNINC NC,MECKLENBURG COUNTY-UNINCORPORATED,SINGLE FAMILY RESIDENTIAL - ACREAGE,Single-family homes,0.110,2100,2,1,https://polaris3g.mecklenburgcountync.gov/?pid=11107413
13317134,MECKLENBURG COUNTY ALCOHOLIC BEVERAGE CONTROL BOARD,Library / ABC / Landmarks,6400 ALBEMARLE RD CHARLOTTE NC,CHARLOTTE,COMMERCIAL,Commercial & office,1.566,1947500,2,2,https://polaris3g.mecklenburgcountync.gov/?pid=13317134
03115113,MECKLENBURG COUNTY,County government,1025 RIVERSIDE DR CHARLOTTE NC,CHARLOTTE,SINGLE FAMILY RESIDENTIAL - RIVER,Single-family homes,0.183,121500,2,1,https://polaris3g.mecklenburgcountync.gov/?pid=03115113
16712103,CHARLOTTE MECKLENBURG BOARD OF EDUCATION,CMS (Board of Education),7110 NATIONS FORD RD CHARLOTTE NC,CHARLOTTE,SCHOOL - PUBLIC,Institutional,0.633,104700,2,1,https://polaris3g.mecklenburgcountync.gov/?pid=16712103
15301233,CHARLOTTE MECKLENBURG HOSPITAL AUTHORITY,Hospital Authority (Atrium),1020 MOREHEAD MEDICAL DR CHARLOTTE NC,CHARLOTTE,OFFICE,Commercial & office,4.172,53148000,2,0,https://polaris3g.mecklenburgcountync.gov/?pid=15301233
03728310,MECKLENBURG COUNTY,County government,5738 SOUTHMINSTER LN CHARLOTTE NC,CHARLOTTE,SINGLE FAMILY RESIDENTIAL,Single-family homes,0.262,35000,2,0,https://polaris3g.mecklenburgcountync.gov/?pid=03728310
16306101,CHARLOTTE MECKLENBURG BOARD OF EDUCATION,CMS (Board of Education),1801 RAMA RD CHARLOTTE NC,CHARLOTTE,SCHOOL - PUBLIC,Institutional,4.857,1759700,2,1,https://polaris3g.mecklenburgcountync.gov/?pid=16306101
06108106,CHARLOTTE MECKLENBURG BOARD OF EDUCATION,CMS (Board of Education),DENVER AV CHARLOTTE NC,CHARLOTTE,INDUSTRIAL,Industrial & warehouse,0.351,52500,2,0,https://polaris3g.mecklenburgcountync.gov/?pid=06108106
03116104,MECKLENBURG COUNTY,County government,1213 RIVERSIDE DR CHARLOTTE NC,CHARLOTTE,SINGLE FAMILY RESIDENTIAL - RIVER,Single-family homes,0.257,135000,2,2,https://polaris3g.mecklenburgcountync.gov/?pid=03116104
16915107,MECKLENBURG COUNTY,County government,REYNOLDS AV CHARLOTTE NC,CHARLOTTE,OTHER COUNTY PROPERTY,"Public land, ROW & utility",0.252,14800,2,0,https://polaris3g.mecklenburgcountync.gov/?pid=16915107
19933103,MECKLENBURG COUNTY,County government,15034 BUCKIE CT UNINC NC,MECKLENBURG COUNTY-UNINCORPORATED,SINGLE FAMILY RESIDENTIAL - WATERFRONT,Single-family homes,1.357,495000,2,1,https://polaris3g.mecklenburgcountync.gov/?pid=19933103
03719224,MECKLENBURG COUNTY,County government,5225 SPECTOR DR CHARLOTTE NC,CHARLOTTE,INDUSTRIAL,Industrial & warehouse,13.364,16556900,2,1,https://polaris3g.mecklenburgcountync.gov/?pid=03719224
16915524,MECKLENBURG COUNTY,County government,REYNOLDS AV CHARLOTTE NC,CHARLOTTE,OTHER COUNTY PROPERTY,"Public land, ROW & utility",0.860,50200,2,0,https://polaris3g.mecklenburgcountync.gov/?pid=16915524
08007202,MECKLENBURG COUNTY,County government,702 N BREVARD ST CHARLOTTE NC,CHARLOTTE,COMMERCIAL,Commercial & office,0.378,2675900,2,0,https://polaris3g.mecklenburgcountync.gov/?pid=08007202
15302507,CHARLOTTE MECKLENBURG HOSPITAL AUTHORITY,Hospital Authority (Atrium),1623 SCOTT AV CHARLOTTE NC,CHARLOTTE,SINGLE FAMILY RESIDENTIAL,Single-family homes,0.188,563800,2,2,https://polaris3g.mecklenburgcountync.gov/?pid=15302507
15310523,MECKLENBURG COUNTY,County government,2335 SHARON RD CHARLOTTE NC,CHARLOTTE,FLUM/SWIM FLOODWAY (NO BUILD ZONE),"Vacant, floodplain & farm",0.150,165000,2,2,https://polaris3g.mecklenburgcountync.gov/?pid=15310523
14117119,MECKLENBURG COUNTY,County government,SHOPTON RD CHARLOTTE NC,CHARLOTTE,INDUSTRIAL,Industrial & warehouse,2.328,302900,2,0,https://polaris3g.mecklenburgcountync.gov/?pid=14117119
07512134,CHARLOTTE MECKLENBURG BOARD OF EDUCATION,CMS (Board of Education),1900 NEWCASTLE ST CHARLOTTE NC,CHARLOTTE,SCHOOL - PUBLIC,Institutional,10.087,14171600,2,1,https://polaris3g.mecklenburgcountync.gov/?pid=07512134
01934109,MECKLENBURG COUNTY,County government,TRAILS END LN UNINC NC,MECKLENBURG COUNTY-UNINCORPORATED,SINGLE FAMILY RESIDENTIAL - ACREAGE,Single-family homes,1.935,120000,2,1,https://polaris3g.mecklenburgcountync.gov/?pid=01934109
02315118,MECKLENBURG COUNTY,County government,HAYMARKET RD UNINC NC,MECKLENBURG COUNTY-UNINCORPORATED,100 YEAR FLOOD PLAIN - AC,"Vacant, floodplain & farm",18.663,65700,2,2,https://polaris3g.mecklenburgcountync.gov/?pid=02315118
12507165,MECKLENBURG COUNTY,County government,710 E MARTIN LUTHER KING JR BV CHARLOTTE NC,CHARLOTTE,OTHER COUNTY PROPERTY,"Public land, ROW & utility",1.405,10502300,2,0,https://polaris3g.mecklenburgcountync.gov/?pid=12507165
12523401,MECKLENBURG COUNTY,County government,501 S TORRENCE ST CHARLOTTE NC,CHARLOTTE,SINGLE FAMILY RESIDENTIAL,Single-family homes,1.708,2070600,2,2,https://polaris3g.mecklenburgcountync.gov/?pid=12523401
02302270,MECKLENBURG COUNTY,County government,NECK RD UNINC NC,MECKLENBURG COUNTY-UNINCORPORATED,RURAL HOMESITE,Single-family homes,0.008,900,2,2,https://polaris3g.mecklenburgcountync.gov/?pid=02302270
15301229,CHARLOTTE MECKLENBURG HOSPITAL AUTHORITY,Hospital Authority (Atrium),1025 MOREHEAD MEDICAL DR CHARLOTTE NC,CHARLOTTE,OFFICE,Commercial & office,0.937,4046100,2,0,https://polaris3g.mecklenburgcountync.gov/?pid=15301229
07504233,MECKLENBURG COUNTY,County government,1801 CATHERINE SIMMONS AV CHARLOTTE NC,CHARLOTTE,REC AREA,"Public land, ROW & utility",0.189,22200,2,0,https://polaris3g.mecklenburgcountync.gov/?pid=07504233
12509501,MECKLENBURG COUNTY,County government,1124 ELIZABETH AV CHARLOTTE NC,CHARLOTTE,OTHER COUNTY PROPERTY,"Public land, ROW & utility",0.505,3351700,2,0,https://polaris3g.mecklenburgcountync.gov/?pid=12509501
19948107,MECKLENBURG COUNTY,County government,15116 SHOPTON RD UNINC NC,MECKLENBURG COUNTY-UNINCORPORATED,SINGLE FAMILY RESIDENTIAL - ACREAGE,Single-family homes,2.852,462200,2,0,https://polaris3g.mecklenburgcountync.gov/?pid=19948107
15901101,MECKLENBURG COUNTY,County government,2819 MONROE RD CHARLOTTE NC,CHARLOTTE,OTHER COUNTY PROPERTY,"Public land, ROW & utility",2.554,904400,2,0,https://polaris3g.mecklenburgcountync.gov/?pid=15901101
18510301,MECKLENBURG COUNTY,County government,5100 ADDISON DR CHARLOTTE NC,CHARLOTTE,FLUM/SWIM FLOODWAY (NO BUILD ZONE),"Vacant, floodplain & farm",0.862,255000,2,0,https://polaris3g.mecklenburgcountync.gov/?pid=18510301
23113143,MECKLENBURG COUNTY ABC BOARD,Library / ABC / Landmarks,6318 PROVIDENCE FARM LN CHARLOTTE NC,CHARLOTTE,COMMERCIAL,Commercial & office,1.186,3916000,2,2,https://polaris3g.mecklenburgcountync.gov/?pid=23113143
16713342,CHARLOTTE MECKLENBURG BOARD OF EDUCATION,CMS (Board of Education),1039 WANDA LN CHARLOTTE NC,CHARLOTTE,SCHOOL - PUBLIC,Institutional,3.217,366000,2,1,https://polaris3g.mecklenburgcountync.gov/?pid=16713342
03115104,MECKLENBURG COUNTY,County government,917 RIVERSIDE DR CHARLOTTE NC,CHARLOTTE,SINGLE FAMILY RESIDENTIAL - RIVER,Single-family homes,0.210,135000,2,0,https://polaris3g.mecklenburgcountync.gov/?pid=03115104
03147203,MECKLENBURG COUNTY,County government,1501 LAKE DR UNINC NC,MECKLENBURG COUNTY-UNINCORPORATED,SINGLE FAMILY RESIDENTIAL - RIVER,Single-family homes,0.757,236300,2,0,https://polaris3g.mecklenburgcountync.gov/?pid=03147203
17508126,MECKLENBURG COUNTY,County government,2210 WINDING WOOD LN CHARLOTTE NC,CHARLOTTE,FLUM/SWIM FLOODWAY (NO BUILD ZONE),"Vacant, floodplain & farm",0.058,131300,2,0,https://polaris3g.mecklenburgcountync.gov/?pid=17508126
03147233,MECKLENBURG COUNTY,County government,10718 HARWOOD LN UNINC NC,MECKLENBURG COUNTY-UNINCORPORATED,SINGLE FAMILY RESIDENTIAL - RIVER,Single-family homes,1.154,320200,2,0,https://polaris3g.mecklenburgcountync.gov/?pid=03147233
07504321,MECKLENBURG COUNTY,County government,1601 CATHERINE SIMMONS AV CHARLOTTE NC,CHARLOTTE,REC AREA,"Public land, ROW & utility",0.190,22200,2,0,https://polaris3g.mecklenburgcountync.gov/?pid=07504321
05113307,MECKLENBURG COUNTY,County government,PIMPERNEL RD CHARLOTTE NC,CHARLOTTE,SINGLE FAMILY RESIDENTIAL - COMMON,HOA common area,0.492,0,2,2,https://polaris3g.mecklenburgcountync.gov/?pid=05113307
08017202,MECKLENBURG COUNTY,County government,1320 E 7TH ST CHARLOTTE NC,CHARLOTTE,OFFICE,Commercial & office,0.191,1316500,2,0,https://polaris3g.mecklenburgcountync.gov/?pid=08017202
06909332,MECKLENBURG COUNTY,County government,MCDONALD ST CHARLOTTE NC,CHARLOTTE,SINGLE FAMILY RESIDENTIAL,Single-family homes,0.128,24800,2,0,https://polaris3g.mecklenburgcountync.gov/?pid=06909332
11107414,MECKLENBURG COUNTY,County government,8417 REEDY CREEK RD UNINC NC,MECKLENBURG COUNTY-UNINCORPORATED,SINGLE FAMILY RESIDENTIAL - ACREAGE,Single-family homes,0.067,1300,2,0,https://polaris3g.mecklenburgcountync.gov/?pid=11107414
04743103,COUNTY OF MECKLENBURG,County government,N I-85 HY CHARLOTTE NC,CHARLOTTE,GREENWAY TRAIL,"Public land, ROW & utility",3.818,55000,2,1,https://polaris3g.mecklenburgcountync.gov/?pid=04743103
15704126,MECKLENBURG COUNTY,County government,ELLINGTON ST CHARLOTTE NC,CHARLOTTE,OTHER COUNTY PROPERTY,"Public land, ROW & utility",0.246,241100,2,0,https://polaris3g.mecklenburgcountync.gov/?pid=15704126
12507118,MECKLENBURG COUNTY,County government,800 E MARTIN LUTHER KING JR BV CHARLOTTE NC,CHARLOTTE,REC AREA,"Public land, ROW & utility",4.111,34395500,2,0,https://polaris3g.mecklenburgcountync.gov/?pid=12507118
01318111,MECKLENBURG COUNTY,County government,4198 NECK RD UNINC NC,MECKLENBURG COUNTY-UNINCORPORATED,SINGLE FAMILY RESIDENTIAL - WATERFRONT,Single-family homes,1.757,236100,2,0,https://polaris3g.mecklenburgcountync.gov/?pid=01318111
07504341,MECKLENBURG COUNTY,County government,1701 CATHERINE SIMMONS AV CHARLOTTE NC,CHARLOTTE,REC AREA,"Public land, ROW & utility",0.174,22200,2,0,https://polaris3g.mecklenburgcountync.gov/?pid=07504341
15302527,CHARLOTTE MECKLENBURG HOSPITAL AUTHORITY,Hospital Authority (Atrium),1614 FOUNTAIN VIEW CHARLOTTE NC,CHARLOTTE,SINGLE FAMILY RESIDENTIAL,Single-family homes,0.230,830600,2,0,https://polaris3g.mecklenburgcountync.gov/?pid=15302527
13538174,MECKLENBURG COUNTY ALCOHOLIC BEV CONTROL,Library / ABC / Landmarks,7044 BRIGHTON PARK DR MINT HILL NC,MINT HILL,COMMERCIAL,Commercial & office,0.739,1247100,2,2,https://polaris3g.mecklenburgcountync.gov/?pid=13538174
12902409,MECKLENBURG COUNTY,County government,MORNINGSIDE DR CHARLOTTE NC,CHARLOTTE,100 YEAR FLOOD PLAIN - AC,"Vacant, floodplain & farm",0.857,289600,2,2,https://polaris3g.mecklenburgcountync.gov/?pid=12902409
10942499,MECKLENBURG COUNTY TAX COLLECTOR,County government,6621 HEMSWORTH TR CHARLOTTE NC,CHARLOTTE,"WASTELAND, SLIVERS, GULLIES, ROCK OUTCROP","Vacant, floodplain & farm",0.013,600,2,2,https://polaris3g.mecklenburgcountync.gov/?pid=10942499
08003204,MECKLENBURG COUNTY,County government,601 N COLLEGE ST CHARLOTTE NC,CHARLOTTE,COMMERCIAL,Commercial & office,0.282,2284600,2,1,https://polaris3g.mecklenburgcountync.gov/?pid=08003204
15302520,CHARLOTTE MECKLENBURG HOSPITAL AUTHORITY,Hospital Authority (Atrium),1712 FOUNTAIN VIEW CHARLOTTE NC,CHARLOTTE,OFFICE,Commercial & office,0.221,1250900,2,2,https://polaris3g.mecklenburgcountync.gov/?pid=15302520
22904195,MECKLENBURG COUNTY,County government,COMMUNITY HOUSE RD CHARLOTTE NC,CHARLOTTE,OTHER COUNTY PROPERTY,"Public land, ROW & utility",0.108,28100,2,0,https://polaris3g.mecklenburgcountync.gov/?pid=22904195
06909333,MECKLENBURG COUNTY,County government,1530 MCDONALD ST CHARLOTTE NC,CHARLOTTE,SINGLE FAMILY RESIDENTIAL,Single-family homes,0.555,38500,2,0,https://polaris3g.mecklenburgcountync.gov/?pid=06909333
03145111,CHARLOTTE MECKLENBURG BOARD OF EDUCATION,CMS (Board of Education),1023 MT HOLLY-HUNTERSVILLE RD CHARLOTTE NC,CHARLOTTE,SINGLE FAMILY RESIDENTIAL - ACREAGE,Single-family homes,1.174,93800,2,0,https://polaris3g.mecklenburgcountync.gov/?pid=03145111
03147230,MECKLENBURG COUNTY,County government,2031 LAKE DR UNINC NC,MECKLENBURG COUNTY-UNINCORPORATED,SINGLE FAMILY RESIDENTIAL - RIVER,Single-family homes,0.245,135000,2,2,https://polaris3g.mecklenburgcountync.gov/?pid=03147230
07311205,MECKLENBURG COUNTY,County government,S MINT ST CHARLOTTE NC,CHARLOTTE,STADIUM / ARENA,Institutional,4.240,35657900,2,0,https://polaris3g.mecklenburgcountync.gov/?pid=07311205
08007203,MECKLENBURG COUNTY,County government,715 N CALDWELL ST CHARLOTTE NC,CHARLOTTE,COMMERCIAL,Commercial & office,2.907,37389700,2,0,https://polaris3g.mecklenburgcountync.gov/?pid=08007203
08304301,MECKLENBURG COUNTY,County government,1708 N DAVIDSON ST CHARLOTTE NC,CHARLOTTE,REC AREA,"Public land, ROW & utility",0.146,266000,2,0,https://polaris3g.mecklenburgcountync.gov/?pid=08304301
13515101,MECKLENBURG COUNTY,County government,5001 MARGARET WALLACE RD MINT HILL NC,MINT HILL,MULTI FAMILY,Multi-family,3.886,463300,2,2,https://polaris3g.mecklenburgcountync.gov/?pid=13515101
14517310,MECKLENBURG COUNTY,County government,3149 AMAY JAMES AV CHARLOTTE NC,CHARLOTTE,SINGLE FAMILY RESIDENTIAL,Single-family homes,0.238,115000,2,0,https://polaris3g.mecklenburgcountync.gov/?pid=14517310
16521403,MECKLENBURG COUNTY,County government,10701 E W T HARRIS BV CHARLOTTE NC,CHARLOTTE,OTHER COUNTY PROPERTY,"Public land, ROW & utility",0.647,37800,2,0,https://polaris3g.mecklenburgcountync.gov/?pid=16521403
18930179,MECKLENBURG COUNTY,County government,THERMAL RD CHARLOTTE NC,CHARLOTTE,"WASTELAND, SLIVERS, GULLIES, ROCK OUTCROP","Vacant, floodplain & farm",0.009,300,2,1,https://polaris3g.mecklenburgcountync.gov/?pid=18930179
04703208,CHARLOTTE MECKLENBURG BOARD OF EDUCATION,CMS (Board of Education),2300 W SUGAR CREEK RD CHARLOTTE NC,CHARLOTTE,SCHOOL - PUBLIC,Institutional,8.010,6648900,2,2,https://polaris3g.mecklenburgcountync.gov/?pid=04703208
14508203,MECKLENBURG COUNTY,County government,REVOLUTION PARK DR CHARLOTTE NC,CHARLOTTE,GOLF COURSE CLASS 4 - MINIMUM QUALITY,Commercial & office,2.757,673800,2,1,https://polaris3g.mecklenburgcountync.gov/?pid=14508203
05103204,MECKLENBURG COUNTY,County government,11208 N TRYON ST CHARLOTTE NC,CHARLOTTE,100 YEAR FLOOD PLAIN - AC,"Vacant, floodplain & farm",1.481,76400,2,1,https://polaris3g.mecklenburgcountync.gov/?pid=05103204
12306210,MECKLENBURG COUNTY,County government,201 W KINGSTON AV CHARLOTTE NC,CHARLOTTE,OTHER COUNTY PROPERTY,"Public land, ROW & utility",0.172,1416000,2,0,https://polaris3g.mecklenburgcountync.gov/?pid=12306210
01706207,CHARLOTTE-MECKLENBURG BOARD OF EDUCATION,CMS (Board of Education),12201 HAMBRIGHT RD HUNTERSVILLE NC,HUNTERSVILLE,SCHOOL - PUBLIC,Institutional,22.699,39560600,2,2,https://polaris3g.mecklenburgcountync.gov/?pid=01706207
21932393,CHARLOTTE MECKLENBURG BOARD OF EDUCATION,CMS (Board of Education),15340 SMITH RD CHARLOTTE NC,CHARLOTTE,SINGLE FAMILY RESIDENTIAL - ACREAGE,Single-family homes,17.525,11397800,2,2,https://polaris3g.mecklenburgcountync.gov/?pid=21932393
12521316,MECKLENBURG COUNTY,County government,S KINGS DR CHARLOTTE NC,CHARLOTTE,OTHER COUNTY PROPERTY,"Public land, ROW & utility",1.847,7487300,2,1,https://polaris3g.mecklenburgcountync.gov/?pid=12521316
06905105,MECKLENBURG COUNTY,County government,848 SELDON DR CHARLOTTE NC,CHARLOTTE,SINGLE FAMILY RESIDENTIAL,Single-family homes,0.258,113800,2,1,https://polaris3g.mecklenburgcountync.gov/?pid=06905105
08108208,MECKLENBURG COUNTY,County government,712 BELMONT AV CHARLOTTE NC,CHARLOTTE,REC AREA,"Public land, ROW & utility",0.453,227500,2,1,https://polaris3g.mecklenburgcountync.gov/?pid=08108208
05112115,MECKLENBURG COUNTY ABC BOARD,Library / ABC / Landmarks,9740 UNIVERSITY CITY BV CHARLOTTE NC,CHARLOTTE,COMMERCIAL,Commercial & office,0.890,2333300,2,2,https://polaris3g.mecklenburgcountync.gov/?pid=05112115
06908215,MECKLENBURG COUNTY,County government,CELIA AV CHARLOTTE NC,CHARLOTTE,SINGLE FAMILY RESIDENTIAL,Single-family homes,0.103,22100,2,1,https://polaris3g.mecklenburgcountync.gov/?pid=06908215
02321124,MECKLENBURG COUNTY,County government,BEATTIES FORD RD UNINC NC,MECKLENBURG COUNTY-UNINCORPORATED,"WASTELAND, SLIVERS, GULLIES, ROCK OUTCROP","Vacant, floodplain & farm",0.005,100,2,2,https://polaris3g.mecklenburgcountync.gov/?pid=02321124
00712102,CHARLOTTE MECKLENBURG BOARD OF EDUCATION,CMS (Board of Education),12346 BAILEY RD CORNELIUS NC,CORNELIUS,SINGLE FAMILY RESIDENTIAL - ACREAGE,Single-family homes,5.147,587100,2,1,https://polaris3g.mecklenburgcountync.gov/?pid=00712102
09312534,MECKLENBURG COUNTY,County government,2965 DUNLAVIN WY CHARLOTTE NC,CHARLOTTE,OTHER COUNTY PROPERTY,"Public land, ROW & utility",0.300,93500,2,0,https://polaris3g.mecklenburgcountync.gov/?pid=09312534
01308127,MECKLENBURG COUNTY,County government,BEATTIES FORD RD HUNTERSVILLE NC,HUNTERSVILLE,SINGLE FAMILY RESIDENTIAL - ACREAGE,Single-family homes,0.379,36100,2,0,https://polaris3g.mecklenburgcountync.gov/?pid=01308127
03301244,CHARLOTTE MECKLENBURG HOSPITAL AUTHORITY,Hospital Authority (Atrium),COULOAK DR CHARLOTTE NC,CHARLOTTE,COMMERCIAL,Commercial & office,1.630,388000,2,2,https://polaris3g.mecklenburgcountync.gov/?pid=03301244
03147112,MECKLENBURG COUNTY,County government,1501 RIVERSIDE DR UNINC NC,MECKLENBURG COUNTY-UNINCORPORATED,SINGLE FAMILY RESIDENTIAL,Single-family homes,0.507,125800,2,2,https://polaris3g.mecklenburgcountync.gov/?pid=03147112
02932153,MECKLENBURG COUNTY,County government,JOHNSTON OEHLER RD UNINC NC,MECKLENBURG COUNTY-UNINCORPORATED,MULTI FAMILY,Multi-family,0.620,67800,2,2,https://polaris3g.mecklenburgcountync.gov/?pid=02932153
11504201,CHARLOTTE MECKLENBURG BOARD OF EDUCATION,CMS (Board of Education),3241 NEW RENAISSANCE WY CHARLOTTE NC,CHARLOTTE,MULTI FAMILY,Multi-family,8.628,19173500,2,2,https://polaris3g.mecklenburgcountync.gov/?pid=11504201
17108214,MECKLENBURG COUNTY,County government,1001 MOCKINGBIRD LN CHARLOTTE NC,CHARLOTTE,FLUM/SWIM FLOODWAY (NO BUILD ZONE),"Vacant, floodplain & farm",0.248,261300,2,1,https://polaris3g.mecklenburgcountync.gov/?pid=17108214
03121113,MECKLENBURG COUNTY,County government,11825 RIVERHAVEN DR UNINC NC,MECKLENBURG COUNTY-UNINCORPORATED,SINGLE FAMILY RESIDENTIAL - RIVER,Single-family homes,0.238,135000,2,0,https://polaris3g.mecklenburgcountync.gov/?pid=03121113
03121112,MECKLENBURG COUNTY,County government,11821 RIVERHAVEN DR UNINC NC,MECKLENBURG COUNTY-UNINCORPORATED,SINGLE FAMILY RESIDENTIAL - RIVER,Single-family homes,0.236,135000,2,0,https://polaris3g.mecklenburgcountync.gov/?pid=03121112
03301224,MECKLENBURG COUNTY,County government,BROOKSHIRE BV CHARLOTTE NC,CHARLOTTE,SINGLE FAMILY RESIDENTIAL - ACREAGE,Single-family homes,5.275,253500,2,0,https://polaris3g.mecklenburgcountync.gov/?pid=03301224
03147232,MECKLENBURG COUNTY,County government,2039 LAKE DR UNINC NC,MECKLENBURG COUNTY-UNINCORPORATED,SINGLE FAMILY RESIDENTIAL - RIVER,Single-family homes,1.101,324400,2,1,https://polaris3g.mecklenburgcountync.gov/?pid=03147232
07504326,MECKLENBURG COUNTY,County government,1625 CATHERINE SIMMONS AV CHARLOTTE NC,CHARLOTTE,REC AREA,"Public land, ROW & utility",0.187,22200,2,0,https://polaris3g.mecklenburgcountync.gov/?pid=07504326
03325101,MECKLENBURG COUNTY,County government,4104 OAKDALE RD UNINC NC,MECKLENBURG COUNTY-UNINCORPORATED,SINGLE FAMILY RESIDENTIAL - ACREAGE,Single-family homes,1.846,159800,2,1,https://polaris3g.mecklenburgcountync.gov/?pid=03325101
08009201,MECKLENBURG COUNTY,County government,100 N MCDOWELL ST CHARLOTTE NC,CHARLOTTE,OFFICE,Commercial & office,0.897,9046900,2,0,https://polaris3g.mecklenburgcountync.gov/?pid=08009201
08109210,MECKLENBURG COUNTY,County government,631 E 15TH ST CHARLOTTE NC,CHARLOTTE,REC AREA,"Public land, ROW & utility",0.177,175000,2,1,https://polaris3g.mecklenburgcountync.gov/?pid=08109210
17517205,MECKLENBURG COUNTY,County government,3108 WESTFIELD RD CHARLOTTE NC,CHARLOTTE,FLUM/SWIM FLOODWAY (NO BUILD ZONE),"Vacant, floodplain & farm",0.478,504000,2,1,https://polaris3g.mecklenburgcountync.gov/?pid=17517205
03142198,MECKLENBURG COUNTY,County government,WESTWINDS CT CHARLOTTE NC,CHARLOTTE,SINGLE FAMILY RESIDENTIAL,Single-family homes,0.804,43800,2,1,https://polaris3g.mecklenburgcountync.gov/?pid=03142198
15301106,CHARLOTTE MECKLENBURG HOSPITAL AUTHORITY,Hospital Authority (Atrium),1426 E MOREHEAD ST CHARLOTTE NC,CHARLOTTE,OFFICE,Commercial & office,1.118,6635600,2,0,https://polaris3g.mecklenburgcountync.gov/?pid=15301106
18929155,MECKLENBURG COUNTY,County government,MONROE RD CHARLOTTE NC,CHARLOTTE,OTHER COUNTY PROPERTY,"Public land, ROW & utility",3.917,188000,2,0,https://polaris3g.mecklenburgcountync.gov/?pid=18929155
10520205,MECKLENBURG COUNTY,County government,S I-485 INNER HY UNINC NC,MECKLENBURG COUNTY-UNINCORPORATED,SINGLE FAMILY RESIDENTIAL - ACREAGE,Single-family homes,1.485,88500,2,0,https://polaris3g.mecklenburgcountync.gov/?pid=10520205
05114298,MECKLENBURG COUNTY,County government,HOULDSWORTH DR UNINC NC,MECKLENBURG COUNTY-UNINCORPORATED,"WASTELAND, SLIVERS, GULLIES, ROCK OUTCROP","Vacant, floodplain & farm",0.003,900,2,0,https://polaris3g.mecklenburgcountync.gov/?pid=05114298
13324139,MECKLENBURG COUNTY,County government,E W T HARRIS BV CHARLOTTE NC,CHARLOTTE,REC AREA,"Public land, ROW & utility",0.089,36800,2,1,https://polaris3g.mecklenburgcountync.gov/?pid=13324139
12308102,MECKLENBURG COUNTY,County government,405 E PARK AV CHARLOTTE NC,CHARLOTTE,SCHOOL - PUBLIC,Institutional,4.957,26054700,2,0,https://polaris3g.mecklenburgcountync.gov/?pid=12308102
06305350,CHARLOTTE MECKLENBURG BOARD OF EDUCATION,CMS (Board of Education),BROWNS AV CHARLOTTE NC,CHARLOTTE,SINGLE FAMILY RESIDENTIAL,Single-family homes,0.209,50000,2,1,https://polaris3g.mecklenburgcountync.gov/?pid=06305350
16915101,MECKLENBURG COUNTY,County government,REYNOLDS AV CHARLOTTE NC,CHARLOTTE,OTHER COUNTY PROPERTY,"Public land, ROW & utility",0.327,19100,2,0,https://polaris3g.mecklenburgcountync.gov/?pid=16915101
06911307,MECKLENBURG COUNTY,County government,CELIA AV CHARLOTTE NC,CHARLOTTE,OTHER MUNICIPAL,"Public land, ROW & utility",0.099,4600,2,1,https://polaris3g.mecklenburgcountync.gov/?pid=06911307
07102150,MECKLENBURG COUNTY,County government,500 WALNUT AV CHARLOTTE NC,CHARLOTTE,"UTILITY (GAS, ELECTRIC, TELEPHONE, TELEGRAPH, RAIL","Public land, ROW & utility",0.233,290000,2,2,https://polaris3g.mecklenburgcountync.gov/?pid=07102150
21906197,MECKLENBURG COUNTY,County government,RIVERGATE PY CHARLOTTE NC,CHARLOTTE,GREENWAY TRAIL,"Public land, ROW & utility",0.657,106900,2,0,https://polaris3g.mecklenburgcountync.gov/?pid=21906197
17517848,MECKLENBURG COUNTY,County government,MANOR RD CHARLOTTE NC,CHARLOTTE,GREENWAY TRAIL,"Public land, ROW & utility",0.176,595000,2,1,https://polaris3g.mecklenburgcountync.gov/?pid=17517848
12312213,CHARLOTTE MECKLENBURG HOSPITAL AUTHORITY,Hospital Authority (Atrium),1600 SCOTT AV CHARLOTTE NC,CHARLOTTE,OFFICE,Commercial & office,0.157,604100,2,1,https://polaris3g.mecklenburgcountync.gov/?pid=12312213
02330102,MECKLENBURG COUNTY,County government,11836 MOUNTAIN ISLAND BROOK LN UNINC NC,MECKLENBURG COUNTY-UNINCORPORATED,SINGLE FAMILY RESIDENTIAL - WATERFRONT,Single-family homes,0.957,252000,2,1,https://polaris3g.mecklenburgcountync.gov/?pid=02330102
06514105,MECKLENBURG COUNTY,County government,616 DEWOLFE ST CHARLOTTE NC,CHARLOTTE,SINGLE FAMILY RESIDENTIAL,Single-family homes,0.177,13500,2,0,https://polaris3g.mecklenburgcountync.gov/?pid=06514105
13324203,MECKLENBURG COUNTY,County government,5015 IDLEWILD RD CHARLOTTE NC,CHARLOTTE,SINGLE FAMILY RESIDENTIAL,Single-family homes,1.011,194000,2,0,https://polaris3g.mecklenburgcountync.gov/?pid=13324203
13314302,MECKLENBURG COUNTY,County government,EXECUTIVE CENTER DR CHARLOTTE NC,CHARLOTTE,100 YEAR FLOOD PLAIN - AC,"Vacant, floodplain & farm",0.503,58800,2,1,https://polaris3g.mecklenburgcountync.gov/?pid=13314302
03116106,MECKLENBURG COUNTY,County government,1223 RIVERSIDE DR CHARLOTTE NC,CHARLOTTE,SINGLE FAMILY RESIDENTIAL - RIVER,Single-family homes,0.250,135000,2,1,https://polaris3g.mecklenburgcountync.gov/?pid=03116106
22502103,MECKLENBURG COUNTY,County government,ELM LN CHARLOTTE NC,CHARLOTTE,OTHER COUNTY PROPERTY,"Public land, ROW & utility",0.080,7300,2,2,https://polaris3g.mecklenburgcountync.gov/?pid=22502103
03147219,MECKLENBURG COUNTY,County government,1823 LAKE DR UNINC NC,MECKLENBURG COUNTY-UNINCORPORATED,SINGLE FAMILY RESIDENTIAL - RIVER,Single-family homes,0.237,135000,2,0,https://polaris3g.mecklenburgcountync.gov/?pid=03147219
07111416,MECKLENBURG COUNTY,County government,STATE ST CHARLOTTE NC,CHARLOTTE,OTHER COUNTY PROPERTY,"Public land, ROW & utility",0.102,20900,2,2,https://polaris3g.mecklenburgcountync.gov/?pid=07111416
08015202,MECKLENBURG COUNTY,County government,609 SEIGLE AV CHARLOTTE NC,CHARLOTTE,OTHER COUNTY PROPERTY,"Public land, ROW & utility",0.065,104500,2,1,https://polaris3g.mecklenburgcountync.gov/?pid=08015202
16722122,MECKLENBURG COUNTY,County government,6525 MOUNTING ROCK RD CHARLOTTE NC,CHARLOTTE,SINGLE FAMILY RESIDENTIAL,Single-family homes,0.250,65000,2,0,https://polaris3g.mecklenburgcountync.gov/?pid=16722122
19933104,MECKLENBURG COUNTY,County government,15031 SOLDIER RD UNINC NC,MECKLENBURG COUNTY-UNINCORPORATED,SINGLE FAMILY RESIDENTIAL - WATERFRONT,Single-family homes,30.769,3494200,2,1,https://polaris3g.mecklenburgcountync.gov/?pid=19933104
09908201,MECKLENBURG COUNTY,County government,5100 DOLPHIN LN CHARLOTTE NC,CHARLOTTE,SINGLE FAMILY RESIDENTIAL,Single-family homes,0.283,121600,2,0,https://polaris3g.mecklenburgcountync.gov/?pid=09908201
06908121,MECKLENBURG COUNTY,County government,CELIA AV CHARLOTTE NC,CHARLOTTE,SINGLE FAMILY RESIDENTIAL,Single-family homes,0.573,8800,2,2,https://polaris3g.mecklenburgcountync.gov/?pid=06908121
17314201,MECKLENBURG COUNTY,County government,2800 SPRING VALLEY RD CHARLOTTE NC,CHARLOTTE,SINGLE FAMILY RESIDENTIAL,Single-family homes,0.437,408300,2,1,https://polaris3g.mecklenburgcountync.gov/?pid=17314201
00715233,CHARLOTTE MECKLENBURG BOARD OF EDUCATION,CMS (Board of Education),BAILEY RD CORNELIUS NC,CORNELIUS,SINGLE FAMILY RESIDENTIAL - ACREAGE,Single-family homes,0.923,251200,2,2,https://polaris3g.mecklenburgcountync.gov/?pid=00715233
07311104,MECKLENBURG COUNTY,County government,324 S MINT ST CHARLOTTE NC,CHARLOTTE,STADIUM / ARENA,Institutional,4.232,35472300,2,0,https://polaris3g.mecklenburgcountync.gov/?pid=07311104
07707601,MECKLENBURG COUNTY,County government,RODEY AV CHARLOTTE NC,CHARLOTTE,REC AREA,"Public land, ROW & utility",0.165,85000,2,0,https://polaris3g.mecklenburgcountync.gov/?pid=07707601
09911614,MECKLENBURG COUNTY,County government,5301 DOLPHIN LN CHARLOTTE NC,CHARLOTTE,SINGLE FAMILY RESIDENTIAL,Single-family homes,0.384,121600,2,1,https://polaris3g.mecklenburgcountync.gov/?pid=09911614
19933118,MECKLENBURG COUNTY,County government,ANNALONG RD UNINC NC,MECKLENBURG COUNTY-UNINCORPORATED,SINGLE FAMILY RESIDENTIAL - WATER VIEW,Single-family homes,8.101,1197500,2,2,https://polaris3g.mecklenburgcountync.gov/?pid=19933118
09510101,MECKLENBURG COUNTY,County government,3007 HARBINGER CT CHARLOTTE NC,CHARLOTTE,SINGLE FAMILY RESIDENTIAL,Single-family homes,0.520,210000,2,1,https://polaris3g.mecklenburgcountync.gov/?pid=09510101
08312101,CHARLOTTE MECKLENBURG BOARD OF EDUCATION,CMS (Board of Education),915 CHARLES AV CHARLOTTE NC,CHARLOTTE,SINGLE FAMILY RESIDENTIAL,Single-family homes,0.082,260000,2,0,https://polaris3g.mecklenburgcountync.gov/?pid=08312101
02315105,MECKLENBURG COUNTY,County government,11634 BROOKSHIRE BV UNINC NC,MECKLENBURG COUNTY-UNINCORPORATED,SINGLE FAMILY RESIDENTIAL - WATERFRONT,Single-family homes,79.839,7481600,2,2,https://polaris3g.mecklenburgcountync.gov/?pid=02315105
08313408,MECKLENBURG COUNTY,County government,1301 PARKWOOD AV CHARLOTTE NC,CHARLOTTE,REC AREA,"Public land, ROW & utility",0.176,318900,2,0,https://polaris3g.mecklenburgcountync.gov/?pid=08313408
22502108,MECKLENBURG COUNTY,County government,ELM LN CHARLOTTE NC,CHARLOTTE,GREENWAY TRAIL,"Public land, ROW & utility",12.361,659200,2,2,https://polaris3g.mecklenburgcountync.gov/?pid=22502108
15302408,CHARLOTTE MECKLENBURG HOSPITAL AUTHORITY,Hospital Authority (Atrium),1635 FOUNTAIN VIEW CHARLOTTE NC,CHARLOTTE,SINGLE FAMILY RESIDENTIAL,Single-family homes,0.261,902100,2,2,https://polaris3g.mecklenburgcountync.gov/?pid=15302408
20325102,MECKLENBURG CO INDUST & POLLUTION CONT FINANCING,Library / ABC / Landmarks,2911 NEVADA BV CHARLOTTE NC,CHARLOTTE,INDUSTRIAL,Industrial & warehouse,2.598,754500,2,2,https://polaris3g.mecklenburgcountync.gov/?pid=20325102
17109102,MECKLENBURG COUNTY,County government,5701 WEDGEWOOD DR CHARLOTTE NC,CHARLOTTE,FLUM/SWIM FLOODWAY (NO BUILD ZONE),"Vacant, floodplain & farm",0.441,261300,2,1,https://polaris3g.mecklenburgcountync.gov/?pid=17109102
03121114,MECKLENBURG COUNTY,County government,11831 RIVERHAVEN DR UNINC NC,MECKLENBURG COUNTY-UNINCORPORATED,SINGLE FAMILY RESIDENTIAL - RIVER,Single-family homes,0.202,135000,2,0,https://polaris3g.mecklenburgcountync.gov/?pid=03121114
06909331,MECKLENBURG COUNTY,County government,HILDEBRAND ST CHARLOTTE NC,CHARLOTTE,SINGLE FAMILY RESIDENTIAL,Single-family homes,0.672,45400,2,1,https://polaris3g.mecklenburgcountync.gov/?pid=06909331
07321302,MECKLENBURG COUNTY,County government,1024 WESTBROOK DR CHARLOTTE NC,CHARLOTTE,FLUM/SWIM FLOODWAY (NO BUILD ZONE),"Vacant, floodplain & farm",0.158,81000,2,1,https://polaris3g.mecklenburgcountync.gov/?pid=07321302
07508329,CHARLOTTE MECKLENBURG BOARD OF EDUCATION,CMS (Board of Education),1122 MULBERRY AV CHARLOTTE NC,CHARLOTTE,SINGLE FAMILY RESIDENTIAL,Single-family homes,0.377,82500,2,0,https://polaris3g.mecklenburgcountync.gov/?pid=07508329
08109601,MECKLENBURG COUNTY,County government,1320 N ALEXANDER ST CHARLOTTE NC,CHARLOTTE,REC AREA,"Public land, ROW & utility",0.171,332500,2,0,https://polaris3g.mecklenburgcountync.gov/?pid=08109601
00527206,MECKLENBURG COUNTY,County government,19642 CHARTOWN DR CORNELIUS NC,CORNELIUS,OTHER COUNTY PROPERTY,"Public land, ROW & utility",0.282,439100,2,2,https://polaris3g.mecklenburgcountync.gov/?pid=00527206
17124131,MECKLENBURG COUNTY,County government,TYVOLA RD CHARLOTTE NC,CHARLOTTE,OTHER COUNTY PROPERTY,"Public land, ROW & utility",0.233,203200,2,2,https://polaris3g.mecklenburgcountync.gov/?pid=17124131
06907615,MECKLENBURG COUNTY,County government,LAKEWOOD AV CHARLOTTE NC,CHARLOTTE,OTHER COUNTY PROPERTY,"Public land, ROW & utility",0.042,0,2,1,https://polaris3g.mecklenburgcountync.gov/?pid=06907615
07103402,MECKLENBURG COUNTY,County government,1610 LELA AV CHARLOTTE NC,CHARLOTTE,GREENWAY TRAIL,"Public land, ROW & utility",1.688,371100,2,1,https://polaris3g.mecklenburgcountync.gov/?pid=07103402
11904318,MECKLENBURG COUNTY,County government,1100 REMOUNT RD CHARLOTTE NC,CHARLOTTE,OTHER COUNTY PROPERTY,"Public land, ROW & utility",1.850,1272900,2,0,https://polaris3g.mecklenburgcountync.gov/?pid=11904318
05119128,MECKLENBURG COUNTY,County government,3407 BACK CREEK CHURCH RD CHARLOTTE NC,CHARLOTTE,RURAL HOMESITE,Single-family homes,0.683,70300,2,1,https://polaris3g.mecklenburgcountync.gov/?pid=05119128
04719103,MECKLENBURG COUNTY,County government,9715 N TRYON ST CHARLOTTE NC,CHARLOTTE,GREENWAY TRAIL,"Public land, ROW & utility",0.820,113500,2,2,https://polaris3g.mecklenburgcountync.gov/?pid=04719103
14505101,MECKLENBURG COUNTY,County government,3110 BANK ST CHARLOTTE NC,CHARLOTTE,SCHOOL - PUBLIC,Institutional,0.232,77800,2,1,https://polaris3g.mecklenburgcountync.gov/?pid=14505101
00147126,MECKLENBURG COUNTY,County government,H M JUNKER DR CORNELIUS NC,CORNELIUS,OTHER COUNTY PROPERTY,"Public land, ROW & utility",0.224,5000,2,1,https://polaris3g.mecklenburgcountync.gov/?pid=00147126
12504305,MECKLENBURG COUNTY,County government,915 E 4TH ST CHARLOTTE NC,CHARLOTTE,COMMERCIAL,Commercial & office,0.555,17357000,2,0,https://polaris3g.mecklenburgcountync.gov/?pid=12504305
06701304,MECKLENBURG COUNTY,County government,1625 W MOREHEAD ST CHARLOTTE NC,CHARLOTTE,REC AREA,"Public land, ROW & utility",2.194,1921400,2,1,https://polaris3g.mecklenburgcountync.gov/?pid=06701304
23104212,CHARLOTTE MECKLENBURG BOARD OF EDUCATION,CMS (Board of Education),4101 MCKEE RD CHARLOTTE NC,CHARLOTTE,SCHOOL - PUBLIC,Institutional,16.424,11352300,2,1,https://polaris3g.mecklenburgcountync.gov/?pid=23104212
06907628,MECKLENBURG COUNTY,County government,LAKEWOOD AV CHARLOTTE NC,CHARLOTTE,OTHER COUNTY PROPERTY,"Public land, ROW & utility",0.084,6300,2,0,https://polaris3g.mecklenburgcountync.gov/?pid=06907628
06916401,MECKLENBURG COUNTY,County government,2401 KENDALL DR CHARLOTTE NC,CHARLOTTE,OTHER MUNICIPAL,"Public land, ROW & utility",3.216,2793900,2,1,https://polaris3g.mecklenburgcountync.gov/?pid=06916401
07302205,MECKLENBURG COUNTY,County government,224 W MARTIN LUTHER KING JR BV CHARLOTTE NC,CHARLOTTE,REC AREA,"Public land, ROW & utility",0.632,7656500,2,0,https://polaris3g.mecklenburgcountync.gov/?pid=07302205
08017201,MECKLENBURG COUNTY,County government,1316 E 7TH ST CHARLOTTE NC,CHARLOTTE,OFFICE,Commercial & office,0.621,4118500,2,1,https://polaris3g.mecklenburgcountync.gov/?pid=08017201
05114299,MECKLENBURG COUNTY,County government,HOULDSWORTH DR UNINC NC,MECKLENBURG COUNTY-UNINCORPORATED,100 YEAR FLOOD PLAIN - LT,"Vacant, floodplain & farm",0.047,0,2,0,https://polaris3g.mecklenburgcountync.gov/?pid=05114299
03115213,MECKLENBURG COUNTY,County government,944 RIVERSIDE DR CHARLOTTE NC,CHARLOTTE,SINGLE FAMILY RESIDENTIAL,Single-family homes,0.482,125000,2,1,https://polaris3g.mecklenburgcountync.gov/?pid=03115213
03147202,MECKLENBURG COUNTY,County government,1449 LAKE DR UNINC NC,MECKLENBURG COUNTY-UNINCORPORATED,SINGLE FAMILY RESIDENTIAL - RIVER,Single-family homes,0.455,135000,2,1,https://polaris3g.mecklenburgcountync.gov/?pid=03147202
01926197,CHARLOTTE MECKLENBURG BOARD OF EDUCATION,CMS (Board of Education),HUNTERSVILLE-CONCORD RD UNINC NC,MECKLENBURG COUNTY-UNINCORPORATED,"WASTELAND, SLIVERS, GULLIES, ROCK OUTCROP","Vacant, floodplain & farm",0.005,100,2,1,https://polaris3g.mecklenburgcountync.gov/?pid=01926197
01747177,MECKLENBURG COUNTY,County government,GILEAD RD HUNTERSVILLE NC,HUNTERSVILLE,OTHER COUNTY PROPERTY,"Public land, ROW & utility",2.106,18700,2,1,https://polaris3g.mecklenburgcountync.gov/?pid=01747177
03121111,MECKLENBURG COUNTY,County government,11817 RIVERHAVEN DR UNINC NC,MECKLENBURG COUNTY-UNINCORPORATED,SINGLE FAMILY RESIDENTIAL - RIVER,Single-family homes,0.237,135000,2,1,https://polaris3g.mecklenburgcountync.gov/?pid=03121111
03115103,MECKLENBURG COUNTY,County government,911 RIVERSIDE DR CHARLOTTE NC,CHARLOTTE,SINGLE FAMILY RESIDENTIAL - RIVER,Single-family homes,0.261,135000,2,1,https://polaris3g.mecklenburgcountync.gov/?pid=03115103
08109504,MECKLENBURG COUNTY,County government,701 E 15TH ST CHARLOTTE NC,CHARLOTTE,REC AREA,"Public land, ROW & utility",0.165,175000,2,0,https://polaris3g.mecklenburgcountync.gov/?pid=08109504
07708104,MECKLENBURG COUNTY,County government,WAINWRIGHT AV CHARLOTTE NC,CHARLOTTE,SINGLE FAMILY RESIDENTIAL,Single-family homes,0.036,17000,2,2,https://polaris3g.mecklenburgcountync.gov/?pid=07708104
21906145,MECKLENBURG COUNTY,County government,WALKER BRANCH DR CHARLOTTE NC,CHARLOTTE,MULTI FAMILY,Multi-family,1.658,31400,2,1,https://polaris3g.mecklenburgcountync.gov/?pid=21906145
20506132,MECKLENBURG COUNTY,County government,9420 RODNEY ST PINEVILLE NC,PINEVILLE,OTHER COUNTY PROPERTY,"Public land, ROW & utility",1.268,158200,2,1,https://polaris3g.mecklenburgcountync.gov/?pid=20506132
00502111,MECKLENBURG COUNTY,County government,18211 OLD STATESVILLE RD CORNELIUS NC,CORNELIUS,OTHER COUNTY PROPERTY,"Public land, ROW & utility",0.459,180900,2,0,https://polaris3g.mecklenburgcountync.gov/?pid=00502111
00514210,CHARLOTTE MECKLENBURG BOARD OF EDUCATION,CMS (Board of Education),9617 WESTMORELAND RD CORNELIUS NC,CORNELIUS,SINGLE FAMILY RESIDENTIAL,Single-family homes,0.543,180900,2,0,https://polaris3g.mecklenburgcountync.gov/?pid=00514210
04739143,MECKLENBURG COUNTY,County government,W W T HARRIS BV CHARLOTTE NC,CHARLOTTE,MULTI FAMILY,Multi-family,8.254,339000,2,2,https://polaris3g.mecklenburgcountync.gov/?pid=04739143
01509115,MECKLENBURG COUNTY,County government,8018 GILEAD RD HUNTERSVILLE NC,HUNTERSVILLE,SINGLE FAMILY RESIDENTIAL - ACREAGE,Single-family homes,1.617,99800,2,0,https://polaris3g.mecklenburgcountync.gov/?pid=01509115
04536201,MECKLENBURG COUNTY,County government,HOYT HINSON RD CHARLOTTE NC,CHARLOTTE,SINGLE FAMILY RESIDENTIAL,Single-family homes,1.300,110100,2,0,https://polaris3g.mecklenburgcountync.gov/?pid=04536201
01510445,MECKLENBURG COUNTY,County government,9102 CULCAIRN RD HUNTERSVILLE NC,HUNTERSVILLE,SINGLE FAMILY RESIDENTIAL,Single-family homes,0.289,2800,2,0,https://polaris3g.mecklenburgcountync.gov/?pid=01510445
14517209,MECKLENBURG COUNTY,County government,AMAY JAMES AV CHARLOTTE NC,CHARLOTTE,SINGLE FAMILY RESIDENTIAL,Single-family homes,0.137,100000,2,0,https://polaris3g.mecklenburgcountync.gov/?pid=14517209
08705752,MECKLENBURG COUNTY,County government,831 W SUGAR CREEK RD CHARLOTTE NC,CHARLOTTE,REC AREA,"Public land, ROW & utility",2.833,404500,2,0,https://polaris3g.mecklenburgcountync.gov/?pid=08705752
10520201,MECKLENBURG COUNTY,County government,PLAZA RD UNINC NC,MECKLENBURG COUNTY-UNINCORPORATED,SINGLE FAMILY RESIDENTIAL - ACREAGE,Single-family homes,1.077,84400,2,1,https://polaris3g.mecklenburgcountync.gov/?pid=10520201
20513105,MECKLENBURG COUNTY,County government,NATIONS FORD RD CHARLOTTE NC,CHARLOTTE,OTHER COUNTY PROPERTY,"Public land, ROW & utility",0.581,35300,2,2,https://polaris3g.mecklenburgcountync.gov/?pid=20513105
19933101,MECKLENBURG COUNTY,County government,FOUR HORSE RD UNINC NC,MECKLENBURG COUNTY-UNINCORPORATED,SINGLE FAMILY RESIDENTIAL - WATERFRONT,Single-family homes,15.782,1823800,2,2,https://polaris3g.mecklenburgcountync.gov/?pid=19933101
12312219,CHARLOTTE MECKLENBURG HOSPITAL AUTHORITY,Hospital Authority (Atrium),1612 SCOTT AV CHARLOTTE NC,CHARLOTTE,OFFICE,Commercial & office,0.436,1757700,2,2,https://polaris3g.mecklenburgcountync.gov/?pid=12312219
01715303,MECKLENBURG COUNTY ABC BOARD,Library / ABC / Landmarks,323 HUNTERSVILLE GATEWAY BV HUNTERSVILLE NC,HUNTERSVILLE,COMMERCIAL,Commercial & office,1.038,2056400,2,2,https://polaris3g.mecklenburgcountync.gov/?pid=01715303
05916119,MECKLENBURG COUNTY,County government,FREEDOM DR CHARLOTTE NC,CHARLOTTE,SINGLE FAMILY RESIDENTIAL - ACREAGE,Single-family homes,0.884,58100,2,0,https://polaris3g.mecklenburgcountync.gov/?pid=05916119
06917117,COUNTY OF MECKLENBURG,County government,2324 LASALLE ST CHARLOTTE NC,CHARLOTTE,OFFICE,Commercial & office,0.292,478300,2,2,https://polaris3g.mecklenburgcountync.gov/?pid=06917117
08017101,MECKLENBURG COUNTY,County government,310 N KINGS DR CHARLOTTE NC,CHARLOTTE,OTHER COUNTY PROPERTY,"Public land, ROW & utility",9.994,79794800,2,1,https://polaris3g.mecklenburgcountync.gov/?pid=08017101
06904138,CHARLOTTE MECKLENBURG BOARD OF EDUCATION,CMS (Board of Education),511 YELLOWSTONE DR CHARLOTTE NC,CHARLOTTE,OFFICE,Commercial & office,2.992,5686700,2,2,https://polaris3g.mecklenburgcountync.gov/?pid=06904138
12522702,MECKLENBURG COUNTY,County government,431 CHARLOTTETOWNE AV CHARLOTTE NC,CHARLOTTE,OTHER COUNTY PROPERTY,"Public land, ROW & utility",0.081,160700,2,1,https://polaris3g.mecklenburgcountync.gov/?pid=12522702
07102340,MECKLENBURG COUNTY,County government,500 GRANDIN RD CHARLOTTE NC,CHARLOTTE,"UTILITY (GAS, ELECTRIC, TELEPHONE, TELEGRAPH, RAIL","Public land, ROW & utility",0.975,580000,2,2,https://polaris3g.mecklenburgcountync.gov/?pid=07102340
17102240,MECKLENBURG COUNTY,County government,1026 MONTFORD DR CHARLOTTE NC,CHARLOTTE,FLUM/SWIM FLOODWAY (NO BUILD ZONE),"Vacant, floodplain & farm",0.278,261300,2,2,https://polaris3g.mecklenburgcountync.gov/?pid=17102240
08108301,MECKLENBURG COUNTY,County government,1004 N MYERS ST CHARLOTTE NC,CHARLOTTE,REC AREA,"Public land, ROW & utility",2.094,320800,2,0,https://polaris3g.mecklenburgcountync.gov/?pid=08108301
00538385,MECKLENBURG COUNTY,County government,10051 BAILEY RD CORNELIUS NC,CORNELIUS,OTHER COUNTY PROPERTY,"Public land, ROW & utility",0.148,25900,2,2,https://polaris3g.mecklenburgcountync.gov/?pid=00538385
08901413,MECKLENBURG COUNTY,County government,243 WELLINGFORD ST CHARLOTTE NC,CHARLOTTE,SINGLE FAMILY RESIDENTIAL,Single-family homes,0.224,47500,2,0,https://polaris3g.mecklenburgcountync.gov/?pid=08901413
19933122,MECKLENBURG COUNTY,County government,15130 ANNALONG RD UNINC NC,MECKLENBURG COUNTY-UNINCORPORATED,SINGLE FAMILY RESIDENTIAL - WATER VIEW,Single-family homes,3.651,471800,2,2,https://polaris3g.mecklenburgcountync.gov/?pid=19933122
11504611,MECKLENBURG COUNTY,County government,3018 NESBITT DR CHARLOTTE NC,CHARLOTTE,MULTI FAMILY,Multi-family,0.669,205800,2,1,https://polaris3g.mecklenburgcountync.gov/?pid=11504611
15302526,CHARLOTTE MECKLENBURG HOSPITAL AUTHORITY,Hospital Authority (Atrium),1618 FOUNTAIN VIEW CHARLOTTE NC,CHARLOTTE,SINGLE FAMILY RESIDENTIAL,Single-family homes,0.230,775900,2,1,https://polaris3g.mecklenburgcountync.gov/?pid=15302526
15302528,CHARLOTTE MECKLENBURG HOSPITAL AUTHORITY,Hospital Authority (Atrium),1610 FOUNTAIN VIEW CHARLOTTE NC,CHARLOTTE,SINGLE FAMILY RESIDENTIAL,Single-family homes,0.230,809800,2,0,https://polaris3g.mecklenburgcountync.gov/?pid=15302528
21906199,MECKLENBURG COUNTY,County government,RIVERGATE PY CHARLOTTE NC,CHARLOTTE,"WASTELAND, SLIVERS, GULLIES, ROCK OUTCROP","Vacant, floodplain & farm",0.048,8100,2,1,https://polaris3g.mecklenburgcountync.gov/?pid=21906199
10816623,MECKLENBURG COUNTY,County government,PLAZA RD CHARLOTTE NC,CHARLOTTE,SINGLE FAMILY RESIDENTIAL - ACREAGE,Single-family homes,0.917,87600,2,1,https://polaris3g.mecklenburgcountync.gov/?pid=10816623
11107415,MECKLENBURG COUNTY,County government,8421 REEDY CREEK RD UNINC NC,MECKLENBURG COUNTY-UNINCORPORATED,SINGLE FAMILY RESIDENTIAL - ACREAGE,Single-family homes,0.298,7500,2,0,https://polaris3g.mecklenburgcountync.gov/?pid=11107415
11334105,MECKLENBURG COUNTY,County government,WILKINSON BV UNINC NC,MECKLENBURG COUNTY-UNINCORPORATED,OTHER COUNTY PROPERTY,"Public land, ROW & utility",8.223,1129400,2,0,https://polaris3g.mecklenburgcountync.gov/?pid=11334105
06908207,MECKLENBURG COUNTY,County government,3008 MELITA AV CHARLOTTE NC,CHARLOTTE,SINGLE FAMILY RESIDENTIAL,Single-family homes,0.257,28400,2,0,https://polaris3g.mecklenburgcountync.gov/?pid=06908207
08106507,CHARLOTTE-MECKLENBURG HOSPITAL AUTHORITY,Hospital Authority (Atrium),1107 N DAVIDSON ST CHARLOTTE NC,CHARLOTTE,INDUSTRIAL,Industrial & warehouse,3.084,5575300,2,2,https://polaris3g.mecklenburgcountync.gov/?pid=08106507
17517401,MECKLENBURG COUNTY,County government,3028 MANOR RD CHARLOTTE NC,CHARLOTTE,GREENWAY TRAIL,"Public land, ROW & utility",0.199,595000,2,0,https://polaris3g.mecklenburgcountync.gov/?pid=17517401
06909632,MECKLENBURG COUNTY,County government,2226 CELIA AV CHARLOTTE NC,CHARLOTTE,SCHOOL - PUBLIC,Institutional,0.091,21000,2,0,https://polaris3g.mecklenburgcountync.gov/?pid=06909632
19945216,MECKLENBURG COUNTY,County government,15304 YORK RD UNINC NC,MECKLENBURG COUNTY-UNINCORPORATED,SINGLE FAMILY RESIDENTIAL - ACREAGE,Single-family homes,1.547,131000,2,0,https://polaris3g.mecklenburgcountync.gov/?pid=19945216
03147220,MECKLENBURG COUNTY,County government,1827 LAKE DR UNINC NC,MECKLENBURG COUNTY-UNINCORPORATED,SINGLE FAMILY RESIDENTIAL - RIVER,Single-family homes,0.235,135000,2,1,https://polaris3g.mecklenburgcountync.gov/?pid=03147220
21348598,MECKLENBURG COUNTY,County government,KELFORD LN CHARLOTTE NC,CHARLOTTE,GREENWAY TRAIL,"Public land, ROW & utility",5.701,257400,2,0,https://polaris3g.mecklenburgcountync.gov/?pid=21348598
04931122,CHARLOTTE MECKLENBURG HOSPITAL AUTHORITY,Hospital Authority (Atrium),101 E W T HARRIS BV CHARLOTTE NC,CHARLOTTE,HOSPITALS - PUBLIC,Institutional,7.622,4684800,2,0,https://polaris3g.mecklenburgcountync.gov/?pid=04931122
03115114,MECKLENBURG COUNTY,County government,1029 RIVERSIDE DR CHARLOTTE NC,CHARLOTTE,SINGLE FAMILY RESIDENTIAL - RIVER,Single-family homes,0.193,121500,2,0,https://polaris3g.mecklenburgcountync.gov/?pid=03115114
20107506,MECKLENBURG COUNTY,County government,RIGSBY RD CHARLOTTE NC,na,MULTI FAMILY,Multi-family,1.000,,2,2,https://polaris3g.mecklenburgcountync.gov/?pid=20107506
16915523,MECKLENBURG COUNTY,County government,REYNOLDS AV CHARLOTTE NC,CHARLOTTE,OTHER COUNTY PROPERTY,"Public land, ROW & utility",0.589,34400,2,0,https://polaris3g.mecklenburgcountync.gov/?pid=16915523
06511111,MECKLENBURG COUNTY,County government,835 NORWOOD DR CHARLOTTE NC,CHARLOTTE,SINGLE FAMILY RESIDENTIAL,Single-family homes,0.243,118800,2,1,https://polaris3g.mecklenburgcountync.gov/?pid=06511111
08901501,MECKLENBURG COUNTY,County government,240 WELLINGFORD ST CHARLOTTE NC,CHARLOTTE,SINGLE FAMILY RESIDENTIAL,Single-family homes,0.341,47500,2,1,https://polaris3g.mecklenburgcountync.gov/?pid=08901501
03728398,MECKLENBURG COUNTY,County government,2810 CLARENCEFIELD DR CHARLOTTE NC,CHARLOTTE,SINGLE FAMILY RESIDENTIAL,Single-family homes,0.219,35000,2,0,https://polaris3g.mecklenburgcountync.gov/?pid=03728398
03121232,MECKLENBURG COUNTY,County government,RIVERHAVEN DR UNINC NC,MECKLENBURG COUNTY-UNINCORPORATED,SINGLE FAMILY RESIDENTIAL,Single-family homes,0.010,4700,2,2,https://polaris3g.mecklenburgcountync.gov/?pid=03121232
00507193,MECKLENBURG COUNTY,County government,9336 ROBBINS PRESERVE RD CORNELIUS NC,CORNELIUS,"WASTELAND, SLIVERS, GULLIES, ROCK OUTCROP","Vacant, floodplain & farm",0.087,200,2,1,https://polaris3g.mecklenburgcountync.gov/?pid=00507193
02529130,MECKLENBURG COUNTY,County government,W W T HARRIS BV CHARLOTTE NC,CHARLOTTE,GREENWAY TRAIL,"Public land, ROW & utility",5.842,3956200,2,1,https://polaris3g.mecklenburgcountync.gov/?pid=02529130
19102213,MECKLENBURG COUNTY,County government,6140 CONFERENCE DR CHARLOTTE NC,CHARLOTTE,COMMERCIAL,Commercial & office,0.959,995200,2,2,https://polaris3g.mecklenburgcountync.gov/?pid=19102213
10507104,MECKLENBURG COUNTY,County government,GRIER RD CHARLOTTE NC,CHARLOTTE,REC AREA,"Public land, ROW & utility",8.299,384000,2,0,https://polaris3g.mecklenburgcountync.gov/?pid=10507104
14517211,MECKLENBURG COUNTY,County government,3337 AMAY JAMES AV CHARLOTTE NC,CHARLOTTE,SINGLE FAMILY RESIDENTIAL,Single-family homes,0.147,100000,2,0,https://polaris3g.mecklenburgcountync.gov/?pid=14517211
22309163,MECKLENBURG COUNTY ABC BOARD,Library / ABC / Landmarks,16019 LANCASTER HY CHARLOTTE NC,CHARLOTTE,COMMERCIAL,Commercial & office,0.550,2390000,2,2,https://polaris3g.mecklenburgcountync.gov/?pid=22309163
18932131,MECKLENBURG COUNTY,County government,7521 SARDIS RD CHARLOTTE NC,CHARLOTTE,OTHER COUNTY PROPERTY,"Public land, ROW & utility",0.655,37500,2,0,https://polaris3g.mecklenburgcountync.gov/?pid=18932131
11904201,MECKLENBURG COUNTY,County government,1243 SPRUCE ST CHARLOTTE NC,CHARLOTTE,SINGLE FAMILY RESIDENTIAL,Single-family homes,0.223,332500,2,1,https://polaris3g.mecklenburgcountync.gov/?pid=11904201
22915109,CHARLOTTE MECKLENBURG BOARD OF EDUCATION,CMS (Board of Education),5925 BALLANTYNE COMMONS PY CHARLOTTE NC,CHARLOTTE,SCHOOL - PUBLIC,Institutional,29.988,23842100,2,1,https://polaris3g.mecklenburgcountync.gov/?pid=22915109
15302420,CHARLOTTE MECKLENBURG HOSPITAL AUTHORITY,Hospital Authority (Atrium),1531 EAST BV CHARLOTTE NC,CHARLOTTE,RESTAURANT,Commercial & office,0.254,2000800,2,1,https://polaris3g.mecklenburgcountync.gov/?pid=15302420
11501515,MECKLENBURG COUNTY,County government,2729 MAYFAIR AV CHARLOTTE NC,CHARLOTTE,REC AREA,"Public land, ROW & utility",0.211,35000,2,0,https://polaris3g.mecklenburgcountync.gov/?pid=11501515
07324104,MECKLENBURG COUNTY,County government,501 S SUMMIT AV CHARLOTTE NC,CHARLOTTE,OTHER COUNTY PROPERTY,"Public land, ROW & utility",0.834,156400,2,2,https://polaris3g.mecklenburgcountync.gov/?pid=07324104
08303127,MECKLENBURG COUNTY,County government,240 E 36TH ST CHARLOTTE NC,CHARLOTTE,OTHER MUNICIPAL,"Public land, ROW & utility",0.803,881500,2,1,https://polaris3g.mecklenburgcountync.gov/?pid=08303127
21906125,MECKLENBURG COUNTY,County government,RIVERGATE PY CHARLOTTE NC,CHARLOTTE,GREENWAY TRAIL,"Public land, ROW & utility",3.953,260600,2,1,https://polaris3g.mecklenburgcountync.gov/?pid=21906125
00503288,MECKLENBURG COUNTY,County government,BAILEY RD CORNELIUS NC,CORNELIUS,SINGLE FAMILY RESIDENTIAL - ACREAGE,Single-family homes,3.243,533300,2,1,https://polaris3g.mecklenburgcountync.gov/?pid=00503288
14501301,MECKLENBURG COUNTY,County government,601 REMOUNT RD CHARLOTTE NC,CHARLOTTE,REC AREA,"Public land, ROW & utility",0.156,68000,2,0,https://polaris3g.mecklenburgcountync.gov/?pid=14501301
17502214,MECKLENBURG COUNTY,County government,2717 CHILTON PL CHARLOTTE NC,CHARLOTTE,SINGLE FAMILY RESIDENTIAL,Single-family homes,0.485,660000,2,2,https://polaris3g.mecklenburgcountync.gov/?pid=17502214
03116116,MECKLENBURG COUNTY,County government,1405 RIVERSIDE DR CHARLOTTE NC,CHARLOTTE,SINGLE FAMILY RESIDENTIAL - RIVER,Single-family homes,0.265,181800,2,1,https://polaris3g.mecklenburgcountync.gov/?pid=03116116
03115105,MECKLENBURG COUNTY,County government,925 RIVERSIDE DR CHARLOTTE NC,CHARLOTTE,SINGLE FAMILY RESIDENTIAL - RIVER,Single-family homes,0.237,135000,2,1,https://polaris3g.mecklenburgcountync.gov/?pid=03115105
06911306,MECKLENBURG COUNTY,County government,CELIA AV CHARLOTTE NC,CHARLOTTE,SINGLE FAMILY RESIDENTIAL,Single-family homes,0.090,4600,2,0,https://polaris3g.mecklenburgcountync.gov/?pid=06911306
00182121,MECKLENBURG COUNTY,County government,15903 N C 73 HY CORNELIUS NC,CORNELIUS,SINGLE FAMILY RESIDENTIAL - WATERFRONT,Single-family homes,6.037,3465300,2,1,https://polaris3g.mecklenburgcountync.gov/?pid=00182121
07501202,CHARLOTTE MECKLENBURG PUBLIC LIBRARY,Library / ABC / Landmarks,2412 BEATTIES FORD RD CHARLOTTE NC,CHARLOTTE,OFFICE,Commercial & office,2.026,4715100,2,1,https://polaris3g.mecklenburgcountync.gov/?pid=07501202
22940137,MECKLENBURG COUNTY,County government,12932 LANDING GREEN DR CHARLOTTE NC,CHARLOTTE,OTHER COUNTY PROPERTY,"Public land, ROW & utility",0.328,57400,2,1,https://polaris3g.mecklenburgcountync.gov/?pid=22940137
22914402,CHARLOTTE MECKLENBURG BOARD OF EDUCATION,CMS (Board of Education),BALLANTYNE COMMONS PY CHARLOTTE NC,CHARLOTTE,SCHOOL - PUBLIC,Institutional,16.045,2656600,2,0,https://polaris3g.mecklenburgcountync.gov/?pid=22914402
03512106,MECKLENBURG COUNTY,County government,1418 CALDWELL WILLIAMS RD CHARLOTTE NC,CHARLOTTE,SINGLE FAMILY RESIDENTIAL - ACREAGE,Single-family homes,0.817,141800,2,1,https://polaris3g.mecklenburgcountync.gov/?pid=03512106
08109802,MECKLENBURG COUNTY,County government,803 E 17TH ST CHARLOTTE NC,CHARLOTTE,REC AREA,"Public land, ROW & utility",0.131,140000,2,0,https://polaris3g.mecklenburgcountync.gov/?pid=08109802
03728301,MECKLENBURG COUNTY,County government,2804 CLARENCEFIELD DR CHARLOTTE NC,CHARLOTTE,SINGLE FAMILY RESIDENTIAL,Single-family homes,0.241,35000,2,0,https://polaris3g.mecklenburgcountync.gov/?pid=03728301
19949104,MECKLENBURG COUNTY,County government,14818 SHOPTON RD WEST UNINC NC,MECKLENBURG COUNTY-UNINCORPORATED,SINGLE FAMILY RESIDENTIAL - ACREAGE,Single-family homes,1.834,120500,2,1,https://polaris3g.mecklenburgcountync.gov/?pid=19949104
09105111,MECKLENBURG COUNTY ABC BOARD,Library / ABC / Landmarks,4706 N TRYON ST CHARLOTTE NC,CHARLOTTE,COMMERCIAL,Commercial & office,0.738,1083700,2,2,https://polaris3g.mecklenburgcountync.gov/?pid=09105111
04510204,MECKLENBURG COUNTY,County government,5418 N GRAHAM ST CHARLOTTE NC,CHARLOTTE,COMMERCIAL,Commercial & office,0.454,172500,2,0,https://polaris3g.mecklenburgcountync.gov/?pid=04510204
01303221,MECKLENBURG COUNTY,County government,NECK RD HUNTERSVILLE NC,HUNTERSVILLE,SINGLE FAMILY RESIDENTIAL,Single-family homes,0.023,1900,2,1,https://polaris3g.mecklenburgcountync.gov/?pid=01303221
12312402,CHARLOTTE MECKLENBURG HOSPITAL AUTHORITY,Hospital Authority (Atrium),1310 SCOTT AV CHARLOTTE NC,CHARLOTTE,OFFICE,Commercial & office,0.158,770600,2,1,https://polaris3g.mecklenburgcountync.gov/?pid=12312402
11134299,MECKLENBURG COUNTY,County government,8531 REEDY CREEK RD UNINC NC,MECKLENBURG COUNTY-UNINCORPORATED,ROADWAY CORRIDOR,"Public land, ROW & utility",0.103,1000,2,0,https://polaris3g.mecklenburgcountync.gov/?pid=11134299
15301230,CHARLOTTE MECKLENBURG HOSPITAL AUTHORITY,Hospital Authority (Atrium),1021 MOREHEAD MEDICAL DR CHARLOTTE NC,CHARLOTTE,OFFICE,Commercial & office,0.753,35376800,1,0,https://polaris3g.mecklenburgcountync.gov/?pid=15301230
06513104,MECKLENBURG COUNTY,County government,610 GALLAGHER ST CHARLOTTE NC,CHARLOTTE,SINGLE FAMILY RESIDENTIAL,Single-family homes,0.140,10000,1,0,https://polaris3g.mecklenburgcountync.gov/?pid=06513104
08002309,PUBLIC LIBRARY OF CHAR & MECK COUNTY,Library / ABC / Landmarks,301 N COLLEGE ST CHARLOTTE NC,CHARLOTTE,COMMERCIAL,Commercial & office,0.245,2912000,1,0,https://polaris3g.mecklenburgcountync.gov/?pid=08002309
15301232,CHARLOTTE MECKLENBURG HOSPITAL AUTHORITY,Hospital Authority (Atrium),1310 KENILWORTH AV CHARLOTTE NC,CHARLOTTE,HOSPITALS - PUBLIC,Institutional,1.022,16468500,1,0,https://polaris3g.mecklenburgcountync.gov/?pid=15301232
02713210,MECKLENBURG COUNTY ABC BOARD,Library / ABC / Landmarks,3401 DAVID COX RD CHARLOTTE NC,CHARLOTTE,COMMERCIAL,Commercial & office,1.768,2558400,1,1,https://polaris3g.mecklenburgcountync.gov/?pid=02713210
19933108,MECKLENBURG COUNTY,County government,15135 SOLDIER RD UNINC NC,MECKLENBURG COUNTY-UNINCORPORATED,SINGLE FAMILY RESIDENTIAL - ACREAGE,Single-family homes,5.066,517400,1,1,https://polaris3g.mecklenburgcountync.gov/?pid=19933108
08002412,PUBLIC LIBRARY OF CHARLOTTE & MECKLENBURG COUNTY,Library / ABC / Landmarks,300 E 7TH ST CHARLOTTE NC,CHARLOTTE,COMMERCIAL,Commercial & office,2.765,61198500,1,1,https://polaris3g.mecklenburgcountync.gov/?pid=08002412
04925401,MECKLENBURG COUNTY,County government,UNIVERSITY CITY BV CHARLOTTE NC,CHARLOTTE,100 YEAR FLOOD PLAIN - AC,"Vacant, floodplain & farm",0.828,113500,1,0,https://polaris3g.mecklenburgcountync.gov/?pid=04925401
12509502,MECKLENBURG COUNTY,County government,1127 E 4TH ST CHARLOTTE NC,CHARLOTTE,OTHER COUNTY PROPERTY,"Public land, ROW & utility",0.360,2364500,1,0,https://polaris3g.mecklenburgcountync.gov/?pid=12509502
20513202,MECKLENBURG COUNTY,County government,E WESTINGHOUSE BV CHARLOTTE NC,CHARLOTTE,OTHER COUNTY PROPERTY,"Public land, ROW & utility",10.906,769200,1,0,https://polaris3g.mecklenburgcountync.gov/?pid=20513202
06909337,MECKLENBURG COUNTY,County government,ESTELLE ST CHARLOTTE NC,CHARLOTTE,SINGLE FAMILY RESIDENTIAL,Single-family homes,1.602,320900,1,0,https://polaris3g.mecklenburgcountync.gov/?pid=06909337
08109511,MECKLENBURG COUNTY,County government,725 E 16TH ST CHARLOTTE NC,CHARLOTTE,GREENWAY TRAIL,"Public land, ROW & utility",2.040,162000,1,1,https://polaris3g.mecklenburgcountync.gov/?pid=08109511
08015303,MECKLENBURG COUNTY,County government,910 E 10TH ST CHARLOTTE NC,CHARLOTTE,OTHER COUNTY PROPERTY,"Public land, ROW & utility",0.098,215100,1,1,https://polaris3g.mecklenburgcountync.gov/?pid=08015303
02761105,CHARLOTTE-MECKLENBURG HISTORIC LANDMARKS COMMISSION,Library / ABC / Landmarks,11132 EASTFIELD RD CHARLOTTE NC,CHARLOTTE,SINGLE FAMILY RESIDENTIAL - ACREAGE,Single-family homes,2.548,556200,1,1,https://polaris3g.mecklenburgcountync.gov/?pid=02761105
06514109,MECKLENBURG COUNTY,County government,4017 BARLOWE RD CHARLOTTE NC,CHARLOTTE,SINGLE FAMILY RESIDENTIAL,Single-family homes,0.206,13500,1,0,https://polaris3g.mecklenburgcountync.gov/?pid=06514109
03722615,MECKLENBURG COUNTY,County government,WEST HOLLY VISTA DR CHARLOTTE NC,CHARLOTTE,MOBILE HOME SUBDIVISION,Single-family homes,1.194,20300,1,1,https://polaris3g.mecklenburgcountync.gov/?pid=03722615
19902103,MECKLENBURG COUNTY,County government,14700 YORK RD UNINC NC,MECKLENBURG COUNTY-UNINCORPORATED,SINGLE FAMILY RESIDENTIAL - ACREAGE,Single-family homes,19.536,1124500,1,0,https://polaris3g.mecklenburgcountync.gov/?pid=19902103
08306201,MECKLENBURG COUNTY,County government,800 CHARLES AV CHARLOTTE NC,CHARLOTTE,SINGLE FAMILY RESIDENTIAL,Single-family homes,0.629,419800,1,1,https://polaris3g.mecklenburgcountync.gov/?pid=08306201
22352106,CHARLOTTE MECKLENBURG BOARD OF EDUCATION,CMS (Board of Education),11425 ARDREY KELL RD UNINC NC,MECKLENBURG COUNTY-UNINCORPORATED,SCHOOL - PUBLIC,Institutional,14.053,17928000,1,0,https://polaris3g.mecklenburgcountync.gov/?pid=22352106
07901729,MECKLENBURG COUNTY,County government,1400 N GRAHAM ST CHARLOTTE NC,CHARLOTTE,SCHOOL - PUBLIC,Institutional,4.225,4455100,1,1,https://polaris3g.mecklenburgcountync.gov/?pid=07901729
17517803,MECKLENBURG COUNTY,County government,3021 MANOR RD CHARLOTTE NC,CHARLOTTE,GREENWAY TRAIL,"Public land, ROW & utility",0.298,630000,1,0,https://polaris3g.mecklenburgcountync.gov/?pid=17517803
15502718,CHARLOTTE MECKLENBURG HISTORIC LANDMARKS COMMISSION,Library / ABC / Landmarks,2100 RANDOLPH RD CHARLOTTE NC,CHARLOTTE,OFFICE,Commercial & office,0.232,763300,1,1,https://polaris3g.mecklenburgcountync.gov/?pid=15502718
04542110,MECKLENBURG COUNTY,County government,6100 STATESVILLE RD CHARLOTTE NC,CHARLOTTE,OTHER COUNTY PROPERTY,"Public land, ROW & utility",1.138,27900,1,0,https://polaris3g.mecklenburgcountync.gov/?pid=04542110
02322202,MECKLENBURG COUNTY,County government,11704 ARTHUR AUTEN RD UNINC NC,MECKLENBURG COUNTY-UNINCORPORATED,SINGLE FAMILY RESIDENTIAL - ACREAGE,Single-family homes,4.786,246600,1,0,https://polaris3g.mecklenburgcountync.gov/?pid=02322202
21912206,THE CHARLOTTE MECKLENBURG HOSPITAL AUTHORITY,Hospital Authority (Atrium),13225 S TRYON ST CHARLOTTE NC,CHARLOTTE,FIRE DEPARTMENT,Institutional,0.837,1238100,1,0,https://polaris3g.mecklenburgcountync.gov/?pid=21912206
22325301,CHARLOTTE MECKLENBURG BOARD OF EDUCATION,CMS (Board of Education),9100 CARSWELL LN CHARLOTTE NC,CHARLOTTE,SCHOOL - PUBLIC,Institutional,15.307,14019700,1,1,https://polaris3g.mecklenburgcountync.gov/?pid=22325301
06108108,CHARLOTTE MECKLENBURG BOARD OF EDUCATION,CMS (Board of Education),DENVER AV CHARLOTTE NC,CHARLOTTE,INDUSTRIAL,Industrial & warehouse,0.350,52500,1,0,https://polaris3g.mecklenburgcountync.gov/?pid=06108108
08002108,MECKLENBURG COUNTY,County government,315 E 7TH ST CHARLOTTE NC,CHARLOTTE,OTHER COUNTY PROPERTY,"Public land, ROW & utility",2.519,25106800,1,1,https://polaris3g.mecklenburgcountync.gov/?pid=08002108
06513204,MECKLENBURG COUNTY,County government,604 LAKEWOOD AV CHARLOTTE NC,CHARLOTTE,SINGLE FAMILY RESIDENTIAL,Single-family homes,1.049,135000,1,0,https://polaris3g.mecklenburgcountync.gov/?pid=06513204
10803114,CHARLOTTE MECKLENBURG BOARD OF EDUCATION,CMS (Board of Education),HARRISBURG RD CHARLOTTE NC,CHARLOTTE,OTHER MUNICIPAL,"Public land, ROW & utility",0.441,90000,1,0,https://polaris3g.mecklenburgcountync.gov/?pid=10803114
22914401,CHARLOTTE MECKLENBURG BOARD OF EDUCATION,CMS (Board of Education),BALLANTYNE COMMONS PY CHARLOTTE NC,CHARLOTTE,SCHOOL - PUBLIC,Institutional,1.835,550300,1,0,https://polaris3g.mecklenburgcountync.gov/?pid=22914401
09931120,PUBLIC LIBRARY OF CHARLOTTE & MECKLENBURG COUNTY,Library / ABC / Landmarks,5935 HICKORY GROVE RD CHARLOTTE NC,CHARLOTTE,OTHER MUNICIPAL,"Public land, ROW & utility",1.537,5129900,1,1,https://polaris3g.mecklenburgcountync.gov/?pid=09931120
03901222,MECKLENBURG COUNTY ABC BOARD,Library / ABC / Landmarks,4020 BROOKSHIRE BV CHARLOTTE NC,CHARLOTTE,OTHER MUNICIPAL,"Public land, ROW & utility",1.044,2047400,1,1,https://polaris3g.mecklenburgcountync.gov/?pid=03901222
01926196,CHARLOTTE MECKLENBURG BOARD OF EDUCATION,CMS (Board of Education),HUNTERSVILLE-CONCORD RD UNINC NC,MECKLENBURG COUNTY-UNINCORPORATED,SINGLE FAMILY RESIDENTIAL - ACREAGE,Single-family homes,0.099,19600,1,0,https://polaris3g.mecklenburgcountync.gov/?pid=01926196
07321201,MECKLENBURG COUNTY,County government,1101 GROVE ST CHARLOTTE NC,CHARLOTTE,FLUM/SWIM FLOODWAY (NO BUILD ZONE),"Vacant, floodplain & farm",0.544,303800,1,0,https://polaris3g.mecklenburgcountync.gov/?pid=07321201
14505110,MECKLENBURG COUNTY,County government,3329 GRIFFITH ST CHARLOTTE NC,CHARLOTTE,SCHOOL - PUBLIC,Institutional,0.114,101900,1,0,https://polaris3g.mecklenburgcountync.gov/?pid=14505110
20107227,PUBLIC LIBRARY OF CHARLOTTE AND MECKLENBURG COUNTY,Library / ABC / Landmarks,STEELE CREEK PLACE DR UNINC NC,MECKLENBURG COUNTY-UNINCORPORATED,OTHER COUNTY PROPERTY,"Public land, ROW & utility",5.003,905900,1,1,https://polaris3g.mecklenburgcountync.gov/?pid=20107227
13324201,MECKLENBURG COUNTY,County government,4939 IDLEWILD RD CHARLOTTE NC,CHARLOTTE,OFFICE,Commercial & office,0.806,219800,1,0,https://polaris3g.mecklenburgcountync.gov/?pid=13324201
06301304,MECKLENBURG COUNTY,County government,3801 GOSSETT AV CHARLOTTE NC,CHARLOTTE,OTHER MUNICIPAL,"Public land, ROW & utility",4.523,241400,1,0,https://polaris3g.mecklenburgcountync.gov/?pid=06301304
06909631,MECKLENBURG COUNTY,County government,CAMPUS ST CHARLOTTE NC,CHARLOTTE,"WASTELAND, SLIVERS, GULLIES, ROCK OUTCROP","Vacant, floodplain & farm",0.038,100,1,0,https://polaris3g.mecklenburgcountync.gov/?pid=06909631
10304149,MECKLENBURG COUNTY,County government,8128 EASTLAND YARDS BV CHARLOTTE NC,CHARLOTTE,COMMERCIAL,Commercial & office,4.544,1376500,1,1,https://polaris3g.mecklenburgcountync.gov/?pid=10304149
06513202,MECKLENBURG COUNTY,County government,628 LAKEWOOD AV CHARLOTTE NC,CHARLOTTE,SINGLE FAMILY RESIDENTIAL,Single-family homes,0.781,56300,1,0,https://polaris3g.mecklenburgcountync.gov/?pid=06513202
04735106,MECKLENBURG COUNTY,County government,9501 DAVID TAYLOR DR CHARLOTTE NC,CHARLOTTE,"SCHOOL,COLLEGE, PRIVATE",Institutional,5.573,2807900,1,0,https://polaris3g.mecklenburgcountync.gov/?pid=04735106
06907709,MECKLENBURG COUNTY,County government,3041 CELIA AV CHARLOTTE NC,CHARLOTTE,SINGLE FAMILY RESIDENTIAL,Single-family homes,0.146,11400,1,0,https://polaris3g.mecklenburgcountync.gov/?pid=06907709
08310210,CHARLOTTE MECKLENBURG BOARD OF EDUCATION,CMS (Board of Education),1129 CATAWBA AV CHARLOTTE NC,CHARLOTTE,SCHOOL - PUBLIC,Institutional,0.212,663200,1,0,https://polaris3g.mecklenburgcountync.gov/?pid=08310210
12503101,MECKLENBURG COUNTY,County government,800 E 4TH ST CHARLOTTE NC,CHARLOTTE,OTHER COUNTY PROPERTY,"Public land, ROW & utility",6.985,172302500,1,1,https://polaris3g.mecklenburgcountync.gov/?pid=12503101
01946184,MECKLENBURG COUNTY,County government,VANGUARD PY HUNTERSVILLE NC,HUNTERSVILLE,SINGLE FAMILY RESIDENTIAL - ACREAGE,Single-family homes,9.456,721700,1,1,https://polaris3g.mecklenburgcountync.gov/?pid=01946184
21516301,MECKLENBURG COUNTY,County government,3024 MATTHEWS-MINT HILL RD MATTHEWS NC,MATTHEWS,SINGLE FAMILY RESIDENTIAL - ACREAGE,Single-family homes,1.637,239700,1,0,https://polaris3g.mecklenburgcountync.gov/?pid=21516301
14327203,MECKLENBURG COUNTY,County government,2301 YORKMONT RD CHARLOTTE NC,CHARLOTTE,100 YEAR FLOOD PLAIN - AC,"Vacant, floodplain & farm",10.073,222200,1,1,https://polaris3g.mecklenburgcountync.gov/?pid=14327203
12308101,MECKLENBURG COUNTY,County government,1501 EUCLID AV CHARLOTTE NC,CHARLOTTE,REC AREA,"Public land, ROW & utility",3.894,14215500,1,0,https://polaris3g.mecklenburgcountync.gov/?pid=12308101
12510305,MECKLENBURG COUNTY,County government,1423 E 4TH ST CHARLOTTE NC,CHARLOTTE,COMMERCIAL,Commercial & office,1.203,12925000,1,1,https://polaris3g.mecklenburgcountync.gov/?pid=12510305
09509320,MECKLENBURG COUNTY,County government,2825 CENTRAL AV CHARLOTTE NC,CHARLOTTE,COMMERCIAL,Commercial & office,0.252,540100,1,1,https://polaris3g.mecklenburgcountync.gov/?pid=09509320
22101101,MECKLENBURG COUNTY,County government,ROCK HILL-PINEVILLE RD PINEVILLE NC,PINEVILLE,INDUSTRIAL,Industrial & warehouse,2.167,222300,1,0,https://polaris3g.mecklenburgcountync.gov/?pid=22101101
08015301,MECKLENBURG COUNTY,County government,STEVENS ST CHARLOTTE NC,CHARLOTTE,OTHER COUNTY PROPERTY,"Public land, ROW & utility",0.046,10000,1,1,https://polaris3g.mecklenburgcountync.gov/?pid=08015301
07321330,MECKLENBURG COUNTY,County government,1001 W 4TH ST CHARLOTTE NC,CHARLOTTE,SINGLE FAMILY RESIDENTIAL,Single-family homes,0.560,648000,1,1,https://polaris3g.mecklenburgcountync.gov/?pid=07321330
06701408,MECKLENBURG COUNTY,County government,2145 SUTTLE AV CHARLOTTE NC,CHARLOTTE,OTHER COUNTY PROPERTY,"Public land, ROW & utility",9.934,23156300,1,1,https://polaris3g.mecklenburgcountync.gov/?pid=06701408
23109307,MECKLENBURG COUNTY,County government,4409 WEDDINGTON RD CHARLOTTE NC,CHARLOTTE,SINGLE FAMILY RESIDENTIAL - ACREAGE,Single-family homes,0.226,63300,1,1,https://polaris3g.mecklenburgcountync.gov/?pid=23109307
04542102,MECKLENBURG COUNTY,County government,6100 STATESVILLE RD CHARLOTTE NC,CHARLOTTE,OTHER COUNTY PROPERTY,"Public land, ROW & utility",17.060,943800,1,0,https://polaris3g.mecklenburgcountync.gov/?pid=04542102
04933604,MECKLENBURG COUNTY,County government,E MCCULLOUGH DR CHARLOTTE NC,CHARLOTTE,OFFICE,Commercial & office,0.631,655700,1,1,https://polaris3g.mecklenburgcountync.gov/?pid=04933604
08015201,MECKLENBURG COUNTY,County government,601 SEIGLE AV CHARLOTTE NC,CHARLOTTE,OTHER COUNTY PROPERTY,"Public land, ROW & utility",0.017,2400,1,0,https://polaris3g.mecklenburgcountync.gov/?pid=08015201
08017212,MECKLENBURG COUNTY,County government,1204 E 7TH ST CHARLOTTE NC,CHARLOTTE,COMMERCIAL,Commercial & office,0.258,1891200,1,0,https://polaris3g.mecklenburgcountync.gov/?pid=08017212
05324201,MECKLENBURG COUNTY,County government,9807 MOORES CHAPEL LP UNINC NC,MECKLENBURG COUNTY-UNINCORPORATED,COMMERCIAL,Commercial & office,0.120,23100,1,1,https://polaris3g.mecklenburgcountync.gov/?pid=05324201
01742106,CHARLOTTE MECKLENBURG HOSPITAL AUTHORITY,Hospital Authority (Atrium),OLD STATESVILLE RD HUNTERSVILLE NC,HUNTERSVILLE,OTHER MUNICIPAL,"Public land, ROW & utility",1.922,294900,1,1,https://polaris3g.mecklenburgcountync.gov/?pid=01742106
01747172,MECKLENBURG COUNTY,County government,GILEAD RD HUNTERSVILLE NC,HUNTERSVILLE,100 YEAR FLOOD PLAIN - AC,"Vacant, floodplain & farm",0.516,7900,1,0,https://polaris3g.mecklenburgcountync.gov/?pid=01747172
02930196,MECKLENBURG COUNTY,County government,4415 RIDGE RD CHARLOTTE NC,CHARLOTTE,SINGLE FAMILY RESIDENTIAL - ACREAGE,Single-family homes,0.276,33400,1,0,https://polaris3g.mecklenburgcountync.gov/?pid=02930196
15302413,CHARLOTTE MECKLENBURG HOSPITAL AUTHORITY,Hospital Authority (Atrium),1719 FOUNTAIN VIEW CHARLOTTE NC,CHARLOTTE,OFFICE,Commercial & office,0.269,655800,1,1,https://polaris3g.mecklenburgcountync.gov/?pid=15302413
08002306,MECKLENBURG COUNTY,County government,300 N TRYON ST CHARLOTTE NC,CHARLOTTE,OTHER MUNICIPAL,"Public land, ROW & utility",0.107,1273800,1,0,https://polaris3g.mecklenburgcountync.gov/?pid=08002306
15301234,CHARLOTTE MECKLENBURG HOSPITAL AUTHORITY,Hospital Authority (Atrium),KENILWORTH AV CHARLOTTE NC,CHARLOTTE,OFFICE,Commercial & office,0.331,1427900,1,0,https://polaris3g.mecklenburgcountync.gov/?pid=15301234
03147110,MECKLENBURG COUNTY,County government,1530 LAKE DR UNINC NC,MECKLENBURG COUNTY-UNINCORPORATED,SINGLE FAMILY RESIDENTIAL,Single-family homes,0.976,64400,1,0,https://polaris3g.mecklenburgcountync.gov/?pid=03147110
06513105,MECKLENBURG COUNTY,County government,530 GALLAGHER ST CHARLOTTE NC,CHARLOTTE,FLUM/SWIM FLOODWAY (NO BUILD ZONE),"Vacant, floodplain & farm",0.318,30000,1,0,https://polaris3g.mecklenburgcountync.gov/?pid=06513105
09711148,MECKLENBURG COUNTY,County government,STITT RD CHARLOTTE NC,CHARLOTTE,OTHER COUNTY PROPERTY,"Public land, ROW & utility",1.480,,1,0,https://polaris3g.mecklenburgcountync.gov/?pid=09711148
12509602,MECKLENBURG COUNTY,County government,E 4TH ST CHARLOTTE NC,CHARLOTTE,OTHER COUNTY PROPERTY,"Public land, ROW & utility",0.283,1904900,1,0,https://polaris3g.mecklenburgcountync.gov/?pid=12509602
22756102,MECKLENBURG COUNTY ABC BOARD,Library / ABC / Landmarks,3124 WEDDINGTON RD CHARLOTTE NC,CHARLOTTE,COMMERCIAL,Commercial & office,1.040,1866100,1,1,https://polaris3g.mecklenburgcountync.gov/?pid=22756102
10801324,CHARLOTTE MECKLENBURG BOARD OF EDUCATION,CMS (Board of Education),6300 HIGHLAND AV CHARLOTTE NC,CHARLOTTE,SCHOOL - PUBLIC,Institutional,11.552,3797800,1,0,https://polaris3g.mecklenburgcountync.gov/?pid=10801324
02934234,MECKLENBURG COUNTY,County government,2550 POLK AND WHITE RD CHARLOTTE NC,CHARLOTTE,SINGLE FAMILY RESIDENTIAL,Single-family homes,0.541,23000,1,0,https://polaris3g.mecklenburgcountync.gov/?pid=02934234
12903410,MECKLENBURG COUNTY,County government,2636 COMMONWEALTH AV CHARLOTTE NC,CHARLOTTE,SINGLE FAMILY RESIDENTIAL,Single-family homes,0.157,227500,1,1,https://polaris3g.mecklenburgcountync.gov/?pid=12903410
01741117,MECKLENBURG COUNTY CHRONIC DISEASE,County government,12105 VERHOEFF DR HUNTERSVILLE NC,HUNTERSVILLE,OTHER COUNTY PROPERTY,"Public land, ROW & utility",1.564,1841400,1,1,https://polaris3g.mecklenburgcountync.gov/?pid=01741117
08112810,MECKLENBURG COUNTY,County government,1120 HARRILL ST CHARLOTTE NC,CHARLOTTE,REC AREA,"Public land, ROW & utility",0.195,350000,1,1,https://polaris3g.mecklenburgcountync.gov/?pid=08112810
07114338,MECKLENBURG COUNTY,County government,2537 ROZZELLES FERRY RD CHARLOTTE NC,CHARLOTTE,INDUSTRIAL,Industrial & warehouse,0.759,445000,1,0,https://polaris3g.mecklenburgcountync.gov/?pid=07114338
19102206,CHARLOTTE MECKLENBURG PUBLIC LIBRARY,Library / ABC / Landmarks,6000 CONFERENCE DR CHARLOTTE NC,CHARLOTTE,OTHER COUNTY PROPERTY,"Public land, ROW & utility",3.891,5257800,1,1,https://polaris3g.mecklenburgcountync.gov/?pid=19102206
08017601,MECKLENBURG COUNTY,County government,E 7TH ST CHARLOTTE NC,CHARLOTTE,OTHER COUNTY PROPERTY,"Public land, ROW & utility",0.800,5196400,1,1,https://polaris3g.mecklenburgcountync.gov/?pid=08017601
22353119,THE CHARLOTTE MECKLENBURG HOSPITAL AUTHORITY,Hospital Authority (Atrium),16035 JOHNSTON RD CHARLOTTE NC,CHARLOTTE,COMMERCIAL,Commercial & office,1.518,4528600,1,1,https://polaris3g.mecklenburgcountync.gov/?pid=22353119
14508201,MECKLENBURG COUNTY,County government,REVOLUTION PARK DR CHARLOTTE NC,CHARLOTTE,GOLF COURSE CLASS 4 - MINIMUM QUALITY,Commercial & office,0.866,130200,1,0,https://polaris3g.mecklenburgcountync.gov/?pid=14508201
08019201,MECKLENBURG COUNTY,County government,1418 ARMORY DR CHARLOTTE NC,CHARLOTTE,OTHER COUNTY PROPERTY,"Public land, ROW & utility",14.986,65089900,1,1,https://polaris3g.mecklenburgcountync.gov/?pid=08019201
14503101,MECKLENBURG COUNTY,County government,921 REMOUNT RD CHARLOTTE NC,CHARLOTTE,GOLF COURSE CLASS 4 - MINIMUM QUALITY,Commercial & office,4.311,883000,1,0,https://polaris3g.mecklenburgcountync.gov/?pid=14503101
08315401,MECKLENBURG COUNTY,County government,3020 CLEMSON AV CHARLOTTE NC,CHARLOTTE,SINGLE FAMILY RESIDENTIAL,Single-family homes,0.909,438800,1,1,https://polaris3g.mecklenburgcountync.gov/?pid=08315401
06907706,MECKLENBURG COUNTY,County government,CELIA AV CHARLOTTE NC,CHARLOTTE,SINGLE FAMILY RESIDENTIAL,Single-family homes,0.278,36200,1,1,https://polaris3g.mecklenburgcountync.gov/?pid=06907706
14517201,MECKLENBURG COUNTY,County government,LESTER ST CHARLOTTE NC,CHARLOTTE,SINGLE FAMILY RESIDENTIAL,Single-family homes,0.327,35000,1,0,https://polaris3g.mecklenburgcountync.gov/?pid=14517201
06708301,CHARLOTTE MECKLENBURG BOARD OF EDUCATION,CMS (Board of Education),CAMP GREENE ST CHARLOTTE NC,CHARLOTTE,SINGLE FAMILY RESIDENTIAL - ACREAGE,Single-family homes,1.241,444000,1,0,https://polaris3g.mecklenburgcountync.gov/?pid=06708301
01704218,MECKLENBURG COUNTY,County government,10801 ALEXANDRIANA RD HUNTERSVILLE NC,HUNTERSVILLE,INDUSTRIAL,Industrial & warehouse,1.272,250500,1,0,https://polaris3g.mecklenburgcountync.gov/?pid=01704218
02330101,MECKLENBURG COUNTY,County government,11840 MOUNTAIN ISLAND BROOK LN UNINC NC,MECKLENBURG COUNTY-UNINCORPORATED,SINGLE FAMILY RESIDENTIAL - WATERFRONT,Single-family homes,3.572,1124800,1,0,https://polaris3g.mecklenburgcountync.gov/?pid=02330101
01323104,MECKLENBURG COUNTY,County government,4431 NECK RD HUNTERSVILLE NC,HUNTERSVILLE,SINGLE FAMILY RESIDENTIAL - ACREAGE,Single-family homes,1.670,1026100,1,0,https://polaris3g.mecklenburgcountync.gov/?pid=01323104
05324205,MECKLENBURG COUNTY,County government,10031 MOORES CHAPEL LP UNINC NC,MECKLENBURG COUNTY-UNINCORPORATED,COMMERCIAL,Commercial & office,0.210,27200,1,1,https://polaris3g.mecklenburgcountync.gov/?pid=05324205
01747171,MECKLENBURG COUNTY,County government,GILEAD RD HUNTERSVILLE NC,HUNTERSVILLE,SINGLE FAMILY RESIDENTIAL - ACREAGE,Single-family homes,3.135,68800,1,0,https://polaris3g.mecklenburgcountync.gov/?pid=01747171
02947101,CHARLOTTE MECKLENBURG BOARD OF EDUCATION,CMS (Board of Education),6025 SHELLEY AV CHARLOTTE NC,CHARLOTTE,SCHOOL - PUBLIC,Institutional,26.193,1182200,1,0,https://polaris3g.mecklenburgcountync.gov/?pid=02947101
12308104,MECKLENBURG COUNTY,County government,EUCLID AV CHARLOTTE NC,CHARLOTTE,REC AREA,"Public land, ROW & utility",1.705,6118900,1,0,https://polaris3g.mecklenburgcountync.gov/?pid=12308104
17118425,MECKLENBURG COUNTY,County government,2225 TYVOLA RD CHARLOTTE NC,CHARLOTTE,OTHER COUNTY PROPERTY,"Public land, ROW & utility",4.499,5317700,1,0,https://polaris3g.mecklenburgcountync.gov/?pid=17118425
14512512,MECKLENBURG COUNTY,County government,1520 CLANTON RD CHARLOTTE NC,CHARLOTTE,OTHER COUNTY PROPERTY,"Public land, ROW & utility",0.891,2036500,1,0,https://polaris3g.mecklenburgcountync.gov/?pid=14512512
04511208,MECKLENBURG COUNTY,County government,N GRAHAM ST CHARLOTTE NC,CHARLOTTE,PVT Owned RR with Rail ROW,"Public land, ROW & utility",0.069,100,1,1,https://polaris3g.mecklenburgcountync.gov/?pid=04511208
01705109,MECKLENBURG COUNTY,County government,11001 OLD STATESVILLE RD HUNTERSVILLE NC,HUNTERSVILLE,SCHOOL - PUBLIC,Institutional,0.659,376200,1,0,https://polaris3g.mecklenburgcountync.gov/?pid=01705109
02314103,MECKLENBURG COUNTY,County government,5225 SAMPLE RD UNINC NC,MECKLENBURG COUNTY-UNINCORPORATED,SINGLE FAMILY RESIDENTIAL - ACREAGE,Single-family homes,2.988,1163500,1,0,https://polaris3g.mecklenburgcountync.gov/?pid=02314103
22911202,MECKLENBURG COUNTY,County government,11833 TOM SHORT RD CHARLOTTE NC,CHARLOTTE,GREENWAY TRAIL,"Public land, ROW & utility",42.220,10730400,1,1,https://polaris3g.mecklenburgcountync.gov/?pid=22911202
17124132,MECKLENBURG COUNTY,County government,TYVOLA RD CHARLOTTE NC,CHARLOTTE,OTHER COUNTY PROPERTY,"Public land, ROW & utility",0.001,100,1,1,https://polaris3g.mecklenburgcountync.gov/?pid=17124132
08109819,MECKLENBURG COUNTY,County government,800 E 16TH ST CHARLOTTE NC,CHARLOTTE,REC AREA,"Public land, ROW & utility",0.156,350000,1,0,https://polaris3g.mecklenburgcountync.gov/?pid=08109819
06907324,MECKLENBURG COUNTY,County government,3320 RENO AV CHARLOTTE NC,CHARLOTTE,OTHER COUNTY PROPERTY,"Public land, ROW & utility",0.159,66500,1,0,https://polaris3g.mecklenburgcountync.gov/?pid=06907324
19933113,MECKLENBURG COUNTY,County government,15130 SOLDIER RD UNINC NC,MECKLENBURG COUNTY-UNINCORPORATED,SINGLE FAMILY RESIDENTIAL - ACREAGE,Single-family homes,8.675,454100,1,1,https://polaris3g.mecklenburgcountync.gov/?pid=19933113
00542108,CHARLOTTE-MECKLENBURG HOSPITAL AUTHORITY,Hospital Authority (Atrium),BAILEY RD CORNELIUS NC,CORNELIUS,HOSPITALS - PUBLIC,Institutional,0.451,176400,1,1,https://polaris3g.mecklenburgcountync.gov/?pid=00542108
04923151,CHARLOTTE MECKLENBURG BOARD OF EDUCATION,CMS (Board of Education),431 W ROCKY RIVER RD CHARLOTTE NC,CHARLOTTE,SINGLE FAMILY RESIDENTIAL - ACREAGE,Single-family homes,1.201,138500,1,0,https://polaris3g.mecklenburgcountync.gov/?pid=04923151
09109801,CHARLOTTE MECKLENBURG BOARD OF EDUCATION,CMS (Board of Education),1000 ANDERSON ST CHARLOTTE NC,CHARLOTTE,SCHOOL - PUBLIC,Institutional,5.356,12029000,0,0,https://polaris3g.mecklenburgcountync.gov/?pid=09109801
15504501,MECKLENBURG COUNTY,County government,9010 EDGEHILL RD CHARLOTTE NC,CHARLOTTE,SINGLE FAMILY RESIDENTIAL,Single-family homes,5.372,16225600,0,0,https://polaris3g.mecklenburgcountync.gov/?pid=15504501
22309131,MECKLENBURG COUNTY,County government,15425 SCHOLASTIC DR CHARLOTTE NC,CHARLOTTE,SCHOOL - PUBLIC,Institutional,6.848,14927800,0,0,https://polaris3g.mecklenburgcountync.gov/?pid=22309131
12509503,MECKLENBURG COUNTY,County government,1131 E 4TH ST CHARLOTTE NC,CHARLOTTE,OTHER COUNTY PROPERTY,"Public land, ROW & utility",0.696,5134100,0,0,https://polaris3g.mecklenburgcountync.gov/?pid=12509503
12703416,MECKLENBURG COUNTY,County government,2101 PARK DR CHARLOTTE NC,CHARLOTTE,REC AREA,"Public land, ROW & utility",6.095,14526200,0,0,https://polaris3g.mecklenburgcountync.gov/?pid=12703416
04921182,MECKLENBURG COUNTY,County government,6150 MCDANIEL LN CHARLOTTE NC,CHARLOTTE,OTHER COUNTY PROPERTY,"Public land, ROW & utility",2.240,252000,0,0,https://polaris3g.mecklenburgcountync.gov/?pid=04921182
03906201,MECKLENBURG COUNTY,County government,2845 BEATTIES FORD RD CHARLOTTE NC,CHARLOTTE,OFFICE,Commercial & office,7.346,8119700,0,0,https://polaris3g.mecklenburgcountync.gov/?pid=03906201
06513206,MECKLENBURG COUNTY,County government,625 GALLAGHER ST CHARLOTTE NC,CHARLOTTE,SINGLE FAMILY RESIDENTIAL,Single-family homes,0.694,56300,0,0,https://polaris3g.mecklenburgcountync.gov/?pid=06513206
15502903,MECKLENBURG COUNTY,County government,219 PROVIDENCE RD CHARLOTTE NC,CHARLOTTE,OTHER COUNTY PROPERTY,"Public land, ROW & utility",2.493,4077100,0,0,https://polaris3g.mecklenburgcountync.gov/?pid=15502903
00715234,CHARLOTTE MECKLENBURG BOARD OF EDUCATION,CMS (Board of Education),BAILEY RD CORNELIUS NC,CORNELIUS,SINGLE FAMILY RESIDENTIAL - ACREAGE,Single-family homes,0.159,18300,0,0,https://polaris3g.mecklenburgcountync.gov/?pid=00715234
02315165,MECKLENBURG COUNTY,County government,HAYMARKET RD UNINC NC,MECKLENBURG COUNTY-UNINCORPORATED,SINGLE FAMILY RESIDENTIAL - ACREAGE,Single-family homes,1.052,102100,0,0,https://polaris3g.mecklenburgcountync.gov/?pid=02315165
00508326,CHARLOTTE-MECKLENBURG HOSPITAL AUTHORITY,Hospital Authority (Atrium),1130 TREE OF LIFE LN CORNELIUS NC,CORNELIUS,HOSPITALS - PUBLIC,Institutional,27.544,101813000,0,0,https://polaris3g.mecklenburgcountync.gov/?pid=00508326
12503201,MECKLENBURG COUNTY,County government,700 E TRADE ST CHARLOTTE NC,CHARLOTTE,OTHER COUNTY PROPERTY,"Public land, ROW & utility",6.919,139997100,0,0,https://polaris3g.mecklenburgcountync.gov/?pid=12503201
12509401,MECKLENBURG COUNTY,County government,1129 E 3RD ST CHARLOTTE NC,CHARLOTTE,OTHER COUNTY PROPERTY,"Public land, ROW & utility",3.329,27037500,0,0,https://polaris3g.mecklenburgcountync.gov/?pid=12509401
07840801,MECKLENBURG COUNTY,County government,920 ANDRILL TR CHARLOTTE NC,CHARLOTTE,SINGLE FAMILY RESIDENTIAL,Single-family homes,1.178,42000,0,0,https://polaris3g.mecklenburgcountync.gov/?pid=07840801
08003101,MECKLENBURG COUNTY,County government,700 N TRYON ST CHARLOTTE NC,CHARLOTTE,OFFICE,Commercial & office,4.417,44134400,0,0,https://polaris3g.mecklenburgcountync.gov/?pid=08003101
11911601,MECKLENBURG COUNTY,County government,2001 REVOLUTION PARK DR CHARLOTTE NC,CHARLOTTE,OTHER COUNTY PROPERTY,"Public land, ROW & utility",2.241,645300,0,0,https://polaris3g.mecklenburgcountync.gov/?pid=11911601
07834301,MECKLENBURG COUNTY,County government,500 ANDRILL TR CHARLOTTE NC,CHARLOTTE,REC AREA,"Public land, ROW & utility",3.221,872300,0,0,https://polaris3g.mecklenburgcountync.gov/?pid=07834301
09312101,MECKLENBURG COUNTY,County government,2545 JEFF ST CHARLOTTE NC,CHARLOTTE,REC AREA,"Public land, ROW & utility",2.216,583700,0,0,https://polaris3g.mecklenburgcountync.gov/?pid=09312101
06513103,MECKLENBURG COUNTY,County government,620 GALLAGHER ST CHARLOTTE NC,CHARLOTTE,SINGLE FAMILY RESIDENTIAL,Single-family homes,0.503,25000,0,0,https://polaris3g.mecklenburgcountync.gov/?pid=06513103
12311401,MECKLENBURG COUNTY,County government,601 E PARK AV CHARLOTTE NC,CHARLOTTE,REC AREA,"Public land, ROW & utility",15.812,38708100,0,0,https://polaris3g.mecklenburgcountync.gov/?pid=12311401
02931133,MECKLENBURG COUNTY ABC BOARD,Library / ABC / Landmarks,5715 PROSPERITY CHURCH RD CHARLOTTE NC,CHARLOTTE,COMMERCIAL,Commercial & office,1.561,3157000,0,0,https://polaris3g.mecklenburgcountync.gov/?pid=02931133
00507188,MECKLENBURG COUNTY,County government,WEST CATAWBA AV CORNELIUS NC,CORNELIUS,OTHER COUNTY PROPERTY,"Public land, ROW & utility",7.952,626400,0,0,https://polaris3g.mecklenburgcountync.gov/?pid=00507188
03722622,MECKLENBURG COUNTY,County government,5211 WEST HOLLY VISTA DR CHARLOTTE NC,CHARLOTTE,MOBILE HOME SUBDIVISION,Single-family homes,0.551,6200,0,0,https://polaris3g.mecklenburgcountync.gov/?pid=03722622
